Sale_ID,Sale_Date,Vehicle_ID,Dealer_ID,Customer_ID,State,Condition_Score,Odometer_KM,MMR_Value,Discount,Selling_Price
S00001,2023-02-05,V1057,D031,C00502,Delhi,8,110308.0,819000.0,145200.0,775000
S00002,2023-05-13,V1326,D031,C01876,West Bengal,8,78416.0,797900.0,116200.0,710000
S00003,2023-02-14,V1482,D027,C01829,West Bengal,8,62732.0,2004000.0,203200.0,1962000
S00004,2022-08-07,V1434,D014,C01654,Tamil Nadu,8,77257.0,961800.0,33300.0,926000
S00005,2022-08-12,V1138,D003,C01484,Kerala,10,65904.0,1206400.0,39900.0,1251000
S00006,2022-09-30,V1227,D016,C00170,KARNATAKA,9,63528.0,1484300.0,123400.0,1330000
S00007,2023-11-01,V1266,D019,C01721,Rajasthan,9,93124.0,306700.0,35800.0,273000
S00008,2024-02-15,V1124,D017,C00370,Tamil Nadu,7,43355.0,1940100.0,235700.0,1819000
S00009,2022-01-24,V1135,D017,C01669,Gujarat,10,57558.0,981500.0,2600.0,1015000
S00010,2025-05-21,V1119,D015,C02469,Maharashtra,7,79110.0,1279800.0,69200.0,1148000
S00011,2024-09-14,V1498,D039,C00092,Telangana,8,62496.0,1380100.0,25700.0,1415000
S00012,2022-04-14,V1374,D022,C00032,Delhi,6,70246.0,316900.0,3300.0,335000
S00013,2025-05-16,V1421,D029,C01462,Karnataka,6,65151.0,1117400.0,75600.0,956000
S00014,2022-02-14,V1409,D009,C01197,Karnataka,6,93085.0,1377800.0,150200.0,1368000
S00015,2024-03-29,V1480,D013,C01568,Rajasthan,8,37819.0,1264600.0,19900.0,1238000
S00016,2023-11-11,V1053,D006,C01850,Karnataka,8,119530.0,393700.0,37000.0,333000
S00017,2024-01-04,V1441,D033,C00430,Rajasthan,6,85256.0,1159400.0,3200.0,1159000
S00018,2025-10-28,V1034,D037,C00767,Rajasthan,6,93357.0,826200.0,159300.0,727000
S00019,2025-09-16,V1238,D036,C01014,Maharashtra,5,68796.0,1009000.0,48300.0,917000
S00020,2023-02-12,V1298,D026,C01664,Kerala,6,95359.0,329600.0,30300.0,294000
S00021,2024-04-26,V1179,D006,C02434,Tamil Nadu,5,90763.0,792600.0,90900.0,695000
S00022,2025-11-02,V1074,D024,C00180,Rajasthan,8,74300.0,1335800.0,133600.0,1335000
S00023,2024-11-30,V1097,D036,C01990,Kerala,9,110320.0,345400.0,38800.0,271000
S00024,2025-07-20,V1413,D021,C00745,Karnataka,5,91475.0,664500.0,31800.0,691000
S00025,2023-09-28,V1160,D015,C01593,Gujarat,8,49753.0,1840200.0,210100.0,1630000
S00026,2023-02-18,V1156,D012,C00144,Telangana,6,61675.0,714200.0,19000.0,653000
S00027,2024-01-17,V1462,D013,C01379,Delhi,6,52427.0,737100.0,25100.0,782000
S00028,2025-04-08,V1072,D032,C01131,West Bengal,5,37446.0,1186700.0,78400.0,1134000
S00029,2025-09-18,V1458,D017,C02344,Karnataka,8,71027.0,1536000.0,96200.0,1402000
S00030,2024-09-29,V1461,D007,C01938,Telangana,6,63509.0,1084600.0,101500.0,1078000
S00031,2024-10-29,V1300,D011,C02436,Delhi,8,62268.0,400200.0,51800.0,353000
S00032,2024-01-18,V1083,D008,C00086,Uttar Pradesh,9,85179.0,436600.0,40000.0,413000
S00033,2023-04-12,V1078,D001,C00975,Telangana,8,58513.0,1738600.0,148700.0,1585000
S00034,2023-09-10,V1143,D021,C01982,Telangana,10,61884.0,1368700.0,81400.0,1339000
S00035,2023-12-29,V1289,D033,C02027,Karnataka,10,121527.0,260900.0,43300.0,211000
S00036,2025-04-06,V1077,D001,C01285,Uttar Pradesh,8,90629.0,775700.0,58200.0,698000
S00037,2024-03-22,V1228,D036,C01011,Telangana,9,34443.0,765300.0,65200.0,677000
S00038,2025-03-04,V1058,D036,C00908,Telangana,7,103107.0,1107200.0,147600.0,884000
S00039,2022-02-09,V1271,D014,C00699,Maharashtra,7,68542.0,272600.0,33400.0,230000
S00040,2025-01-10,V1011,D023,C01948,Delhi,8,88778.0,483500.0,64400.0,400000
S00041,2024-01-11,V1355,D040,C01377,Telangana,8,66342.0,2280800.0,84300.0,2124000
S00042,2025-12-29,V1028,D005,C00132,West Bengal,10,62756.0,1249500.0,113700.0,1127000
S00043,2023-11-21,V1098,D037,C00493,Uttar Pradesh,7,106395.0,871500.0,76300.0,811000
S00044,2023-12-01,V1088,D038,C00361,Maharashtra,10,92641.0,1107900.0,155200.0,1033000
S00045,2022-07-06,V1416,D022,C01261,West Bengal,7,29518.0,982100.0,110200.0,925000
S00046,2025-03-24,V1027,D030,C00637,Rajasthan,5,81005.0,993800.0,8400.0,1003000
S00047,2024-10-21,V1215,D019,C00750,Uttar Pradesh,8,69495.0,1639200.0,180200.0,1338000
S00048,2025-06-14,V1296,D035,C01150,Tamil Nadu,4,88683.0,346400.0,58500.0,290000
S00049,2022-05-16,V1258,D029,C02360,Uttar Pradesh,9,53370.0,2193100.0,164500.0,2027000
S00050,2022-11-06,V1341,D033,C00702,Gujarat,6,91065.0,987800.0,63500.0,933000
S00051,2025-07-05,V1402,D022,C02122,Delhi,9,56371.0,767200.0,42100.0,726000
S00052,2022-03-03,V1197,D015,C01458,Telangana,10,79934.0,658300.0,48500.0,624000
S00053,2024-01-13,V1415,D034,C01624,Gujarat,8,69949.0,2123200.0,113700.0,1928000
S00054,2023-08-15,V1159,D018,C01155,Gujarat,7,66453.0,1150600.0,111400.0,962000
S00055,2025-10-04,V1493,D008,C01824,Rajasthan,9,83465.0,1045800.0,119200.0,939000
S00056,2025-06-05,V1253,D026,C02090,Karnataka,9,71710.0,627500.0,,585000
S00057,2025-08-03,V1369,D028,C00858,West Bengal,8,69770.0,488000.0,55600.0,427000
S00058,2023-02-27,V1438,D002,C00834,Delhi,7,60091.0,767100.0,86300.0,679000
S00059,2024-05-08,V1397,D030,C00981,Telangana,8,131510.0,373200.0,64800.0,311000
S00060,2024-10-19,V1426,D022,C00514,Tamil Nadu,8,65655.0,485000.0,46000.0,411000
S00061,2025-11-14,V1269,D013,C00806,Gujarat,6,113527.0,285600.0,52200.0,239000
S00062,2022-01-11,V1022,D038,C01646,Kerala,9,75050.0,1296300.0,231400.0,1156000
S00063,2025-11-28,V1247,D014,C02310,West Bengal,8,40995.0,1744000.0,124800.0,1680000
S00064,2023-06-04,V1091,D004,C00212,Telangana,7,88314.0,880300.0,19200.0,846000
S00065,2022-07-07,V1445,D002,C01944,Maharashtra,6,76485.0,918400.0,80600.0,873000
S00066,2024-06-18,V1119,D027,C00772,West Bengal,10,74346.0,1141900.0,7800.0,1147000
S00067,2025-02-15,V1115,D004,C02064,Rajasthan,8,70462.0,641600.0,50700.0,598000
S00068,2022-07-09,V1125,D021,C00546,Karnataka,7,83848.0,896400.0,48500.0,739000
S00069,2022-03-01,V1322,D020,C00526,Gujarat,8,93180.0,950400.0,62400.0,873000
S00070,2025-08-02,V1286,D014,C00438,Tamil Nadu,9,101816.0,317400.0,34600.0,265000
S00071,2025-09-26,V1475,D028,C00067,Tamil Nadu,8,40872.0,1323000.0,14700.0,1306000
S00072,2022-08-17,V1209,D008,C02097,Rajasthan,7,95950.0,450700.0,68100.0,316000
S00073,2025-08-13,V1142,D005,C00315,Uttar Pradesh,8,90637.0,1499200.0,89500.0,1318000
S00074,2025-08-22,V1025,D015,C00189,Maharashtra,7,101021.0,523100.0,123900.0,391000
S00075,2025-12-28,V1004,D030,C01651,Gujarat,9,89605.0,803600.0,75100.0,734000
S00076,2022-11-13,V1187,D007,C00008,Rajasthan,9,60735.0,1880700.0,183900.0,1613000
S00077,2024-04-25,V1463,D014,C00344,West Bengal,10,36562.0,1153000.0,50000.0,1219000
S00078,2025-12-23,V1262,D010,C00035,Karnataka,8,84250.0,308900.0,40100.0,297000
S00079,2025-08-11,V1447,D037,C02462,Karnataka,9,56834.0,1062800.0,51100.0,1067000
S00080,2024-06-02,V1051,D023,C00204,Gujarat,6,78940.0,547800.0,51000.0,498000
S00081,2022-10-15,V1047,D012,C01490,Kerala,6,91095.0,685500.0,0.0,639000
S00082,2022-05-04,V1417,D007,C00207,Gujarat,8,101755.0,1789600.0,294300.0,1281000
S00083,2023-01-14,V1054,D023,C01861,Delhi,6,100478.0,768100.0,130200.0,674000
S00084,2022-04-06,V1026,D023,C00403,Karnataka,6,79584.0,920100.0,83600.0,824000
S00085,2022-10-13,V1203,D032,C00060,Telangana,8,77361.0,955400.0,77600.0,862000
S00086,2022-04-20,V1463,D032,C00015,Uttar Pradesh,7,53957.0,1519800.0,36000.0,1614000
S00087,2025-01-18,V1345,D030,C02241,Telangana,6,106691.0,1739400.0,109100.0,1571000
S00088,2024-05-11,V1050,D016,C00120,Rajasthan,7,69737.0,862000.0,88700.0,774000
S00089,2024-01-27,V1419,D022,C00226,Delhi,7,65346.0,2251500.0,59100.0,2283000
S00090,2025-03-28,V1422,D023,C01432,Gujarat,10,59629.0,881600.0,105900.0,742000
S00091,2023-08-24,V1401,D001,C01493,Gujarat,8,88950.0,699300.0,81500.0,629000
S00092,2023-08-12,V1452,D033,C00639,Karnataka,7,26982.0,1779800.0,139000.0,1613000
S00093,2022-10-30,V1120,D039,C00634,Tamil Nadu,7,55580.0,1061500.0,67800.0,1076000
S00094,2023-10-12,V1490,D009,C01266,Kerala,8,62335.0,850100.0,8400.0,873000
S00095,2022-09-12,V1161,D007,C02187,Maharashtra,8,117693.0,360900.0,50200.0,328000
S00096,2024-05-10,V1402,D001,C01509,Karnataka,8,68805.0,1740700.0,133200.0,1684000
S00097,2025-12-28,V1290,D006,C01250,Rajasthan,10,111642.0,323700.0,29200.0,290000
S00098,2024-02-18,V1390,D007,C00204,Rajasthan,5,103491.0,431400.0,47700.0,408000
S00099,2023-03-13,V1314,D023,C00757,Uttar Pradesh,10,74592.0,1741200.0,34800.0,1650000
S00100,2024-10-02,V1322,D013,C00842,Uttar Pradesh,7,85550.0,686500.0,44400.0,679000
S00101,2025-04-13,V1309,D035,C00922,Maharashtra,7,97822.0,774900.0,16200.0,687000
S00102,2023-11-21,V1390,D021,C02359,Maharashtra,7,97209.0,1125700.0,98800.0,1077000
S00103,2023-01-01,V1370,D003,C00862,Gujarat,5,52854.0,575300.0,65800.0,512000
S00104,2024-11-08,V1068,D018,C02183,Gujarat,10,56132.0,1782100.0,108900.0,1550000
S00105,2022-10-01,V1414,D038,C00545,West Bengal,7,81105.0,947200.0,99800.0,921000
S00106,2025-12-28,V1269,D001,C02185,Rajasthan,8,101293.0,304900.0,34800.0,267000
S00107,2023-04-10,V1162,D010,C00738,Telangana,9,114907.0,803100.0,54200.0,783000
S00108,2023-05-27,V1258,D021,C01927,Gujarat,6,50971.0,1134100.0,0.0,1219000
S00109,2024-11-28,V1484,D020,C01394,Gujarat,4,27085.0,610700.0,38500.0,631000
S00110,2022-01-18,V1429,D015,C01189,West Bengal,8,83432.0,570700.0,34600.0,513000
S00111,2022-10-24,V1417,D004,C00080,Karnataka,9,80832.0,1005100.0,151000.0,872000
S00112,2022-07-03,V1232,D037,C02358,West Bengal,7,39516.0,2024500.0,189700.0,1815000
S00113,2023-07-26,V1393,D005,C00967,Karnataka,5,121561.0,1017700.0,39400.0,1004000
S00114,2024-03-19,V1193,D036,C00303,West Bengal,8,62612.0,701400.0,49000.0,672000
S00115,2022-09-20,V1344,D002,C01223,Kerala,5,40352.0,1499000.0,12200.0,1598000
S00116,2023-05-18,V1320,D002,C01641,Telangana,10,54401.0,663400.0,64600.0,613000
S00117,2025-02-02,V1125,D007,C02112,Maharashtra,9,85284.0,1087900.0,73900.0,1095000
S00118,2025-10-05,V1134,D027,C01521,Uttar Pradesh,8,76879.0,1133200.0,60300.0,1197000
S00119,2022-01-21,V1031,D038,C00059,Gujarat,10,68458.0,979800.0,68400.0,841000
S00120,2024-07-05,V1070,D004,C00231,Maharashtra,8,70006.0,1170400.0,82900.0,1139000
S00121,2022-02-07,V1217,D009,C00349,Rajasthan,9,85459.0,1491300.0,201100.0,1101000
S00122,2024-01-31,V1239,D015,C01130,Uttar Pradesh,6,43148.0,1618300.0,118900.0,1464000
S00123,2025-07-08,V1083,D012,C02091,Tamil Nadu,5,77673.0,659600.0,39500.0,656000
S00124,2025-03-11,V1209,D038,C01383,Uttar Pradesh,4,105017.0,1108600.0,207400.0,1011000
S00125,2022-12-07,V1303,D014,C01491,Rajasthan,7,75404.0,1407900.0,20300.0,1303000
S00126,2023-01-13,V1117,D028,C00487,Rajasthan,10,105649.0,568200.0,43300.0,476000
S00127,2025-02-18,V1170,D032,C01167,Delhi,10,109542.0,414200.0,28500.0,370000
S00128,2025-04-12,V1184,D015,C01495,West Bengal,8,42409.0,863900.0,22300.0,852000
S00129,2023-02-15,V1253,D004,C00557,West Bengal,6,68001.0,1319300.0,97000.0,1142000
S00130,2022-01-05,V1184,D024,C02462,Delhi,7,38560.0,1526500.0,184400.0,1300000
S00131,2023-10-12,V1369,D022,C01123,Tamil Nadu,6,78901.0,405500.0,41100.0,395000
S00132,2024-06-24,V1164,D033,C00162,Kerala,6,91489.0,747500.0,8700.0,675000
S00133,2023-10-11,V1217,D025,C01524,Maharashtra,8,110493.0,1409500.0,0.0,1355000
S00134,2025-09-27,V1190,D039,C00888,Gujarat,6,77126.0,1857200.0,226200.0,1613000
S00135,2025-04-03,V1092,D005,C01469,Telangana,7,62647.0,666600.0,66400.0,624000
S00136,2025-02-25,V1343,D002,C01514,Kerala,9,57987.0,1828500.0,88700.0,1712000
S00137,2022-01-30,V1118,D019,C00597,Maharashtra,5,78058.0,1082300.0,77800.0,1124000
S00138,2025-06-01,V1149,D019,C00482,Uttar Pradesh,10,90933.0,849300.0,0.0,845000
S00139,2025-01-08,V1397,D009,C01019,Telangana,6,131767.0,886400.0,0.0,859000
S00140,2023-08-03,V1475,D014,C02343,Gujarat,9,31345.0,1502600.0,133000.0,1405000
S00141,2024-05-11,V1336,D017,C00062,Maharashtra,7,67341.0,784800.0,47800.0,684000
S00142,2025-04-19,V1459,D007,C00842,Telangana,5,74970.0,2110500.0,227300.0,1845000
S00143,2025-08-16,V1428,D006,C02463,Kerala,6,31904.0,1071100.0,15700.0,1052000
S00144,2024-03-15,V1241,D030,C02345,Delhi,8,74366.0,1476900.0,0.0,1425000
S00145,2022-03-02,V1386,D011,C00735,Rajasthan,4,103364.0,670800.0,83100.0,657000
S00146,2024-06-22,V1165,D020,C01941,West Bengal,6,122630.0,399200.0,0.0,384000
S00147,2024-09-20,V1231,D031,C00953,Rajasthan,9,43223.0,1703200.0,12400.0,1817000
S00148,2022-03-28,V1268,D006,C00040,Rajasthan,8,47686.0,339100.0,37700.0,350000
S00149,2025-04-09,V1481,D016,C00123,Uttar Pradesh,4,71839.0,647600.0,107300.0,494000
S00150,2022-10-22,V1425,D034,C01603,Rajasthan,7,68857.0,1303800.0,102700.0,1153000
S00151,2025-07-24,V1245,D009,C01709,Karnataka,8,91684.0,1459500.0,136100.0,1421000
S00152,2024-03-15,V1327,D032,C00472,Delhi,8,78696.0,2038000.0,157100.0,2167000
S00153,2023-04-16,V1102,D001,C00858,Delhi,9,102870.0,750200.0,12800.0,805000
S00154,2022-03-27,V1403,D029,C00676,Tamil Nadu,9,47617.0,1976900.0,93700.0,1893000
S00155,2022-01-27,V1277,D016,C00377,Karnataka,10,105273.0,309500.0,17700.0,262000
S00156,2024-12-19,V1267,D029,C01814,Rajasthan,8,,410900.0,64800.0,328000
S00157,2023-07-06,V1384,D008,C00117,Kerala,9,83998.0,1995800.0,183400.0,1933000
S00158,2025-05-12,V1317,D013,C00487,Kerala,10,71984.0,1780600.0,73700.0,1802000
S00159,2022-12-03,V1037,D038,C01014,Karnataka,9,96312.0,440400.0,32700.0,372000
S00160,2025-09-06,V1145,D035,C01820,Uttar Pradesh,6,99060.0,1211800.0,102900.0,1287000
S00161,2025-10-07,V1089,D034,C01425,Kerala,7,110693.0,717500.0,4000.0,621000
S00162,2022-05-29,V1368,D001,C01902,Maharashtra,5,24058.0,539700.0,7400.0,526000
S00163,2024-08-03,V1018,D017,C02218,West Bengal,7,129097.0,658500.0,86900.0,531000
S00164,2025-10-04,V1102,D014,C00827,Gujarat,8,74695.0,984700.0,92100.0,885000
S00165,2023-04-18,V1299,D036,C01503,Telangana,8,84271.0,361600.0,46800.0,294000
S00166,2022-04-09,V1348,D025,C01051,Kerala,7,36106.0,717900.0,53600.0,597000
S00167,2025-07-03,V1252,D024,C02091,Tamil Nadu,6,32683.0,1840000.0,71600.0,1766000
S00168,2023-11-24,V1431,D009,C01837,Telangana,6,39377.0,1198700.0,100200.0,1040000
S00169,2022-02-09,V1460,D007,C00777,Rajasthan,7,34416.0,2141200.0,0.0,2194000
S00170,2025-05-12,V1067,D040,C00068,Gujarat,9,63363.0,1953700.0,99500.0,1759000
S00171,2024-09-18,V1477,D038,C01913,Telangana,8,70878.0,881500.0,26300.0,877000
S00172,2022-04-13,V1308,D031,C02151,Maharashtra,10,37880.0,2433900.0,246900.0,2105000
S00173,2023-01-13,V1319,D015,C01048,Uttar Pradesh,7,72948.0,2325300.0,198400.0,2020000
S00174,2022-01-27,V1048,D020,C00610,Maharashtra,6,71246.0,1944100.0,165700.0,1720000
S00175,2025-10-27,V1311,D007,C01854,Maharashtra,7,68717.0,588000.0,31700.0,587000
S00176,2022-02-06,V1363,D027,C01591,Gujarat,10,36540.0,556300.0,16700.0,554000
S00177,2025-03-08,V1291,D029,C00317,Tamil Nadu,9,82103.0,380200.0,0.0,348000
S00178,2024-01-17,V1043,D029,C02011,Kerala,5,101759.0,1310400.0,254000.0,962000
S00179,2024-05-01,V1262,D014,C01422,Kerala,7,103231.0,427600.0,27300.0,392000
S00180,2025-03-31,V1468,D009,C00916,West Bengal,7,28587.0,1297200.0,45700.0,1300000
S00181,2025-07-31,V1362,D008,C01389,Uttar Pradesh,10,45190.0,478900.0,53900.0,429000
S00182,2022-07-06,V1069,D012,C01310,Rajasthan,8,78718.0,1684900.0,124900.0,1474000
S00183,2022-01-27,V1480,D011,C00619,Tamil Nadu,6,25218.0,917400.0,64100.0,858000
S00184,2022-07-02,V1480,D014,C00167,Karnataka,8,36341.0,1724400.0,132900.0,1579000
S00185,2024-09-24,V1085,D014,C00064,Karnataka,8,99090.0,435000.0,64900.0,369000
S00186,2024-04-10,V1401,D011,C02320,Delhi,9,116101.0,675800.0,95600.0,555000
S00187,2022-05-03,V1204,D037,C00913,Maharashtra,6,46652.0,953100.0,62900.0,931000
S00188,2022-12-09,V1297,D040,C01374,Tamil Nadu,8,128746.0,312600.0,7000.0,365000
S00189,2024-02-24,V1223,D004,C01278,Karnataka,7,47789.0,2325800.0,154000.0,2163000
S00190,2024-12-02,V1392,D039,C01668,Telangana,7,82432.0,1928100.0,131500.0,1687000
S00191,2023-05-17,V1499,D018,C01728,Rajasthan,6,45850.0,839700.0,74300.0,686000
S00192,2025-10-19,V1398,D026,C01730,Karnataka,6,108379.0,1126300.0,113300.0,952000
S00193,2025-12-20,V1466,D001,C02019,Kerala,5,47918.0,1161800.0,95900.0,1066000
S00194,2025-01-24,V1474,D008,C02129,Uttar Pradesh,7,49512.0,1396100.0,114700.0,1277000
S00195,2023-10-26,V1046,D005,C01273,Telangana,7,100116.0,1134000.0,87200.0,932000
S00196,2025-07-05,V1127,D004,C00754,Kerala,7,64606.0,2003000.0,149500.0,1797000
S00197,2024-11-29,V1361,D009,C00222,Karnataka,4,79676.0,522500.0,0.0,477000
S00198,2024-01-30,V1296,D040,C00731,Gujarat,9,75708.0,562000.0,0.0,567000
S00199,2023-10-11,V1026,D007,C01573,Telangana,8,82760.0,1033600.0,130600.0,770000
S00200,2025-05-01,V1048,D005,C01210,Gujarat,8,62444.0,742300.0,60800.0,672000
S00201,2024-03-24,V1261,D040,C01392,Kerala,7,94589.0,355400.0,35600.0,312000
S00202,2022-09-25,V1309,D010,C00995,Kerala,7,88312.0,1566700.0,58000.0,1463000
S00203,2025-12-31,V1084,D019,C00300,Gujarat,8,67949.0,1066300.0,64200.0,967000
S00204,2022-04-10,V1086,D003,C00850,West Bengal,5,108333.0,781800.0,138800.0,601000
S00205,2024-10-12,V1065,D019,C00244,Karnataka,7,84655.0,1003100.0,95100.0,967000
S00206,2024-08-16,V1283,D037,C01374,Delhi,10,89260.0,414300.0,51300.0,378000
S00207,2024-05-06,V1004,D023,C02360,Kerala,9,93467.0,797000.0,77100.0,684000
S00208,2022-03-17,V1287,D021,C02199,Gujarat,10,73148.0,384900.0,49200.0,314000
S00209,2023-12-21,V1238,D037,C01812,Telangana,6,65985.0,864300.0,65600.0,755000
S00210,2025-07-27,V1233,D007,C02350,Maharashtra,6,70738.0,1443000.0,109600.0,1180000
S00211,2022-12-16,V1340,D028,C00579,Rajasthan,6,61722.0,1188600.0,54800.0,1038000
S00212,2024-10-07,V1262,D013,C00456,Karnataka,7,93392.0,403600.0,43700.0,338000
S00213,2025-06-08,V1364,D002,C01252,Maharashtra,9,18485.0,739900.0,85700.0,630000
S00214,2025-10-23,V1382,D009,C00195,Kerala,6,92765.0,921100.0,71500.0,779000
S00215,2024-01-25,V1461,D024,C00660,Kerala,6,68963.0,453600.0,53900.0,406000
S00216,2023-04-04,V1400,D034,C01368,Maharashtra,6,84261.0,617800.0,61300.0,525000
S00217,2024-10-19,V1259,D007,C01477,Maharashtra,6,47642.0,2485400.0,129000.0,2605000
S00218,2023-12-12,V1247,D029,C02261,Maharashtra,7,48880.0,1414000.0,69700.0,1454000
S00219,2024-07-05,V1118,D001,C00381,Telangana,8,102662.0,481200.0,8300.0,531000
S00220,2024-12-19,V1300,D018,C02122,Kerala,5,78382.0,315500.0,10300.0,308000
S00221,2024-11-03,V1070,D009,C02445,Telangana,7,60769.0,1313800.0,78100.0,1435000
S00222,2022-12-21,V1466,D012,C01080,Gujarat,7,59170.0,771800.0,40100.0,753000
S00223,2025-01-09,V1423,D027,C01220,Maharashtra,8,32982.0,1428400.0,121400.0,1306000
S00224,2024-03-02,V1060,D011,C00073,Kerala,9,70261.0,653900.0,98400.0,596000
S00225,2025-09-21,V1393,D015,C01518,Rajasthan,6,105008.0,775700.0,166200.0,609000
S00226,2024-08-21,V1059,D038,C01593,Delhi,7,96958.0,857400.0,86600.0,710000
S00227,2025-07-26,V1361,D019,C00960,Karnataka,7,47034.0,274400.0,28100.0,248000
S00228,2025-12-01,V1044,D024,C01037,West Bengal,7,76668.0,1517000.0,155800.0,1341000
S00229,2025-12-23,V1245,D036,C01510,Gujarat,7,74285.0,714300.0,13300.0,711000
S00230,2024-12-24,V1329,D018,C01231,Telangana,7,99923.0,1279900.0,241800.0,1027000
S00231,2024-05-22,V1365,D039,C01630,Tamil Nadu,8,65613.0,491000.0,,467000
S00232,2022-06-22,V1210,D028,C01143,Rajasthan,9,72177.0,573700.0,26400.0,530000
S00233,2023-07-19,V1461,D017,C00453,Rajasthan,10,68308.0,527600.0,29800.0,516000
S00234,2023-11-26,V1388,D021,C01497,Tamil Nadu,4,73609.0,1495700.0,105200.0,1506000
S00235,2025-02-14,V1105,D034,C00113,Delhi,7,82680.0,462300.0,15100.0,470000
S00236,2024-05-10,V1336,D008,C00815,Telangana,7,53720.0,1637100.0,169600.0,1525000
S00237,2023-10-04,V1366,D021,C01726,Maharashtra,7,70015.0,501300.0,14200.0,458000
S00238,2022-08-03,V1167,D003,C01628,Telangana,8,96646.0,718700.0,59200.0,662000
S00239,2024-11-11,V1370,D004,C02211,Rajasthan,6,62269.0,614200.0,41300.0,560000
S00240,2023-09-24,V1450,D033,C02119,Uttar Pradesh,7,57133.0,1939700.0,143600.0,1871000
S00241,2022-02-22,V1409,D028,C01775,Uttar Pradesh,10,87973.0,1166900.0,149200.0,1073000
S00242,2023-02-19,V1382,D029,C01276,Uttar Pradesh,7,89556.0,1399500.0,191000.0,1293000
S00243,2025-07-08,V1318,D023,C01383,Uttar Pradesh,10,78078.0,1486200.0,123100.0,1245000
S00244,2022-06-23,V1136,D034,C01519,Tamil Nadu,8,47745.0,1401000.0,80200.0,1382000
S00245,2023-08-17,V1398,D014,C01297,Karnataka,9,118330.0,584900.0,80400.0,579000
S00246,2024-01-19,V1183,D021,C02345,Kerala,7,50958.0,835100.0,40300.0,746000
S00247,2022-05-03,V1267,D011,C00625,Rajasthan,7,67399.0,267400.0,25900.0,254000
S00248,2022-08-30,V1158,D009,C02355,Maharashtra,9,74623.0,959200.0,105500.0,955000
S00249,2025-10-05,V1157,D010,C01871,Delhi,8,108140.0,535800.0,73700.0,555000
S00250,2024-05-12,V1079,D031,C01674,West Bengal,7,69158.0,710400.0,47000.0,668000
S00251,2022-11-04,V1481,D014,C02303,Telangana,7,89440.0,1197200.0,58700.0,1215000
S00252,2022-09-05,V1074,D010,C00059,Delhi,5,72462.0,902000.0,182300.0,788000
S00253,2023-09-14,V1044,D038,C02226,Maharashtra,9,60184.0,1780800.0,232800.0,1531000
S00254,2024-11-23,V1469,D011,C01967,West Bengal,6,57137.0,699300.0,63200.0,551000
S00255,2024-12-03,V1278,D007,C02430,Rajasthan,8,96381.0,291600.0,33400.0,305000
S00256,2022-10-13,V1219,D027,C01010,Kerala,9,71945.0,569200.0,82600.0,469000
S00257,2024-11-26,V1369,D029,C01919,Tamil Nadu,7,77381.0,328000.0,28500.0,306000
S00258,2025-08-02,V1192,D029,C00499,Telangana,5,51077.0,2337600.0,45800.0,2267000
S00259,2022-11-27,V1064,D024,C02486,Tamil Nadu,5,42673.0,2438000.0,191100.0,2253000
S00260,2022-02-08,V1365,D033,C00169,Kerala,9,67666.0,420300.0,700.0,416000
S00261,2025-11-01,V1088,D025,C00039,Delhi,10,64959.0,737000.0,56800.0,629000
S00262,2024-02-02,V1277,D001,C01674,Telangana,10,97041.0,296400.0,20800.0,297000
S00263,2025-02-08,V1475,D014,C02102,Telangana,6,45425.0,1585700.0,0.0,1654000
S00264,2023-04-13,V1469,D005,C02471,Gujarat,8,70151.0,533300.0,73700.0,482000
S00265,2023-03-14,V1181,D016,C00730,Kerala,10,79772.0,1827900.0,299900.0,1768000
S00266,2022-11-25,V1391,D014,C01824,Karnataka,7,96919.0,955800.0,124600.0,753000
S00267,2022-11-14,V1307,D019,C00092,Rajasthan,8,41050.0,1236200.0,134800.0,1178000
S00268,2023-11-21,V1240,D013,C01135,Rajasthan,8,33174.0,942200.0,76700.0,793000
S00269,2022-06-04,V1070,D040,C01588,Delhi,7,74950.0,1462600.0,70800.0,1554000
S00270,2025-05-15,V1189,D032,C00159,Uttar Pradesh,9,92184.0,828700.0,87100.0,782000
S00271,2024-01-17,V1326,D009,C01627,Delhi,7,85220.0,741200.0,84400.0,658000
S00272,2025-08-30,V1494,D024,C02348,Gujarat,5,75981.0,1651400.0,0.0,1686000
S00273,2024-01-04,V1003,D005,C00831,Gujarat,9,103546.0,683800.0,5700.0,643000
S00274,2023-03-20,V1359,D019,C01586,Telangana,8,61965.0,1704300.0,152300.0,1551000
S00275,2024-01-23,V1424,D036,C00971,Rajasthan,7,17107.0,1401400.0,41400.0,1365000
S00276,2022-08-14,V1476,D030,C00706,Delhi,7,16186.0,1742300.0,76200.0,1640000
S00277,2025-04-18,V1212,D026,C01312,Delhi,7,54127.0,2194100.0,32900.0,2086000
S00278,2024-11-18,V1060,D037,C01410,Karnataka,7,70230.0,994500.0,3300.0,1023000
S00279,2022-08-03,V1136,D003,C02394,Karnataka,9,41808.0,2069500.0,53500.0,2014000
S00280,2024-04-30,V1426,D027,C01648,Gujarat,8,62478.0,1286100.0,69600.0,1106000
S00281,2024-02-26,V1439,D031,C00091,West Bengal,8,44860.0,636200.0,0.0,639000
S00282,2022-10-21,V1319,D039,C02301,West Bengal,5,69493.0,794000.0,67400.0,675000
S00283,2022-06-28,V1062,D012,C00899,Tamil Nadu,9,68108.0,1749800.0,189500.0,1379000
S00284,2025-01-15,V1061,D015,C01622,Uttar Pradesh,10,105520.0,989400.0,93400.0,855000
S00285,2023-01-21,V1240,D014,C00227,Telangana,5,38347.0,1649100.0,185000.0,1380000
S00286,2024-01-29,V1295,D006,C00710,Tamil Nadu,7,87692.0,277800.0,32000.0,282000
S00287,2022-12-28,V1017,D011,C00526,Tamil Nadu,10,125557.0,890500.0,24000.0,884000
S00288,2024-08-12,V1344,D030,C01711,Tamil Nadu,10,30464.0,2016900.0,115600.0,2016000
S00289,2022-03-13,V1273,D017,C01043,Rajasthan,7,95220.0,234100.0,26600.0,216000
S00290,2023-06-09,V1007,D028,C00227,Tamil Nadu,8,96946.0,644900.0,128600.0,609000
S00291,2024-03-10,V1048,D001,C01402,Tamil Nadu,8,80338.0,1285400.0,137000.0,1122000
S00292,2023-10-04,V1228,D016,C02206,West Bengal,5,49302.0,1642500.0,87700.0,1592000
S00293,2024-06-13,V1362,D010,C00550,Rajasthan,7,65079.0,348000.0,20900.0,300000
S00294,2022-09-21,V1413,D028,C00785,Gujarat,6,89549.0,561200.0,46200.0,434000
S00295,2023-10-08,V1216,D040,C00871,Tamil Nadu,7,56510.0,940100.0,100500.0,879000
S00296,2025-01-10,V1148,D010,C01970,Telangana,8,80153.0,961700.0,36400.0,837000
S00297,2023-05-03,V1485,D032,C01629,West Bengal,8,96674.0,1737400.0,140900.0,1569000
S00298,2022-08-18,V1230,D031,C01056,Maharashtra,9,83838.0,1192100.0,141800.0,1039000
S00299,2025-05-23,V1158,D001,C01413,Karnataka,6,85832.0,793100.0,43300.0,749000
S00300,2025-02-11,V1222,D029,C01070,West Bengal,6,72502.0,1374600.0,161100.0,1288000
S00301,2024-09-21,V1007,D034,C01846,Gujarat,9,113857.0,818500.0,98800.0,605000
S00302,2025-03-11,V1151,D003,C01782,Maharashtra,10,71931.0,623300.0,48000.0,615000
S00303,2025-02-11,V1258,D015,C00009,Maharashtra,9,44749.0,1983200.0,110600.0,1957000
S00304,2024-12-26,V1460,D010,C02021,Telangana,5,50427.0,1257600.0,116300.0,1129000
S00305,2024-01-15,V1370,D017,C01729,Karnataka,6,51638.0,602300.0,45500.0,586000
S00306,2022-01-29,V1391,D013,C00278,Uttar Pradesh,8,86921.0,1691600.0,100400.0,1731000
S00307,2024-05-22,V1273,D010,C00729,Delhi,5,95077.0,213500.0,28000.0,191000
S00308,2023-02-04,V1056,D032,C01099,Karnataka,6,57925.0,846900.0,27000.0,784000
S00309,2025-02-03,V1196,D026,C01679,Maharashtra,9,57356.0,906600.0,69500.0,928000
S00310,2023-11-16,V1499,D034,C00475,West Bengal,5,51204.0,1309300.0,116700.0,1185000
S00311,2025-08-15,V1023,D035,C00870,West Bengal,7,81532.0,963300.0,73800.0,842000
S00312,2024-05-20,V1440,D003,C01006,Gujarat,8,21795.0,1386000.0,0.0,1411000
S00313,2024-03-15,V1343,D009,C01759,Karnataka,6,49108.0,1516800.0,112600.0,1594000
S00314,2025-09-04,V1142,D006,C00200,West Bengal,5,76898.0,470800.0,0.0,527000
S00315,2023-11-26,V1389,D031,C01315,West Bengal,8,102035.0,763700.0,69900.0,805000
S00316,2023-07-03,V1419,D009,C01164,Tamil Nadu,10,57369.0,1638200.0,2600.0,1558000
S00317,2023-06-27,V1022,D019,C00472,Gujarat,8,82471.0,1202200.0,146700.0,1062000
S00318,2025-07-02,V1054,D038,C01182,Uttar Pradesh,7,93370.0,1106000.0,47400.0,1041000
S00319,2025-01-09,V1333,D002,C01412,Gujarat,5,102955.0,396800.0,10100.0,375000
S00320,2022-08-27,V1500,D015,C00579,Kerala,7,36986.0,2242200.0,70800.0,2095000
S00321,2023-12-21,V1012,D035,C00484,Rajasthan,10,90743.0,927300.0,34000.0,871000
S00322,2023-06-27,V1333,D028,C00145,Uttar Pradesh,5,96176.0,465800.0,65400.0,446000
S00323,2024-08-02,V1069,D036,C01940,Rajasthan,7,94151.0,862100.0,27000.0,729000
S00324,2022-03-18,V1326,D023,C02025,Telangana,8,89233.0,805700.0,104400.0,746000
S00325,2024-11-09,V1312,D029,C00358,Uttar Pradesh,8,38134.0,2243200.0,120900.0,2399000
S00326,2024-12-20,V1046,D008,C01481,Kerala,9,108342.0,1225800.0,170800.0,1075000
S00327,2022-11-28,V1341,D038,C00383,Gujarat,8,85968.0,524600.0,66900.0,426000
S00328,2022-08-09,V1449,D021,C01887,Delhi,9,78333.0,1280100.0,79700.0,1183000
S00329,2024-07-05,V1432,D040,C01179,Gujarat,7,28463.0,593200.0,24800.0,548000
S00330,2023-01-11,V1015,D004,C01442,Maharashtra,7,105269.0,328000.0,6300.0,309000
S00331,2025-10-07,V1123,D037,C01528,Maharashtra,8,47348.0,1669200.0,81500.0,1665000
S00332,2025-02-06,V1121,D001,C00590,Uttar Pradesh,7,111261.0,1311500.0,87000.0,1264000
S00333,2025-10-27,V1227,D013,C01547,Uttar Pradesh,9,52708.0,2228900.0,143200.0,1983000
S00334,2024-02-21,V1072,D022,C01329,Kerala,4,59388.0,754800.0,26400.0,719000
S00335,2025-10-03,V1428,D034,C01318,Kerala,7,17946.0,1649700.0,8400.0,1629000
S00336,2022-01-21,V1389,D007,C01366,Rajasthan,8,99465.0,820600.0,107300.0,724000
S00337,2023-02-28,V1405,D028,C00638,Rajasthan,6,86543.0,783100.0,55800.0,750000
S00338,2022-01-04,V1100,D010,C01229,Kerala,8,84948.0,935900.0,73300.0,907000
S00339,2024-09-16,V1008,D016,C01990,West Bengal,6,88757.0,698300.0,101500.0,622000
S00340,2024-01-17,V1456,D026,C00601,Gujarat,7,43037.0,1135900.0,114500.0,895000
S00341,2023-02-25,V1145,D032,C02173,Tamil Nadu,5,107545.0,671900.0,40900.0,612000
S00342,2023-03-22,V1329,D014,C02278,Karnataka,8,100017.0,1228700.0,255900.0,1048000
S00343,2024-07-29,V1455,D015,C00044,Delhi,8,57497.0,1669200.0,23000.0,1683000
S00344,2022-09-21,V1019,D032,C01165,Karnataka,7,107195.0,687700.0,49600.0,615000
S00345,2024-01-22,V1003,D026,C01874,Karnataka,7,113851.0,357500.0,71000.0,266000
S00346,2024-06-15,V1003,D001,C00277,Karnataka,7,93704.0,641000.0,43000.0,577000
S00347,2022-12-17,V1079,D010,C00393,Uttar Pradesh,9,62447.0,1672700.0,91800.0,1547000
S00348,2022-11-30,V1026,D014,C00622,Kerala,7,88576.0,1015200.0,115800.0,873000
S00349,2023-06-02,V1410,D003,C00986,Karnataka,7,78459.0,756900.0,97500.0,599000
S00350,2024-05-15,V1303,D023,C00402,Rajasthan,7,54132.0,1504200.0,21900.0,1521000
S00351,2023-01-07,V1491,D018,C00841,Uttar Pradesh,7,68142.0,2185900.0,65300.0,2024000
S00352,2023-07-09,V1401,D021,C01806,West Bengal,8,86681.0,1581400.0,108700.0,1560000
S00353,2024-03-04,V1482,D016,C01002,Gujarat,6,84244.0,1004900.0,61700.0,898000
S00354,2022-09-30,V1120,D033,C00560,Rajasthan,7,65538.0,1141300.0,83200.0,1024000
S00355,2024-04-11,V1144,D006,C01522,Karnataka,7,45620.0,1297100.0,129100.0,1135000
S00356,2022-07-21,V1425,D039,C02468,Kerala,6,63721.0,533700.0,29800.0,560000
S00357,2022-07-28,V1123,D011,C02245,Maharashtra,5,42507.0,1937300.0,94000.0,1777000
S00358,2022-12-13,V1029,D030,C01959,Uttar Pradesh,9,116105.0,949800.0,0.0,892000
S00359,2023-02-23,V1335,D021,C01461,Telangana,6,87640.0,1694900.0,133000.0,1549000
S00360,2022-02-13,V1401,D016,C01749,Kerala,6,74665.0,853200.0,49100.0,930000
S00361,2025-11-05,V1485,D030,C00160,Tamil Nadu,6,95201.0,1683000.0,36000.0,1468000
S00362,2023-03-27,V1464,D035,C00106,Gujarat,7,22932.0,1300800.0,6400.0,1299000
S00363,2025-03-21,V1061,D029,C01746,Delhi,9,85223.0,622200.0,68700.0,525000
S00364,2025-08-10,V1387,D034,C01279,West Bengal,8,87619.0,1548700.0,190300.0,1197000
S00365,2025-03-15,V1424,D021,C00360,Gujarat,5,25338.0,868000.0,39100.0,879000
S00366,2025-04-29,V1350,D014,C01522,Karnataka,7,73703.0,926500.0,98700.0,893000
S00367,2022-05-27,V1410,D022,C00738,West Bengal,5,69562.0,1575100.0,0.0,1745000
S00368,2023-06-28,V1419,D002,C00187,Rajasthan,9,47977.0,900700.0,25900.0,839000
S00369,2024-12-26,V1224,D020,C01071,Gujarat,9,52904.0,2529300.0,151500.0,2498000
S00370,2024-04-21,V1021,D020,C00512,West Bengal,6,95812.0,973400.0,45800.0,892000
S00371,2022-01-09,V1229,D004,C01941,Gujarat,5,75410.0,1618500.0,79800.0,1624000
S00372,2024-04-08,V1101,D005,C01957,Kerala,9,101331.0,647200.0,34500.0,626000
S00373,2025-03-21,V1057,D031,C01376,Delhi,7,124324.0,524500.0,62900.0,506000
S00374,2025-04-25,V1063,D026,C00854,Gujarat,9,62190.0,2011900.0,326200.0,1718000
S00375,2023-07-15,V1349,D001,C00434,Kerala,7,84670.0,853600.0,85500.0,798000
S00376,2022-12-12,V1253,D012,C00190,Gujarat,7,60593.0,559300.0,81500.0,460000
S00377,2023-03-29,V1270,D039,C02462,Delhi,8,85942.0,442700.0,21200.0,393000
S00378,2023-03-10,V1373,D011,C01575,Uttar Pradesh,10,68802.0,417600.0,37900.0,381000
S00379,2023-05-22,V1275,D005,C01243,Tamil Nadu,8,68008.0,506900.0,31200.0,471000
S00380,2023-03-17,V1316,D034,C01379,Karnataka,7,37734.0,1454600.0,75200.0,1426000
S00381,2023-10-30,V1044,D014,C02252,Gujarat,9,83919.0,1551200.0,167400.0,1335000
S00382,2022-03-01,V1426,D008,C01421,Maharashtra,5,39795.0,1125700.0,80800.0,1063000
S00383,2023-02-07,V1225,D008,C01058,West Bengal,8,99145.0,1049900.0,107900.0,868000
S00384,2023-04-05,V1078,D024,C00514,Kerala,5,73402.0,811300.0,27900.0,838000
S00385,2022-08-13,V1407,D003,C00343,Telangana,4,59213.0,1340900.0,168100.0,1108000
S00386,2025-07-06,V1368,D002,C00361,Karnataka,8,17341.0,438800.0,22700.0,426000
S00387,2024-09-13,V1027,D003,C00255,West Bengal,9,79072.0,1044800.0,32700.0,934000
S00388,2025-08-25,V1097,D010,C00859,Maharashtra,8,118480.0,687600.0,103100.0,566000
S00389,2024-03-31,V1008,D002,C01757,Gujarat,7,88678.0,545300.0,6500.0,518000
S00390,2022-06-10,V1136,D005,C02443,Uttar Pradesh,4,38465.0,741400.0,42300.0,762000
S00391,2025-08-14,V1050,D025,C01727,Tamil Nadu,9,95006.0,519000.0,40200.0,484000
S00392,2023-11-01,V1355,D022,C00478,Gujarat,8,56589.0,1659600.0,118100.0,1592000
S00393,2024-09-26,V1262,D038,C01812,Maharashtra,10,98847.0,331400.0,38100.0,275000
S00394,2023-07-12,V1491,D032,C01686,Rajasthan,5,62452.0,1649300.0,195600.0,1505000
S00395,2023-12-24,V1375,D006,C01517,Maharashtra,8,42120.0,355200.0,26800.0,338000
S00396,2023-12-16,V1306,D029,C00337,Kerala,7,71612.0,1914500.0,214800.0,1809000
S00397,2023-02-20,V1255,D029,C00670,Maharashtra,7,41224.0,1388700.0,3100.0,1474000
S00398,2024-03-21,V1028,D002,C01576,West Bengal,6,49689.0,572900.0,72900.0,509000
S00399,2024-12-07,V1036,D008,C00839,Karnataka,9,66408.0,830600.0,10200.0,890000
S00400,2022-01-30,V1309,D032,C01896,West Bengal,9,91287.0,603100.0,9700.0,584000
S00401,2022-07-11,V1003,D004,C01160,Maharashtra,6,92423.0,565300.0,113100.0,490000
S00402,2025-05-15,V1022,D028,C02321,Karnataka,6,88463.0,1241000.0,125200.0,1232000
S00403,2024-04-12,V1110,D030,C01694,Gujarat,8,71912.0,617000.0,0.0,651000
S00404,2025-11-23,V1443,D001,C02382,Gujarat,10,62810.0,2054600.0,279100.0,1828000
S00405,2024-06-02,V1230,D005,C00003,Maharashtra,6,81103.0,1949900.0,0.0,1882000
S00406,2024-08-12,V1355,D022,C00954,Delhi,10,67936.0,1770000.0,71900.0,1656000
S00407,2025-08-06,V1206,D025,C01813,Karnataka,7,69301.0,1717000.0,156200.0,1611000
S00408,2024-08-22,V1087,D021,C00665,Uttar Pradesh,10,87059.0,691800.0,80800.0,587000
S00409,2023-04-27,V1186,D025,C02048,Kerala,7,61625.0,1251100.0,63000.0,1280000
S00410,2024-02-11,V1046,D019,C00006,Uttar Pradesh,7,110443.0,635000.0,82000.0,559000
S00411,2022-12-11,V1386,D014,C00546,Uttar Pradesh,7,92867.0,1544000.0,66900.0,1596000
S00412,2023-05-04,V1092,D008,C01417,Uttar Pradesh,6,77430.0,1260100.0,92900.0,1181000
S00413,2024-09-20,V1189,D040,C01001,Kerala,8,92278.0,1292400.0,119900.0,1217000
S00414,2022-08-06,V1491,D025,C00173,Tamil Nadu,9,68396.0,1079500.0,88100.0,938000
S00415,2024-09-08,V1296,D014,C00295,Kerala,8,71399.0,351600.0,9900.0,319000
S00416,2024-05-03,V1230,D040,C01334,Karnataka,7,93382.0,913600.0,138400.0,723000
S00417,2023-03-27,V1272,D007,C02273,Karnataka,6,47222.0,574800.0,34400.0,535000
S00418,2022-03-07,V1393,D033,C01074,West Bengal,8,106155.0,414100.0,10900.0,353000
S00419,2024-10-26,V1128,D031,C01676,Rajasthan,5,42932.0,1849300.0,35400.0,1963000
S00420,2025-04-19,V1319,D012,C02124,Gujarat,6,58684.0,2259400.0,202000.0,2071000
S00421,2024-12-02,V1437,D027,C01790,Delhi,8,68124.0,807700.0,72300.0,779000
S00422,2023-09-07,V1287,D001,C01587,Uttar Pradesh,9,100459.0,460500.0,38100.0,427000
S00423,2024-08-12,V1224,D007,C01383,Kerala,5,47939.0,1626200.0,89900.0,1441000
S00424,2023-08-29,V1073,D034,C01397,West Bengal,9,64166.0,2035400.0,133500.0,2148000
S00425,2023-06-08,V1125,D003,C00913,Maharashtra,9,71551.0,1706800.0,149700.0,1564000
S00426,2023-04-23,V1474,D035,C01642,Uttar Pradesh,6,48690.0,874000.0,97200.0,778000
S00427,2022-11-05,V1271,D015,C00555,Telangana,7,68235.0,291400.0,6600.0,280000
S00428,2025-11-17,V1151,D014,C01009,Karnataka,8,67490.0,1938600.0,133800.0,2049000
S00429,2024-08-31,V1210,D034,C01301,Telangana,6,77465.0,1634000.0,225700.0,1364000
S00430,2022-09-13,V1290,D010,C00277,Tamil Nadu,9,106183.0,380800.0,25000.0,386000
S00431,2025-06-17,V1269,D027,C01382,West Bengal,7,97198.0,428400.0,16900.0,381000
S00432,2022-08-10,V1350,D010,C01320,Karnataka,7,79610.0,1571700.0,147100.0,1359000
S00433,2024-05-17,V1129,D037,C02169,Maharashtra,10,79599.0,1076000.0,53900.0,943000
S00434,2022-08-30,V1325,D007,C01842,Delhi,9,110872.0,1368200.0,311600.0,1049000
S00435,2023-06-12,V1222,D002,C01108,Uttar Pradesh,9,73566.0,686900.0,69400.0,572000
S00436,2024-08-20,V1471,D027,C01230,Tamil Nadu,6,54203.0,1494300.0,197400.0,1217000
S00437,2025-12-30,V1079,D012,C00707,Delhi,9,41168.0,1360400.0,63900.0,1204000
S00438,2025-12-20,V1075,D008,C00907,Kerala,7,53379.0,2557200.0,325000.0,2290000
S00439,2025-08-01,V1231,D029,C00356,Kerala,10,64429.0,893100.0,28700.0,852000
S00440,2022-12-11,V1255,D028,C00859,Karnataka,6,56002.0,857500.0,41800.0,812000
S00441,2022-05-17,V1346,D009,C02191,Delhi,8,82345.0,876200.0,43900.0,819000
S00442,2025-08-16,V1203,D008,C01389,West Bengal,9,65296.0,941600.0,69900.0,910000
S00443,2025-09-10,V1457,D027,C00180,Tamil Nadu,8,85513.0,1272100.0,0.0,1241000
S00444,2023-02-12,V1238,D029,C02078,Rajasthan,9,61618.0,1807900.0,124700.0,1811000
S00445,2022-01-29,V1065,D010,C02162,Delhi,9,89472.0,1965900.0,135500.0,1703000
S00446,2024-08-04,V1060,D003,C01460,Karnataka,7,72840.0,1130200.0,93500.0,1063000
S00447,2022-04-22,V1487,D011,C00437,Kerala,5,58758.0,1693300.0,3400.0,1660000
S00448,2022-03-01,V1068,D007,C00897,Karnataka,5,63967.0,895700.0,48700.0,862000
S00449,2025-10-01,V1474,D011,C01541,West Bengal,8,57446.0,634200.0,0.0,637000
S00450,2023-12-26,V1140,D031,C02390,Tamil Nadu,9,37730.0,1261300.0,142400.0,1122000
S00451,2022-06-13,V1047,D031,C01203,Karnataka,8,63328.0,1181100.0,90300.0,984000
S00452,2024-08-14,V1153,D004,C00619,Telangana,7,92427.0,680500.0,43100.0,740000
S00453,2023-06-24,V1308,D037,C01098,Telangana,9,57004.0,2619000.0,301300.0,2444000
S00454,2024-02-23,V1214,D031,C02286,West Bengal,8,92594.0,1484000.0,117000.0,1349000
S00455,2025-08-06,V1393,D023,C01157,Telangana,10,132869.0,916100.0,93300.0,843000
S00456,2022-12-14,V1306,D032,C02177,Tamil Nadu,5,76674.0,863900.0,86900.0,804000
S00457,2024-08-02,V1201,D003,C00718,Rajasthan,7,107558.0,966700.0,100900.0,818000
S00458,2025-04-25,V1318,D003,C00805, telangana ,6,68327.0,712100.0,40700.0,636000
S00459,2023-09-12,V1486,D032,C00337,Delhi,9,64781.0,1029000.0,51900.0,1070000
S00460,2025-11-18,V1206,D006,C01696,Telangana,9,97546.0,1029500.0,140500.0,891000
S00461,2023-10-17,V1077,D006,C00572,Maharashtra,9,82890.0,1874000.0,283100.0,1525000
S00462,2023-11-02,V1205,D034,C02480,Rajasthan,8,108539.0,824200.0,199500.0,578000
S00463,2025-07-15,V1421,D023,C02398,West Bengal,6,71420.0,1183300.0,90800.0,1018000
S00464,2024-07-18,V1109,D034,C00459,Maharashtra,7,100163.0,840700.0,83600.0,771000
S00465,2025-06-23,V1475,D038,C00556,Karnataka,5,38439.0,941000.0,64200.0,928000
S00466,2025-02-28,V1295,D014,C02229,Delhi,9,73909.0,243800.0,25500.0,201000
S00467,2024-11-06,V1301,D017,C02075,Uttar Pradesh,8,79225.0,1651800.0,172700.0,1423000
S00468,2022-12-19,V1159,D039,C01419,Telangana,8,68973.0,1476100.0,91600.0,1517000
S00469,2023-08-06,V1461,D011,C00454,Telangana,10,74147.0,653400.0,57200.0,637000
S00470,2025-06-16,V1019,D014,C01422,Kerala,6,104022.0,443600.0,80300.0,341000
S00471,2024-06-19,V1150,D002,C01157,Rajasthan,7,83304.0,1783000.0,121700.0,1654000
S00472,2023-02-14,V1210,D007,C02443,Kerala,8,97421.0,1174600.0,202400.0,1090000
S00473,2023-04-24,V1239,D008,C02002,Kerala,7,58160.0,2120600.0,190200.0,2022000
S00474,2025-02-07,V1238,D026,C02110,Telangana,9,80421.0,1821400.0,132800.0,1601000
S00475,2022-09-18,V1074,D014,C01622,Kerala,8,77178.0,687800.0,11000.0,657000
S00476,2022-06-13,V1113,D008,C01746,Rajasthan,7,94989.0,626500.0,64300.0,581000
S00477,2025-01-22,V1048,D033,C01070,West Bengal,8,65641.0,777600.0,4600.0,703000
S00478,2023-02-26,V1287,D035,C02395,Rajasthan,10,74592.0,425800.0,30000.0,455000
S00479,2025-01-23,V1176,D017,C01690,Delhi,7,76364.0,925700.0,136300.0,760000
S00480,2024-02-19,V1283,D015,C00457,Delhi,5,82825.0,361300.0,15700.0,372000
S00481,2025-12-28,V1295,D040,C01805,Uttar Pradesh,5,88183.0,472400.0,13800.0,445000
S00482,2024-02-06,V1352,D005,C02327,Karnataka,10,35263.0,1955900.0,190900.0,1627000
S00483,2025-06-21,V1274,D007,C02120,Maharashtra,8,87503.0,257200.0,18200.0,258000
S00484,2025-05-27,V1324,D021,C00828,Tamil Nadu,5,51264.0,1484800.0,105700.0,1429000
S00485,2022-11-06,V1294,D017,C01972,West Bengal,7,93646.0,264800.0,31300.0,227000
S00486,2025-12-26,V1327,D011,C00820,Telangana,7,65550.0,1590600.0,149500.0,1157000
S00487,2024-12-25,V1309,D027,C00014,Karnataka,7,97829.0,1482100.0,96400.0,1330000
S00488,2022-06-06,V1159,D020,C00483,West Bengal,8,68701.0,1184200.0,67600.0,1047000
S00489,2022-01-09,V1124,D011,C00135,Tamil Nadu,8,30646.0,2125000.0,182800.0,2019000
S00490,2023-02-01,V1394,D001,C01173,Gujarat,10,98786.0,584300.0,23700.0,493000
S00491,2022-01-24,V1172,D040,C02177,Kerala,6,65954.0,520500.0,32700.0,526000
S00492,2023-06-07,V1275,D010,C01001,Gujarat,8,76589.0,491000.0,32600.0,472000
S00493,2025-12-26,V1099,D031,C01298,Rajasthan,8,66561.0,657300.0,46600.0,595000
S00494,2023-12-01,V1216,D021,C01230,Telangana,5,59302.0,1364600.0,78600.0,1185000
S00495,2022-02-04,V1265,D007,C00308,Uttar Pradesh,8,97350.0,401200.0,0.0,422000
S00496,2023-12-23,V1314,D011,C00238,Kerala,7,82870.0,1060500.0,104100.0,1027000
S00497,2022-11-17,V1264,D034,C00190,Maharashtra,5,55142.0,310800.0,18800.0,312000
S00498,2025-06-04,V1181,D029,C00133,Karnataka,9,85796.0,1543400.0,190100.0,1181000
S00499,2022-05-13,V1481,D027,C00124,Tamil Nadu,9,93063.0,795400.0,100500.0,660000
S00500,2025-01-30,V1257,D018,C01000,Maharashtra,10,79644.0,1895300.0,164900.0,1875000
S00501,2023-10-14,V1405,D038,C01759,Gujarat,7,78191.0,1347900.0,104800.0,1142000
S00502,2022-01-28,V1369,D018,C02066,Delhi,5,89615.0,320900.0,3100.0,295000
S00503,2024-09-10,V1280,D029,C01834,Karnataka,8,55805.0,450700.0,16900.0,402000
S00504,2023-10-27,V1444,D018,C01309,West Bengal,8,19721.0,1801900.0,33600.0,1808000
S00505,2025-02-01,V1065,D011,C01238,Uttar Pradesh,6,95528.0,596500.0,65100.0,552000
S00506,2024-06-22,V1461,D031,C01448,Maharashtra,7,49748.0,712500.0,7000.0,692000
S00507,2025-02-24,V1426,D031,C01677,Gujarat,6,59950.0,571800.0,77500.0,500000
S00508,2023-11-04,V1252,D017,C00403,West Bengal,8,23075.0,1285700.0,99400.0,1098000
S00509,2022-01-12,V1367,D014,C01597,Telangana,7,28713.0,378300.0,10500.0,389000
S00510,2022-07-10,V1261,D016,C02088,Rajasthan,7,89150.0,223800.0,23600.0,207000
S00511,2023-11-02,V1135,D024,C00599,West Bengal,7,62834.0,2076400.0,124000.0,1921000
S00512,2023-08-04,V1400,D032,C01091,Maharashtra,6,78393.0,1037200.0,110700.0,895000
S00513,2025-03-06,V1123,D009,C00572,Rajasthan,7,62735.0,2289500.0,62200.0,2239000
S00514,2023-08-25,V1158,D006,C00709,Uttar Pradesh,7,82490.0,1118500.0,32600.0,1036000
S00515,2025-06-10,V1260,D009,C00454,Tamil Nadu,9,25758.0,2291100.0,0.0,2231000
S00516,2022-10-02,V1419,D024,C02373,Delhi,6,62530.0,1169000.0,126000.0,1071000
S00517,2023-07-17,V1192,D027,C00365,Tamil Nadu,9,36258.0,1760600.0,162500.0,1563000
S00518,2025-01-09,V1248,D040,C01898,Gujarat,6,31030.0,2313800.0,137100.0,2224000
S00519,2022-07-01,V1021,D005,C01188,Kerala,8,92233.0,895400.0,141300.0,746000
S00520,2023-04-15,V1058,D032,C02071,Tamil Nadu,5,91947.0,381600.0,61700.0,322000
S00521,2025-01-03,V1028,D014,C02105,Uttar Pradesh,7,50129.0,973100.0,24000.0,1000000
S00522,2024-05-10,V1037,D008,C00454,Karnataka,10,106484.0,575100.0,29500.0,612000
S00523,2025-02-10,V1435,D017,C02050,Tamil Nadu,8,35569.0,814300.0,68300.0,726000
S00524,2024-01-24,V1421,D033,C01819,Kerala,7,82847.0,762800.0,56400.0,763000
S00525,2025-06-09,V1411,D037,C00136,Uttar Pradesh,9,65146.0,1513500.0,126600.0,1208000
S00526,2025-07-05,V1028,D004,C00421,Delhi,9,64358.0,933100.0,36900.0,800000
S00527,2025-11-24,V1039,D017,C00118,Rajasthan,6,65351.0,1431200.0,48900.0,1486000
S00528,2022-06-28,V1141,D003,C02051,Tamil Nadu,8,93226.0,935800.0,29600.0,989000
S00529,2024-05-13,V1283,D008,C01784,Telangana,5,76955.0,476800.0,13100.0,397000
S00530,2022-06-16,V1168,D024,C02480,Maharashtra,10,70098.0,818700.0,54600.0,788000
S00531,2022-12-01,V1244,D029,C01555,Uttar Pradesh,8,30103.0,1023800.0,143200.0,921000
S00532,2023-03-15,V1087,D023,C00533,Delhi,8,74623.0,899300.0,29500.0,890000
S00533,2024-08-02,V1366,D021,C00171,Kerala,9,61364.0,451300.0,32800.0,407000
S00534,2023-09-23,V1157,D024,C01108,Tamil Nadu,7,115822.0,1285900.0,126800.0,1167000
S00535,2025-06-17,V1034,D029,C00905,Telangana,6,90401.0,969000.0,82500.0,1007000
S00536,2023-03-13,V1372,D038,C00876,Telangana,8,40784.0,385500.0,15100.0,374000
S00537,2024-06-20,V1452,D040,C01564,Uttar Pradesh,6,48683.0,1839000.0,140000.0,1813000
S00538_DUP,2025-01-20,V1008,D027,C01708,Karnataka,6,96764.0,498300.0,69500.0,471000
S00539,2025-12-03,V1219,D023,C01686,Tamil Nadu,8,75920.0,971000.0,50200.0,996000
S00540,2022-12-25,V1414,D027,C02145,Kerala,8,62653.0,1481200.0,59800.0,1550000
S00541,2024-12-07,V1354,D009,C00594,Uttar Pradesh,9,83449.0,2014600.0,195800.0,1857000
S00542,2022-05-04,V1429,D002,C00181,Gujarat,9,85627.0,836600.0,55000.0,767000
S00543,2024-03-04,V1208,D038,C00527,West Bengal,6,68329.0,1057500.0,54200.0,1004000
S00544,2023-08-28,V1187,D024,C00221,Gujarat,7,47380.0,1342800.0,73400.0,1310000
S00545,2025-11-01,V1355,D017,C01133,Delhi,8,64829.0,599300.0,39200.0,574000
S00546,2025-02-03,V1077,D020,C00817,Maharashtra,8,92098.0,1708100.0,112400.0,1597000
S00547,2025-09-16,V1120,D017,C01365,Tamil Nadu,8,43157.0,841100.0,111200.0,765000
S00548,2025-05-27,V1301,D025,C02079,Tamil Nadu,10,124361.0,1218200.0,169200.0,1131000
S00549,2023-08-23,V1335,D022,C01722,Kerala,9,62589.0,1775400.0,43200.0,1602000
S00550,2024-12-07,V1060,D001,C01774,Gujarat,7,62368.0,1308400.0,62200.0,1198000
S00551,2022-02-14,V1255,D036,C00995,Rajasthan,6,48699.0,1761400.0,148800.0,1503000
S00552,2024-03-26,V1183,D040,C00848,Delhi,8,58949.0,762700.0,82100.0,692000
S00553,2022-03-11,V1251,D033,C02380,Delhi,7,44100.0,2183100.0,139500.0,2034000
S00554,2024-11-24,V1480,D005,C00553,Gujarat,6,26293.0,1066600.0,52600.0,960000
S00555,2025-11-13,V1039,D014,C02301,Karnataka,7,59528.0,1276300.0,106200.0,1258000
S00556,2024-09-22,V1498,D011,C01440,Kerala,9,73817.0,2098500.0,192500.0,2141000
S00557,2025-05-12,V1225,D040,C00873,Rajasthan,6,91374.0,1455400.0,128600.0,1207000
S00558,2022-12-09,V1387,D016,C01471,Karnataka,8,83297.0,1495400.0,83000.0,1337000
S00559,2025-12-23,V1213,D009,C01350,Gujarat,8,103121.0,1155500.0,109500.0,954000
S00560,2024-03-15,V1156,D019,C02003,Kerala,5,54229.0,967200.0,70500.0,881000
S00561,2024-09-12,V1386,D018,C02481,Maharashtra,7,108831.0,1009400.0,201900.0,918000
S00562,2025-01-30,V1344,D034,C00113,Kerala,7,43920.0,1913600.0,126500.0,1710000
S00563,2024-07-23,V1073,D038,C01802,Uttar Pradesh,7,75559.0,773400.0,68900.0,606000
S00564,2023-04-09,V1353,D012,C00122,Tamil Nadu,10,92147.0,1198400.0,180600.0,1068000
S00565,2024-06-12,V1377,D026,C02216,Gujarat,6,65326.0,294900.0,31000.0,264000
S00566,2024-08-13,V1194,D021,C00729,Karnataka,10,62601.0,899400.0,91300.0,835000
S00567,2025-06-06,V1463,D021,C02143,Gujarat,7,48581.0,723700.0,35200.0,686000
S00568,2023-12-05,V1321,D015,C00943,Gujarat,8,96634.0,561800.0,35300.0,609000
S00569,2024-01-04,V1167,D017,C00639,Delhi,6,83354.0,763700.0,42900.0,670000
S00570,2024-01-06,V1006,D010,C01878,West Bengal,7,103766.0,881500.0,170800.0,668000
S00571,2022-06-17,V1338,D021,C01462,Uttar Pradesh,7,98773.0,527800.0,107900.0,446000
S00572,2022-05-12,V1105,D009,C01337,Gujarat,10,108631.0,519100.0,54200.0,479000
S00573,2022-01-30,V1379,D017,C01564,Kerala,5,28872.0,650200.0,44900.0,570000
S00574,2024-08-31,V1263,D031,C01767,Rajasthan,6,80588.0,309500.0,22500.0,295000
S00575,2023-09-04,V1234,D026,C00304,Telangana,9,81231.0,1443700.0,59700.0,1339000
S00576,2025-06-18,V1082,D029,C01478,Karnataka,7,107198.0,725000.0,40800.0,679000
S00577,2024-10-22,V1356,D031,C02272,Uttar Pradesh,7,38323.0,800300.0,25900.0,731000
S00578,2022-07-26,V1083,D016,C00289,Tamil Nadu,9,98988.0,780900.0,5600.0,808000
S00579,2022-05-27,V1209,D037,C01764,Rajasthan,8,85962.0,914500.0,163600.0,787000
S00580,2023-06-19,V1419,D007,C00683,Uttar Pradesh,7,53655.0,1209000.0,21600.0,1237000
S00581,2025-09-07,V1461,D001,C01697,West Bengal,7,76414.0,528000.0,39600.0,455000
S00582,2022-03-13,V1495,D036,C00299,Delhi,8,59893.0,1936900.0,19800.0,1984000
S00583,2022-10-01,V1480,D025,C00969,Gujarat,7,31911.0,853600.0,122300.0,738000
S00584,2022-02-13,V1278,D005,C01014,Gujarat,6,90844.0,456400.0,29300.0,421000
S00585,2023-08-28,V1101,D001,C00044,Rajasthan,7,90564.0,728000.0,123100.0,576000
S00586,2025-12-16,V1420,D019,C00279,Tamil Nadu,4,49758.0,1417400.0,84500.0,1310000
S00587,2024-09-25,V1401,D029,C02369,Kerala,8,74720.0,1455200.0,104300.0,1366000
S00588,2023-12-22,V1496,D040,C00081,Delhi,9,39635.0,2270400.0,52200.0,2066000
S00589,2022-07-30,V1326,D030,C01201,Kerala,9,80884.0,702900.0,29600.0,684000
S00590,2023-06-04,V1071,D031,C00135,Karnataka,8,59088.0,2287600.0,170600.0,1915000
S00591,2024-02-06,V1252,D009,C01355,Delhi,9,34452.0,1548900.0,75100.0,1542000
S00592,2023-02-06,V1225,D002,C00739,West Bengal,8,83611.0,1704800.0,278300.0,1654000
S00593,2024-10-27,V1422,D038,C00430,Rajasthan,5,45207.0,1154200.0,65500.0,1091000
S00594,2025-12-02,V1197,D029,C00821,Gujarat,10,98528.0,558700.0,74800.0,492000
S00595,2022-10-28,V1165,D037,C00832,Kerala,10,112832.0,651800.0,49700.0,659000
S00596,2023-01-04,V1041,D018,C01637,Uttar Pradesh,7,116627.0,1370300.0,232700.0,1047000
S00597,2022-07-04,V1418,D006,C00369,Maharashtra,10,75369.0,1545000.0,107400.0,1488000
S00598,2024-11-26,V1378,D005,C00708,Karnataka,7,43669.0,516700.0,33500.0,427000
S00599,2023-11-06,V1021,D011,C01879,Tamil Nadu,8,97800.0,469400.0,44100.0,397000
S00600,2023-02-19,V1217,D026,C01211,Tamil Nadu,8,103853.0,1484400.0,133000.0,1627000
S00601,2022-11-17,V1240,D017,C01244,Karnataka,7,39698.0,915200.0,25800.0,919000
S00602,2022-04-13,V1235,D003,C00849,Delhi,6,42240.0,1306300.0,66400.0,1301000
S00603,2023-11-27,V1460,D029,C01275,Tamil Nadu,9,48215.0,2052200.0,251300.0,1792000
S00604,2024-09-25,V1076,D036,C00783,Uttar Pradesh,8,37665.0,2054300.0,164800.0,1811000
S00605,2022-12-10,V1154,D018,C01685,Delhi,7,92092.0,1694100.0,25300.0,1687000
S00606,2022-01-03,V1091,D009,C01324,Gujarat,7,74595.0,767900.0,114100.0,636000
S00607,2023-11-23,V1123,D038,C00062,Maharashtra,8,63705.0,1511900.0,102400.0,1422000
S00608,2024-09-14,V1454,D003,C01715,Kerala,9,73007.0,1968700.0,79800.0,1872000
S00609,2023-05-20,V1471,D008,C01269,Rajasthan,5,51764.0,1011400.0,116500.0,833000
S00610,2023-01-01,V1023,D007,C00387,Karnataka,8,60864.0,517300.0,14900.0,493000
S00611,2022-08-14,V1317,D036,C01642,West Bengal,9,83241.0,1493400.0,96400.0,1425000
S00612,2024-12-26,V1117,D002,C00729,Delhi,5,98711.0,939200.0,98900.0,748000
S00613,2025-06-12,V1097,D023,C00553,West Bengal,6,102927.0,785200.0,128300.0,616000
S00614,2025-01-29,V1147,D026,C01340,Karnataka,7,48603.0,1536000.0,42900.0,1482000
S00615,2024-01-28,V1098,D040,C00800,Telangana,7,91399.0,623300.0,70300.0,552000
S00616,2024-11-23,V1246,D034,C01385,Gujarat,9,54846.0,1756700.0,299000.0,1347000
S00617,2023-08-03,V1498,D021,C01158,Tamil Nadu,9,76886.0,1105100.0,112800.0,859000
S00618,2022-02-05,V1294,D017,C02007,Karnataka,4,103809.0,219300.0,15500.0,214000
S00619,2023-06-22,V1362,D007,C00754,Karnataka,6,57487.0,369700.0,22800.0,357000
S00620,2024-10-25,V1247,D004,C02152,Kerala,6,44468.0,1564100.0,236800.0,1451000
S00621,2024-08-03,V1007,D038,C00383,Kerala,3,102070.0,915800.0,144700.0,758000
S00622,2025-12-17,V1043,D007,C01941,Gujarat,6,97698.0,1702400.0,143600.0,1451000
S00623,2025-12-28,V1135,D013,C02486,Maharashtra,7,52854.0,944200.0,140000.0,770000
S00624,2022-12-21,V1122,D003,C00888,Uttar Pradesh,9,92988.0,1369000.0,181000.0,1203000
S00625,2022-01-14,V1421,D030,C00385,Kerala,7,66576.0,605600.0,35300.0,526000
S00626,2023-02-05,V1422,D001,C01359,Maharashtra,7,46592.0,647000.0,4800.0,649000
S00627,2025-07-04,V1428,D021,C00955,Tamil Nadu,7,32496.0,1514000.0,149500.0,1313000
S00628,2025-04-03,V1319,D008,C00770,Rajasthan,7,57658.0,1597300.0,29300.0,1582000
S00629,2022-05-25,V1279,D029,C01481,Gujarat,6,72589.0,280400.0,38000.0,277000
S00630,2022-08-23,V1325,D027,C01347,Delhi,7,104055.0,1330500.0,75800.0,1078000
S00631,2024-04-03,V1204,D030,C02288,Uttar Pradesh,8,61626.0,939600.0,70500.0,889000
S00632,2024-08-23,V1336,D038,C01435,Karnataka,10,59278.0,1728700.0,116100.0,1622000
S00633,2025-12-06,V1398,D031,C00073,West Bengal,8,96948.0,744300.0,67500.0,632000
S00634,2025-01-08,V1382,D027,C00251,Karnataka,4,106813.0,1401300.0,153900.0,1136000
S00635,2022-11-06,V1307,D033,C01362,West Bengal,9,57483.0,2330100.0,0.0,2352000
S00636,2022-02-24,V1030,D017,C02055,Karnataka,7,82633.0,1149300.0,0.0,1247000
S00637,2024-07-14,V1363,D018,C02091,Delhi,6,50436.0,570800.0,9800.0,565000
S00638,2024-03-20,V1184,D028,C01506,Karnataka,7,43579.0,2004600.0,138500.0,1791000
S00639,2025-09-08,V1372,D025,C01947,Tamil Nadu,5,28943.0,675100.0,18100.0,626000
S00640,2024-04-21,V1270,D012,C01765,Maharashtra,9,95280.0,271100.0,0.0,245000
S00641,2024-01-03,V1441,D031,C02416,Tamil Nadu,10,92547.0,504200.0,49100.0,422000
S00642,2023-03-20,V1170,D019,C02249,Gujarat,8,94076.0,907500.0,129600.0,934000
S00643,2022-05-07,V1466,D040,C00644,Gujarat,7,58768.0,645300.0,7100.0,638000
S00644,2025-07-04,V1423,D020,C02444,Maharashtra,7,55093.0,1422400.0,75300.0,1336000
S00645,2025-04-21,V1166,D005,C01443,Tamil Nadu,5,95837.0,453700.0,20800.0,437000
S00646,2022-08-26,V1242,D002,C02313,Maharashtra,7,53243.0,1806300.0,50100.0,1764000
S00647,2024-10-25,V1266,D007,C00819,Kerala,7,85891.0,302500.0,0.0,300000
S00648,2023-06-17,V1385,D005,C00705,Gujarat,7,124932.0,592900.0,100300.0,448000
S00649,2023-10-01,V1345,D035,C00451,Delhi,9,88309.0,669100.0,59400.0,633000
S00650,2025-05-24,V1427,D023,C00300,Delhi,6,41433.0,920200.0,95700.0,806000
S00651,2025-05-15,V1185,D021,C01365,Tamil Nadu,6,92936.0,1610000.0,72100.0,1628000
S00652,2022-10-06,V1253,D018,C00916,Delhi,7,75640.0,1697200.0,263500.0,1397000
S00653,2023-03-26,V1216,D037,C00207,Tamil Nadu,8,56513.0,1242200.0,43600.0,1220000
S00654,2025-04-15,V1455,D013,C00439,Uttar Pradesh,8,55947.0,1650200.0,192800.0,1300000
S00655,2025-09-01,V1153,D040,C01160,Telangana,8,96207.0,811000.0,39000.0,854000
S00656,2022-04-26,V1294,D028,C01774,Kerala,8,117074.0,413500.0,0.0,426000
S00657,2025-05-02,V1061,D004,C01509,Maharashtra,7,103632.0,2016100.0,110400.0,2013000
S00658,2023-12-16,V1426,D031,C01994,Rajasthan,5,51554.0,1077200.0,112000.0,969000
S00659,2024-05-12,V1193,D031,C01869,Rajasthan,10,83125.0,1372700.0,216800.0,1168000
S00660,2022-04-21,V1171,D039,C00370,Uttar Pradesh,7,88255.0,696800.0,100800.0,614000
S00661,2024-09-21,V1292,D007,C00785,Maharashtra,6,72644.0,310500.0,23300.0,284000
S00662,2024-09-17,V1250,D034,C02400,Rajasthan,10,58114.0,1826100.0,162900.0,1715000
S00663,2024-08-26,V1424,D032,C01946,Kerala,10,31264.0,1279200.0,103700.0,1213000
S00664,2025-03-01,V1266,D031,C02072,Maharashtra,9,74830.0,395900.0,38000.0,353000
S00665,2025-10-14,V1259,D010,C00244,Delhi,6,30947.0,2041800.0,181900.0,1721000
S00666,2025-05-26,V1053,D027,C01437,Delhi,8,112018.0,378100.0,9100.0,333000
S00667,2024-12-24,V1011,D027,C00812,Telangana,8,97337.0,540700.0,58800.0,488000
S00668,2025-12-04,V1200,D008,C00285,Maharashtra,8,45624.0,1474500.0,0.0,1519000
S00669,2024-09-12,V1500,D009,C02383,Delhi,6,40658.0,1530800.0,37200.0,1548000
S00670,2024-09-08,V1459,D014,C01485,Gujarat,7,49644.0,1548300.0,157600.0,1468000
S00671,2024-03-02,V1315,D012,C01518,Uttar Pradesh,7,56158.0,1299400.0,56300.0,1255000
S00672,2025-01-28,V1316,D013,C01670,Uttar Pradesh,9,47084.0,1001100.0,119700.0,849000
S00673,2022-04-15,V1196,D026,C01862,Telangana,6,41036.0,1229200.0,1300.0,1175000
S00674,2024-01-09,V1089,D012,C00497,Maharashtra,8,127157.0,396900.0,56900.0,288000
S00675,2023-09-14,V1005,D003,C01341,Kerala,7,130295.0,627900.0,73600.0,519000
S00676,2025-08-26,V1170,D029,C01067,Karnataka,6,100944.0,779800.0,29200.0,645000
S00677,2022-04-17,V1159,D017,C01284,Gujarat,7,74107.0,1047800.0,0.0,1075000
S00678,2024-07-29,V1096,D007,C02051,Maharashtra,8,62964.0,652600.0,58000.0,640000
S00679,2022-09-27,V1130,D016,C01091,Uttar Pradesh,7,80191.0,654300.0,15800.0,661000
S00680,2025-07-14,V1013,D026,C02291,Uttar Pradesh,7,144207.0,898800.0,20500.0,914000
S00681,2025-05-29,V1304,D036,C00427,Karnataka,6,31965.0,1225200.0,44100.0,1190000
S00682,2022-12-10,V1464,D009,C01942,Kerala,6,27373.0,1255600.0,148700.0,1056000
S00683,2025-06-27,V1346,D020,C02322,Telangana,8,72127.0,1050400.0,39600.0,989000
S00684,2023-12-27,V1225,D032,C01386,Delhi,8,86163.0,776000.0,41700.0,665000
S00685,2025-11-19,V1211,D026,C00815,Maharashtra,7,83420.0,1178000.0,90300.0,1142000
S00686_DUP,2024-12-02,V1154,D025,C00667,Kerala,6,85690.0,624200.0,79700.0,523000
S00687,2022-02-20,V1072,D021,C00251,Tamil Nadu,9,46316.0,832300.0,16500.0,807000
S00688,2022-10-24,V1300,D030,C02146,Rajasthan,7,91699.0,440600.0,20900.0,433000
S00689,2023-08-13,V1284,D039,C00007,West Bengal,8,68469.0,503500.0,30300.0,424000
S00690,2022-11-05,V1004,D008,C00444,Gujarat,9,92222.0,879000.0,71700.0,771000
S00691,2022-07-13,V1208,D009,C02302,Delhi,7,59313.0,746800.0,98700.0,669000
S00692,2025-11-29,V1140,D038,C02186,Maharashtra,9,41514.0,1222600.0,95200.0,1117000
S00693,2025-06-23,V1086,D014,C00481,Rajasthan,10,91487.0,584800.0,81500.0,491000
S00694,2023-09-27,V1352,D012,C02387,Karnataka,8,47617.0,760600.0,73000.0,738000
S00695,2022-11-11,V1263,D012,C00392,West Bengal,8,82196.0,492900.0,45800.0,431000
S00696,2022-09-23,V1317,D011,C02344,Delhi,8,94788.0,627300.0,52800.0,452000
S00697,2025-08-30,V1357,D021,C01069,Kerala,6,76883.0,1003200.0,71000.0,894000
S00698,2023-04-30,V1491,D032,C00548,Maharashtra,10,65385.0,659500.0,70200.0,577000
S00699,2022-01-19,V1402,D008,C01419,Maharashtra,8,76338.0,1992600.0,94700.0,1848000
S00700,2023-08-04,V1311,D023,C00226,Maharashtra,6,55339.0,2093500.0,28500.0,2073000
S00701,2023-10-26,V1440,D030,C00061,Uttar Pradesh,8,32752.0,1405100.0,88500.0,1244000
S00702,2024-06-29,V1239,D031,C01818,Tamil Nadu,7,62957.0,1204100.0,121200.0,1070000
S00703,2023-05-10,V1493,D003,C02123,Telangana,10,91125.0,607100.0,117100.0,466000
S00704,2025-09-10,V1381,D013,C00483,Maharashtra,7,123600.0,631400.0,119200.0,456000
S00705,2024-07-29,V1326,D002,C00606,Telangana,7,79655.0,609000.0,46100.0,682000
S00706,2025-12-12,V1452,D030,C01572,Rajasthan,9,40458.0,2204600.0,145000.0,2088000
S00707,2023-06-21,V1258,D037,C02318,Gujarat,8,58894.0,1128700.0,45800.0,1036000
S00708,2024-08-10,V1361,D007,C02413,Delhi,7,87104.0,544500.0,25300.0,525000
S00709,2023-06-18,V1143,D036,C01587,Delhi,6,89846.0,1938200.0,9000.0,2127000
S00710,2024-10-19,V1482,D003,C01696,Rajasthan,9,65929.0,639000.0,63200.0,645000
S00711,2024-12-25,V1312,D034,C00871,Maharashtra,8,39600.0,2588600.0,78900.0,2483000
S00712,2023-04-16,V1392,D028,C01120,Maharashtra,6,79230.0,1193600.0,80300.0,1068000
S00713,2025-10-01,V1231,D022,C00600,West Bengal,8,51691.0,1489900.0,106700.0,1379000
S00714,2025-06-06,V1434,D022,C01869,West Bengal,8,55930.0,1394000.0,128400.0,1194000
S00715,2025-07-30,V1038,D027,C01830,West Bengal,10,88469.0,558100.0,39500.0,575000
S00716,2022-11-15,V1058,D024,C00219,West Bengal,7,92394.0,624500.0,56500.0,556000
S00717,2024-11-14,V1254,D022,C00542,Karnataka,8,62178.0,2074700.0,103300.0,1909000
S00718,2022-06-05,V1367,D004,C01951,Telangana,6,41274.0,600800.0,65000.0,525000
S00719,2022-06-04,V1405,D007,C00476,Karnataka,9,72737.0,1340900.0,159300.0,1164000
S00720,2025-11-22,V1221,D033,C00588,Tamil Nadu,7,77978.0,969600.0,24100.0,908000
S00721,2022-08-12,V1325,D020,C01463,Maharashtra,7,84527.0,1225500.0,97000.0,1226000
S00722,2025-06-16,V1277,D018,C00818,Maharashtra,8,94045.0,377900.0,71000.0,367000
S00723,2023-09-22,V1481,D016,C00511,Karnataka,6,75740.0,757200.0,39900.0,706000
S00724,2023-03-20,V1328,D036,C01286,Tamil Nadu,6,68260.0,1332100.0,141600.0,1156000
S00725,2022-04-18,V1209,D029,C00298,Uttar Pradesh,10,107699.0,979000.0,98100.0,1018000
S00726,2024-09-13,V1485,D006,C01614,Uttar Pradesh,7,84438.0,450400.0,6800.0,399000
S00727,2024-11-19,V1054,D008,C01947,Kerala,5,119049.0,1517500.0,91900.0,1635000
S00728,2023-11-14,V1493,D025,C00488,Karnataka,10,78845.0,1330600.0,90600.0,1162000
S00729,2025-03-29,V1078,D034,C01004,Telangana,7,56129.0,1240700.0,63700.0,1228000
S00730,2023-04-18,V1145,D023,C00064,Telangana,7,114180.0,747700.0,27300.0,762000
S00731,2024-03-17,V1411,D036,C00365,Rajasthan,6,54834.0,1921600.0,131000.0,1737000
S00732,2023-02-23,V1367,D023,C02326,Rajasthan,8,26289.0,425300.0,42300.0,379000
S00733,2024-04-30,V1486,D003,C01216,Karnataka,7,78997.0,2068200.0,105000.0,1964000
S00734,2022-07-18,V1375,D030,C01129,Gujarat,8,65850.0,467400.0,22500.0,410000
S00735,2023-11-27,V1319,D027,C00438,Delhi,7,59431.0,1433000.0,67700.0,1331000
S00736,2024-03-13,V1174,D032,C00369,Tamil Nadu,8,104554.0,580200.0,43700.0,472000
S00737,2024-03-24,V1003,D031,C01039,Tamil Nadu,10,113561.0,846200.0,51100.0,796000
S00738,2023-10-15,V1062,D004,C00298,Uttar Pradesh,9,80066.0,671700.0,23000.0,636000
S00739,2024-07-29,V1149,D034,C02329,West Bengal,8,105116.0,1037700.0,124600.0,933000
S00740,2024-01-19,V1021,D038,C01262,Gujarat,5,100467.0,493600.0,73100.0,367000
S00741,2023-02-18,V1255,D002,C00274,Tamil Nadu,5,41064.0,2138900.0,255700.0,1941000
S00742,2022-11-11,V1389,D009,C01713,Rajasthan,9,109789.0,716300.0,71700.0,614000
S00743,2024-08-04,V1482,D019,C00621,Karnataka,7,61919.0,1140100.0,110000.0,1042000
S00744,2025-10-03,V1245,D030,C01175,Kerala,8,79381.0,1745000.0,154700.0,1709000
S00745,2025-01-05,V1438,D016,C02070,Karnataka,8,62568.0,915400.0,75000.0,900000
S00746,2024-07-21,V1493,D007,C01744,Maharashtra,7,80159.0,839100.0,30000.0,689000
S00747,2025-09-08,V1430,D002,C00297,Telangana,7,75131.0,1455400.0,120500.0,1331000
S00748,2025-08-07,V1233,D021,C00004,Karnataka,10,89468.0,963100.0,29100.0,874000
S00749,2024-01-10,V1163,D025,C00191,Rajasthan,10,88763.0,525600.0,36500.0,542000
S00750,2022-06-09,V1489,D031,C01179,West Bengal,6,81276.0,826000.0,43400.0,862000
S00751,2024-07-15,V1121,D030,C00649,West Bengal,7,81601.0,457900.0,39500.0,402000
S00752,2024-06-28,V1206,D017,C00154,Rajasthan,7,85330.0,1026100.0,72800.0,923000
S00753,2023-02-10,V1038,D036,C02342,Gujarat,10,88219.0,740500.0,82800.0,693000
S00754,2025-05-26,V1397,D024,C00576,Maharashtra,7,122292.0,1056400.0,75100.0,1034000
S00755,2025-06-24,V1325,D004,C01837,Rajasthan,9,99961.0,1102800.0,58100.0,990000
S00756,2023-04-29,V1043,D019,C01668,Karnataka,7,82819.0,1207700.0,0.0,1076000
S00757,2023-11-28,V1111,D039,C02480,Telangana,6,66824.0,1001000.0,75400.0,854000
S00758,2022-10-13,V1278,D007,C01385,Karnataka,8,94877.0,316400.0,3700.0,314000
S00759,2022-09-18,V1271,D003,C00041,Tamil Nadu,7,66555.0,493300.0,0.0,527000
S00760,2023-01-23,V1402,D019,C02150,Maharashtra,7,68729.0,1600900.0,69500.0,1582000
S00761,2023-06-19,V1134,D006,C01068,Uttar Pradesh,9,70890.0,1059800.0,72200.0,1030000
S00762,2023-02-03,V1463,D032,C02166,Uttar Pradesh,5,45489.0,830000.0,30100.0,834000
S00763,2022-08-10,V1223,D018,C02494,Maharashtra,5,57069.0,1467300.0,35100.0,1429000
S00764,2023-10-16,V1412,D010,C02171,Uttar Pradesh,8,40315.0,2551000.0,76400.0,2344000
S00765,2024-06-30,V1120,D038,C00642,Rajasthan,8,54907.0,1243900.0,154900.0,1077000
S00766,2023-04-22,V1019,D018,C02240,Uttar Pradesh,8,98144.0,475200.0,34200.0,453000
S00767,2024-02-19,V1028,D025,C00379,Delhi,9,63594.0,1548400.0,164400.0,1335000
S00768,2023-02-01,V1187,D013,C00020,Maharashtra,9,59125.0,1609300.0,158600.0,1404000
S00769,2024-10-25,V1477,D035,C00056,Telangana,9,73707.0,717300.0,74300.0,606000
S00770,2024-08-05,V1025,D032,C02462,Telangana,8,90260.0,1111100.0,83600.0,1031000
S00771,2025-11-03,V1185,D006,C01216,Kerala,8,79618.0,1162300.0,130300.0,973000
S00772,2022-03-19,V1055,D016,C00748,Telangana,10,76458.0,619600.0,23400.0,642000
S00773,2025-05-31,V1466,D012,C01958,,9,54259.0,538200.0,48600.0,516000
S00774,2023-05-13,V1338,D025,C00335,West Bengal,6,84696.0,1430700.0,281000.0,1324000
S00775,2022-04-07,V1382,D025,C00424,West Bengal,6,94042.0,1037800.0,59100.0,1100000
S00776,2024-10-04,V1357,D001,C00782,Tamil Nadu,5,87473.0,841700.0,28900.0,796000
S00777,2022-09-08,V1329,D031,C01694,Tamil Nadu,8,103490.0,1201900.0,104100.0,1132000
S00778,2022-09-14,V1387,D038,C00434,Maharashtra,7,79847.0,1700700.0,126800.0,1787000
S00779,2025-12-02,V1005,D025,C00621,Uttar Pradesh,9,126252.0,600700.0,71700.0,500000
S00780,2022-11-19,V1433,D034,C02063,Karnataka,6,69863.0,848100.0,115500.0,741000
S00781,2024-03-10,V1370,D037,C00530,Telangana,8,55577.0,324200.0,24800.0,332000
S00782,2022-10-21,V1370,D010,C01480,Karnataka,5,50840.0,444700.0,44600.0,362000
S00783,2022-07-01,V1197,D006,C01843,Uttar Pradesh,10,96409.0,1324800.0,133000.0,1309000
S00784,2022-01-02,V1401,D011,C00678,Delhi,7,86639.0,769500.0,72700.0,587000
S00785,2022-01-24,V1191,D006,C00858,Telangana,8,72641.0,1258000.0,92900.0,1105000
S00786,2023-11-24,V1025,D039,C02253,Tamil Nadu,9,114076.0,735300.0,10200.0,756000
S00787,2023-09-27,V1454,D013,C00817,Gujarat,4,64817.0,1525600.0,34500.0,1540000
S00788,2022-02-26,V1118,D005,C00114,Uttar Pradesh,9,88331.0,996500.0,90900.0,882000
S00789,2023-05-26,V1051,D007,C00926,Maharashtra,8,92537.0,625900.0,74000.0,555000
S00790,2023-02-03,V1311,D022,C00098,Kerala,8,59137.0,934500.0,79900.0,793000
S00791,2024-04-14,V1117,D005,C01844,Delhi,7,93080.0,352900.0,56200.0,266000
S00792,2025-12-24,V1430,D006,C00634,Kerala,7,72226.0,710400.0,28400.0,683000
S00793,2024-10-07,V1222,D016,C00875,Delhi,9,68112.0,1467700.0,114100.0,1459000
S00794,2025-09-03,V1003,D007,C02371,Karnataka,8,102260.0,499800.0,27700.0,462000
S00795,2022-10-08,V1476,D039,C01004,Maharashtra,10,38089.0,1236100.0,77500.0,1119000
S00796,2022-11-11,V1258,D025,C02298,West Bengal,8,61248.0,1341200.0,74300.0,1197000
S00797,2025-01-01,V1132,D006,C00336,Tamil Nadu,6,55449.0,1212700.0,74500.0,1108000
S00798,2023-03-29,V1339,D032,C00819,Delhi,9,61059.0,951900.0,116600.0,835000
S00799,2025-05-25,V1266,D039,C01435,Delhi,6,71999.0,284600.0,14300.0,282000
S00800,2023-11-09,V1015,D025,C01505,Rajasthan,7,98390.0,881500.0,81600.0,870000
S00801,2022-10-21,V1380,D015,C00508,Uttar Pradesh,5,21297.0,397600.0,31400.0,358000
S00802,2025-05-18,V1201,D037,C02215,Uttar Pradesh,9,111049.0,1090300.0,82100.0,1000000
S00803,2024-03-15,V1350,D026,C02010,Karnataka,10,79208.0,697000.0,41400.0,708000
S00804,2025-03-18,V1448,D040,C00144,Telangana,6,41738.0,1192500.0,82100.0,1133000
S00805,2023-10-23,V1306,D025,C02132,Maharashtra,8,65383.0,2048800.0,178800.0,1690000
S00806,2022-07-04,V1336,D029,C02387,Rajasthan,6,51428.0,598500.0,41200.0,540000
S00807,2024-09-21,V1128,D003,C00157,Tamil Nadu,7,42297.0,1449500.0,148600.0,1364000
S00808,2022-07-01,V1119,D039,C02485,West Bengal,8,63046.0,1032600.0,109700.0,869000
S00809,2024-08-27,V1208,D029,C01307,Uttar Pradesh,6,53238.0,1048500.0,,1007000
S00810,2023-09-01,V1427,D039,C01476,Gujarat,8,46076.0,1047900.0,67100.0,994000
S00811,2025-03-02,V1263,D023,C01555,Uttar Pradesh,10,83071.0,472400.0,29100.0,429000
S00812,2025-06-25,V1175,D025,C01500,Telangana,7,74114.0,407100.0,12600.0,407000
S00813,2023-08-19,V1390,D010,C01536,Maharashtra,8,110200.0,1558600.0,185400.0,1472000
S00814,2025-07-12,V1427,D028,C02439,Rajasthan,7,53216.0,1477700.0,184700.0,1282000
S00815,2022-06-12,V1452,D012,C01537,West Bengal,9,38548.0,1856300.0,293700.0,1499000
S00816,2022-06-06,V1150,D029,C00711,Uttar Pradesh,8,93942.0,876900.0,65400.0,860000
S00817,2025-12-22,V1355,D013,C02138,Delhi,7,47425.0,740600.0,48000.0,700000
S00818,2024-04-19,V1296,D006,C00380,Rajasthan,6,69502.0,302800.0,19200.0,318000
S00819,2023-10-21,V1225,D020,C00665,Telangana,7,70134.0,1307100.0,154600.0,1095000
S00820,2022-08-16,V1199,D007,C02408,Gujarat,9,66394.0,1264100.0,157600.0,1219000
S00821,2023-02-27,V1058,D040,C01956,Delhi,5,107187.0,517300.0,32400.0,465000
S00822,2024-09-29,V1138,D013,C00833,Uttar Pradesh,6,72511.0,1400700.0,178700.0,1220000
S00823,2025-04-15,V1275,D025,C00828,Maharashtra,9,65876.0,335900.0,9000.0,294000
S00824,2025-08-31,V1444,D022,C00393,Tamil Nadu,6,45171.0,743500.0,39600.0,783000
S00825,2023-08-19,V1434,D036,C00010,,8,48724.0,640300.0,45100.0,621000
S00826,2023-10-27,V1094,D028,C01663,Tamil Nadu,6,114775.0,386700.0,58700.0,344000
S00827,2022-08-27,V1340,D025,C01304,Rajasthan,9,67579.0,1014900.0,42600.0,1110000
S00828,2022-05-02,V1043,D005,C01870,Maharashtra,6,97484.0,1498600.0,170100.0,1268000
S00829,2023-10-02,V1338,D005,C01604,Uttar Pradesh,6,85631.0,1262100.0,141400.0,1090000
S00830,2024-04-26,V1171,D011,C01665,Rajasthan,4,89152.0,819700.0,0.0,763000
S00831,2022-06-02,V1225,D004,C02263,Rajasthan,5,72163.0,1584400.0,172400.0,1388000
S00832,2023-08-20,V1359,D025,C01692,Delhi,8,57531.0,1321500.0,128900.0,1259000
S00833,2024-07-26,V1213,D021,C01575,Uttar Pradesh,6,100620.0,818700.0,46900.0,704000
S00834,2025-03-30,V1404,D029,C01747,Delhi,7,31691.0,1705100.0,176200.0,1600000
S00835,2025-10-03,V1267,D007,C02165,West Bengal,7,69778.0,451500.0,66700.0,402000
S00836,2023-05-13,V1500,D038,C02357,Maharashtra,9,47173.0,1487500.0,2900.0,1503000
S00837,2023-07-27,V1320,D035,C00842,Gujarat,8,56963.0,1248800.0,92900.0,1157000
S00838,2025-07-02,V1149,D015,C01881,Tamil Nadu,8,105392.0,1537000.0,173300.0,1366000
S00839,2024-10-09,V1388,D011,C02465,Delhi,9,71367.0,1212800.0,16000.0,1184000
S00840,2023-02-04,V1204,D029,C00624,Karnataka,6,71239.0,577700.0,63400.0,563000
S00841,2024-09-27,V1268,D012,C00623,Delhi,9,52802.0,518900.0,36900.0,477000
S00842,2022-08-19,V1069,D026,C01798,Rajasthan,7,90274.0,572400.0,84100.0,456000
S00843,2023-10-19,V1060,D019,C00771,Telangana,6,67148.0,677800.0,46200.0,655000
S00844,2023-03-24,V1288,D025,C01996,Delhi,9,64389.0,564600.0,70400.0,505000
S00845,2025-12-21,V1094,D010,C02492,Telangana,7,106405.0,970300.0,106800.0,838000
S00846,2022-02-21,V1499,D037,C01667,Gujarat,9,62335.0,1124300.0,60100.0,1123000
S00847,2025-06-05,V1428,D033,C02101,Tamil Nadu,7,44152.0,1064600.0,35800.0,1014000
S00848,2023-02-15,V1351,D030,C02253,Delhi,7,53347.0,1955500.0,136900.0,1690000
S00849,2022-02-22,V1368,D039,C00521,Tamil Nadu,4,36687.0,633500.0,68000.0,561000
S00850,2024-08-22,V1298,D036,C01309,Karnataka,7,80216.0,258300.0,24600.0,268000
S00851,2024-09-17,V1031,D005,C01132,Karnataka,8,81240.0,1045100.0,74700.0,1131000
S00852,2022-07-27,V1197,D034,C02043,Uttar Pradesh,6,83180.0,1051000.0,143200.0,918000
S00853,2022-02-25,V1248,D005,C00692,Delhi,8,31585.0,1469600.0,78200.0,1414000
S00854,2022-06-12,V1458,D007,C01041,Kerala,7,92124.0,932000.0,106400.0,772000
S00855,2023-08-21,V1110,D014,C01740,Uttar Pradesh,8,95076.0,648500.0,0.0,638000
S00856,2022-07-13,V1249,D007,C00722,Rajasthan,7,71387.0,1950700.0,235300.0,1750000
S00857,2024-10-24,V1173,D003,C01725,Delhi,10,117554.0,565700.0,41200.0,439000
S00858,2022-04-24,V1068,D026,C02493,Kerala,7,46660.0,1812900.0,75800.0,1658000
S00859,2025-02-26,V1052,D038,C02500,Kerala,6,74693.0,1067700.0,0.0,974000
S00860,2025-07-01,V1183,D026,C01094,Delhi,9,50991.0,696400.0,25200.0,672000
S00861,2024-11-13,V1042,D022,C00812,Karnataka,10,99111.0,925800.0,95100.0,803000
S00862,2025-10-11,V1034,D029,C01412,Rajasthan,6,96907.0,915900.0,104100.0,872000
S00863,2025-10-04,V1176,D032,C01923,Kerala,9,81092.0,801800.0,111300.0,700000
S00864,2022-03-10,V1101,D014,C01773,Telangana,7,91590.0,794000.0,115000.0,598000
S00865,2023-05-15,V1278,D021,C02084,West Bengal,9,81525.0,492900.0,52000.0,447000
S00866,2025-01-15,V1009,D039,C00813,Uttar Pradesh,5,128414.0,687900.0,73100.0,631000
S00867,2023-05-12,V1151,D031,C01056,Kerala,8,64215.0,836400.0,46800.0,884000
S00868,2024-12-12,V1227,D028,C00645,Kerala,6,51867.0,954600.0,72000.0,874000
S00869,2025-02-05,V1482,D013,C02273,Uttar Pradesh,6,70881.0,764000.0,94700.0,600000
S00870,2025-12-27,V1318,D024,C01192,Telangana,7,80818.0,925500.0,31800.0,892000
S00871,2023-04-27,V1441,D034,C00908,Uttar Pradesh,7,75629.0,1826500.0,156300.0,1807000
S00872,2023-05-24,V1172,D016,C00676,Delhi,8,69051.0,640100.0,0.0,701000
S00873,2022-02-05,V1225,D017,C02181,Gujarat,8,78215.0,1443800.0,144400.0,1504000
S00874,2023-02-22,V1211,D040,C01830,Uttar Pradesh,8,71010.0,2035900.0,254500.0,1869000
S00875,2023-02-14,V1444,D011,C02052,Rajasthan,7,43833.0,2179400.0,,2152000
S00876,2023-10-24,V1480,D029,C00696,Delhi,8,28472.0,877100.0,36300.0,777000
S00877,2023-09-08,V1482,D010,C00597,West Bengal,5,72283.0,1618200.0,121400.0,1525000
S00878,2025-06-05,V1376,D020,C00932,Tamil Nadu,9,20155.0,611400.0,24100.0,642000
S00879,2025-02-04,V1252,D014,C00691,Telangana,9,38141.0,1906700.0,27100.0,1822000
S00880,2024-11-30,V1271,D040,C01204,Uttar Pradesh,7,76276.0,545400.0,55600.0,512000
S00881,2022-01-08,V1491,D010,C00308,Uttar Pradesh,8,69360.0,2052200.0,119200.0,1931000
S00882,2023-11-21,V1143,D005,C00724,Delhi,9,72769.0,761200.0,59200.0,636000
S00883,2024-12-01,V1174,D003,C01726,Rajasthan,8,103357.0,975900.0,29500.0,879000
S00884,2022-12-24,V1449,D020,C01781,Kerala,9,88710.0,1254900.0,98800.0,1309000
S00885,2023-09-13,V1194,D030,C00020,Telangana,8,72347.0,1431200.0,189200.0,1266000
S00886,2024-11-28,V1118,D004,C01557,Tamil Nadu,9,52009.0,771200.0,81000.0,701000
S00887,2025-03-06,V1281,D020,C00605,Kerala,8,122100.0,365800.0,32400.0,378000
S00888,2025-06-02,V1163,D037,C00433,Tamil Nadu,9,96195.0,1166900.0,92300.0,1150000
S00889,2023-09-20,V1446,D005,C01009,Telangana,9,66869.0,1635400.0,278600.0,1158000
S00890,2023-08-08,V1455,D003,C00354,Maharashtra,8,50855.0,2100200.0,119800.0,1902000
S00891,2023-07-14,V1154,D002,C01463,Tamil Nadu,6,89430.0,987600.0,104600.0,816000
S00892,2024-09-03,V1265,D037,C00512,Rajasthan,9,106460.0,274200.0,50200.0,245000
S00893,2023-09-05,V1492,D014,C01266,Telangana,5,23725.0,1531500.0,95200.0,1474000
S00894,2023-08-08,V1372,D008,C00682,Uttar Pradesh,6,24113.0,616600.0,30900.0,609000
S00895,2022-09-03,V1108,D037,C00128,Uttar Pradesh,8,56210.0,1123900.0,122000.0,948000
S00896,2023-12-01,V1296,D017,C00370,Kerala,6,84592.0,493600.0,78200.0,397000
S00897,2022-12-13,V1310,D037,C01382,Gujarat,10,82185.0,1533900.0,59000.0,1560000
S00898,2024-02-06,V1327,D031,C01356,Delhi,7,88969.0,1360000.0,96900.0,1432000
S00899,2025-07-22,V1013,D019,C00203,Telangana,5,127921.0,435600.0,32900.0,459000
S00900,2025-02-07,V1150,D020,C00630,Tamil Nadu,6,95406.0,1587500.0,200000.0,1355000
S00901,2023-11-30,V1428,D021,C02252,Maharashtra,6,33119.0,1083200.0,73600.0,997000
S00902,2025-11-29,V1121,D032,C01569,Uttar Pradesh,5,92530.0,692600.0,95700.0,612000
S00903,2025-12-03,V1150,D006,C02415,Karnataka,6,86010.0,1637100.0,213100.0,1431000
S00904,2023-10-12,V1162,D002,C01557,Tamil Nadu,8,98041.0,471800.0,35000.0,443000
S00905,2025-01-20,V1089,D015,C01069,Delhi,8,110444.0,510400.0,92700.0,426000
S00906,2023-05-16,V1078,D013,C01872,Tamil Nadu,8,69776.0,2088300.0,32200.0,2081000
S00907,2025-07-07,V1174,D024,C00505,Maharashtra,3,109330.0,805000.0,127200.0,658000
S00908,2023-06-30,V1438,D008,C00875,Telangana,9,46592.0,929300.0,59600.0,862000
S00909,2023-01-13,V1001,D028,C01460,Telangana,9,141729.0,349400.0,50500.0,251000
S00910,2022-07-15,V1142,D017,C01999,Uttar Pradesh,7,104147.0,450100.0,41000.0,425000
S00911,2025-05-16,V1031,D012,C01529,Kerala,10,64036.0,482700.0,23500.0,433000
S00912,2023-03-10,V1281,D009,C00841,Gujarat,6,128464.0,206600.0,26400.0,204000
S00913,2025-04-03,V1126,D009,C01009,Uttar Pradesh,8,66882.0,1366000.0,94200.0,1177000
S00914,2022-05-07,V1396,D029,C00476,Karnataka,8,71346.0,1604000.0,224000.0,1463000
S00915,2024-01-02,V1293,D019,C00849,Maharashtra,7,119490.0,351600.0,52900.0,266000
S00916,2023-09-18,V1392,D015,C00429,Tamil Nadu,7,59578.0,1894700.0,155500.0,1729000
S00917,2023-10-04,V1318,D024,C00696,Tamil Nadu,8,66230.0,660600.0,67300.0,594000
S00918,2022-09-02,V1220,D038,C01689,Telangana,7,65236.0,1396200.0,121300.0,1409000
S00919,2022-04-18,V1431,D012,C01540,Tamil Nadu,7,34162.0,712300.0,29800.0,659000
S00920,2023-05-22,V1239,D029,C00969,Tamil Nadu,8,54611.0,1677400.0,137200.0,1370000
S00921,2023-11-19,V1475,D039,C00487,Kerala,7,27552.0,1023000.0,48100.0,1037000
S00922,2025-03-05,V1498,D010,C01031,Kerala,6,70313.0,1462600.0,47500.0,1325000
S00923,2023-11-07,V1295,D024,C01082,Karnataka,9,83524.0,461300.0,17100.0,459000
S00924,2022-12-26,V1338,D016,C00143,West Bengal,7,87883.0,917500.0,71000.0,912000
S00925,2023-01-19,V1128,D025,C01941,Delhi,7,45802.0,637000.0,24700.0,635000
S00926,2024-06-12,V1408,D006,C00501,Uttar Pradesh,8,34769.0,2533100.0,183100.0,2378000
S00927,2023-09-29,V1336,D039,C02333,Gujarat,7,53751.0,1573500.0,106600.0,1497000
S00928,2025-08-09,V1452,D037,C01333,Kerala,9,37431.0,1911800.0,272100.0,1708000
S00929,2023-10-05,V1134,D033,C01058,Rajasthan,9,69355.0,971000.0,12200.0,901000
S00930,2024-04-08,V1394,D029,C02440,Tamil Nadu,8,99497.0,509300.0,30800.0,459000
S00931,2022-04-04,V1236,D027,C01844,Uttar Pradesh,6,38678.0,719200.0,53000.0,657000
S00932,2022-10-11,V1093,D009,C01689,Maharashtra,8,111343.0,728200.0,32100.0,697000
S00933,2025-05-27,V1086,D033,C01581,Gujarat,10,107842.0,952900.0,86600.0,919000
S00934,2023-05-19,V1282,D016,C02474,Telangana,6,101709.0,356600.0,59700.0,306000
S00935,2023-09-08,V1160,D008,C02307,Rajasthan,4,76685.0,1570400.0,128500.0,1392000
S00936,2024-05-12,V1051,D023,C01199,Karnataka,6,74280.0,994900.0,0.0,887000
S00937,2022-03-26,V1214,D006,C02194,Kerala,9,78118.0,1017000.0,111300.0,970000
S00938,2024-01-11,V1327,D002,C00635,Maharashtra,7,83335.0,1722100.0,266600.0,1603000
S00939,2023-05-21,V1160,D027,C01760,Gujarat,8,62167.0,1719800.0,4700.0,1559000
S00940,2022-08-06,V1478,D028,C01337,Delhi,6,61514.0,1074200.0,39900.0,1048000
S00941,2023-09-04,V1390,D013,C00916,West Bengal,10,105083.0,1319300.0,103900.0,1164000
S00942,2023-10-15,V1257,D027,C01218,Karnataka,7,72955.0,1464900.0,135800.0,1282000
S00943,2022-09-30,V1468,D021,C00355,Kerala,8,17107.0,816200.0,59300.0,768000
S00944,2024-03-04,V1217,D002,C01714,Kerala,6,106393.0,856200.0,114400.0,708000
S00945,2024-12-26,V1070,D014,C01693,Kerala,7,86226.0,1952300.0,174000.0,1780000
S00946,2023-01-26,V1018,D007,C01236,West Bengal,7,122953.0,822400.0,105200.0,549000
S00947,2025-11-13,V1470,D021,C01183,Telangana,7,59443.0,1355300.0,0.0,1153000
S00948,2024-06-13,V1480,D037,C02090,Gujarat,6,11695.0,682800.0,33300.0,708000
S00949,2025-02-03,V1370,D001,C02421,Karnataka,9,58191.0,568000.0,33100.0,562000
S00950,2022-04-13,V1052,D026,C00820,Gujarat,7,80754.0,1501100.0,92500.0,1518000
S00951,2025-01-26,V1147,D022,C01570,Gujarat,8,63783.0,1009600.0,97100.0,874000
S00952,2023-05-07,V1021,D038,C01822,Delhi,9,106166.0,1045400.0,38300.0,922000
S00953,2024-11-03,V1026,D024,C02383,West Bengal,6,101321.0,650800.0,82300.0,541000
S00954,2025-03-21,V1124,D032,C02490,Delhi,9,52360.0,2216100.0,135200.0,2151000
S00955,2023-01-01,V1287,D030,C00134,Telangana,8,92347.0,370300.0,40100.0,311000
S00956,2023-01-14,V1033,D017,C01100,Karnataka,5,107583.0,949500.0,115300.0,733000
S00957,2022-03-28,V1493,D017,C01824,Telangana,8,77262.0,872300.0,18400.0,884000
S00958,2024-06-03,V1228,D022,C01469,Tamil Nadu,7,45774.0,1924500.0,222100.0,1556000
S00959,2025-02-04,V1132,D035,C00188,Gujarat,10,25114.0,1130700.0,157700.0,953000
S00960,2023-08-23,V1259,D005,C01161,Rajasthan,7,35965.0,1166100.0,102500.0,1040000
S00961,2022-08-24,V1396,D027,C02317,Kerala,6,69539.0,977500.0,79300.0,861000
S00962,2023-04-08,V1157,D040,C02197,Maharashtra,7,99923.0,1309300.0,163500.0,1041000
S00963,2023-08-12,V1024,D008,C02316,Uttar Pradesh,5,74148.0,1082200.0,135500.0,900000
S00964,2025-08-31,V1026,D036,C01972,Telangana,10,82783.0,1191400.0,189100.0,939000
S00965,2022-07-01,V1426,D014,C00899,Gujarat,7,60448.0,791800.0,86100.0,683000
S00966,2023-05-17,V1056,D029,C00811,Rajasthan,8,82054.0,1156700.0,73500.0,987000
S00967,2024-07-21,V1318,D027,C01169,Gujarat,8,73731.0,2078000.0,180000.0,1725000
S00968,2022-12-12,V1193,D009,C02357,Rajasthan,6,75958.0,502100.0,31200.0,460000
S00969,2025-07-16,V1389,D019,C01631,Kerala,6,115472.0,984600.0,120100.0,760000
S00970,2025-08-21,V1031,D029,C02471,Gujarat,6,67740.0,603800.0,3600.0,595000
S00971,2023-07-10,V1449,D002,C00279,West Bengal,10,94130.0,1312700.0,400.0,1161000
S00972,2024-12-25,V1350,D040,C01663,Rajasthan,10,72591.0,1059900.0,68800.0,916000
S00973,2025-01-09,V1225,D038,C00285,Telangana,7,101562.0,1153700.0,92400.0,1164000
S00974,2024-09-23,V1104,D009,C00776,Telangana,9,65796.0,943800.0,45300.0,938000
S00975,2022-09-30,V1489,D019,C01802,Kerala,6,87407.0,1229600.0,100200.0,1245000
S00976,2022-03-14,V1152,D016,C01137,Uttar Pradesh,4,52462.0,2118200.0,171700.0,2075000
S00977,2023-05-23,V1246,D010,C00454,Gujarat,9,53605.0,730100.0,44600.0,701000
S00978,2022-07-11,V1198,D034,C00232,Telangana,8,79119.0,1244200.0,77100.0,1128000
S00979,2023-03-04,V1116,D026,C01725,Uttar Pradesh,7,48379.0,664200.0,73700.0,604000
S00980,2024-07-21,V1209,D008,C01571,Delhi,9,94983.0,1126300.0,138700.0,940000
S00981,2024-05-10,V1076,D010,C01808,West Bengal,7,48405.0,2321300.0,136700.0,2063000
S00982,2022-11-02,V1001,D025,C00114,Kerala,6,134656.0,400000.0,94300.0,326000
S00983,2022-01-26,V1145,D011,C00686,Telangana,5,99645.0,1247700.0,47100.0,1127000
S00984,2022-11-26,V1057,D030,C02128,Rajasthan,9,108410.0,955200.0,22400.0,922000
S00985,2023-10-27,V1208,D018,C02394,West Bengal,6,62672.0,1509300.0,137400.0,1286000
S00986,2025-02-12,V1432,D036,C01280,West Bengal,8,42212.0,805200.0,42900.0,720000
S00987,2023-06-18,V1082,D036,C01339,Karnataka,7,105777.0,502500.0,69300.0,435000
S00988,2023-02-22,V1001,D023,C01921,Tamil Nadu,9,138001.0,453100.0,50100.0,366000
S00989,2024-03-16,V1056,D040,C00215,Maharashtra,7,70311.0,941000.0,33000.0,967000
S00990,2022-04-15,V1255,D031,C01721,Delhi,6,43114.0,1098600.0,42200.0,944000
S00991,2022-11-26,V1138,D003,C01246,Kerala,6,75104.0,1768300.0,196500.0,1558000
S00992,2022-02-23,V1245,D023,C01976,Kerala,7,82329.0,1706600.0,137000.0,1583000
S00993,2024-02-07,V1015,D026,C00708,Karnataka,9,82821.0,404100.0,68900.0,350000
S00994,2023-10-10,V1167,D003,C00869,Telangana,10,85925.0,867700.0,77900.0,753000
S00995,2024-05-01,V1206,D017,C01129,Delhi,7,103292.0,1726900.0,140800.0,1465000
S00996,2024-06-20,V1216,D031,C01425,Tamil Nadu,8,43424.0,2249700.0,208400.0,1917000
S00997,2023-08-01,V1276,D016,C01103,Telangana,10,59543.0,620500.0,84700.0,554000
S00998,2025-06-23,V1391,D036,C01480,Tamil Nadu,9,95144.0,1053600.0,115100.0,916000
S00999,2025-09-03,V1234,D018,C01037,West Bengal,10,67164.0,1483200.0,63900.0,1343000
S01000,2022-06-11,V1421,D014,C02334,Maharashtra,8,67594.0,974200.0,136500.0,755000
S01001,2025-09-06,V1265,D018,C02137,Gujarat,4,115826.0,226700.0,36000.0,183000
S01002,2022-10-15,V1131,D025,C00776,Gujarat,6,46627.0,1631100.0,128200.0,1361000
S01003,2022-12-29,V1115,D028,C00008,Delhi,8,69022.0,697700.0,52900.0,627000
S01004,2024-02-14,V1162,D022,C00530,Kerala,7,94967.0,517800.0,81600.0,116750
S01005,2022-02-12,V1299,D011,C00027,Tamil Nadu,7,106397.0,417600.0,15400.0,398000
S01006,2023-06-16,V1122,D031,C00681,West Bengal,9,76590.0,651700.0,71100.0,603000
S01007,2022-10-12,V1458,D016,C02115,West Bengal,9,93423.0,1883100.0,234300.0,1576000
S01008,2023-12-06,V1240,D017,C01523,West Bengal,7,34795.0,2332000.0,186700.0,2070000
S01009,2025-04-05,V1432,D029,C01631,Tamil Nadu,8,16306.0,1064100.0,84500.0,989000
S01010,2025-09-12,V1342,D005,C00909,Kerala,8,73402.0,1178100.0,98100.0,1233000
S01011,2022-11-07,V1167,D026,C01168,West Bengal,10,84230.0,402300.0,3600.0,379000
S01012,2024-03-07,V1115,D019,C01025,Kerala,7,83124.0,1101900.0,112700.0,1027000
S01013,2023-11-25,V1372,D027,C02077,Kerala,10,32551.0,712000.0,47500.0,627000
S01014,2023-08-30,V1166,D004,C00129,Maharashtra,7,100042.0,926500.0,70800.0,830000
S01015,2024-07-13,V1124,D004,C01104,Maharashtra,9,46838.0,1766400.0,55000.0,1670000
S01016,2025-12-16,V1466,D001,C00269,Kerala,10,65529.0,981100.0,68600.0,844000
S01017,2023-08-16,V1242,D020,C02193,Gujarat,10,43545.0,1170800.0,93200.0,1025000
S01018,2022-04-06,V1025,D012,C00184,Rajasthan,7,108350.0,531900.0,33500.0,509000
S01019,2025-08-31,V1248,D020,C01780,Delhi,7,26488.0,2340400.0,204000.0,2026000
S01020,2025-09-23,V1231,D018,C01112,Gujarat,5,70157.0,2004800.0,53900.0,1929000
S01021,2023-04-16,V1432,D029,C02064,Rajasthan,6,35428.0,590000.0,35300.0,580000
S01022,2024-01-03,V1356,D035,C01277,Karnataka,5,59277.0,1269900.0,100200.0,1191000
S01023,2025-06-14,V1096,D010,C00869,West Bengal,8,63806.0,732100.0,79900.0,680000
S01024,2024-01-06,V1076,D005,C00690,Uttar Pradesh,6,59452.0,1346700.0,36100.0,1332000
S01025,2023-12-05,V1302,D009,C01966,Uttar Pradesh,9,74700.0,1209300.0,115400.0,1037000
S01026,2025-09-08,V1024,D018,C02340,West Bengal,7,74598.0,1519700.0,88000.0,1262000
S01027,2025-04-25,V1160,D016,C00636,Gujarat,7,54065.0,2153600.0,69100.0,2304000
S01028,2024-01-12,V1070,D019,C02494,Maharashtra,9,73907.0,1766000.0,65400.0,1600000
S01029,2022-08-24,V1011,D037,C02001,Rajasthan,7,86391.0,888500.0,107500.0,791000
S01030,2023-10-03,V1460,D017,C01081,Telangana,9,45727.0,2277200.0,172600.0,2131000
S01031,2024-09-15,V1045,D038,C01293,Delhi,7,126484.0,747000.0,140400.0,532000
S01032,2023-02-03,V1005,D023,C02289,Karnataka,10,123338.0,876700.0,152800.0,728000
S01033,2024-02-24,V1467,D009,C01615,West Bengal,6,48449.0,829700.0,79900.0,749000
S01034,2024-08-20,V1095,D034,C02321,Karnataka,8,78700.0,1012800.0,70700.0,953000
S01035,2022-05-05,V1409,D031,C01566,Rajasthan,9,87024.0,1336900.0,3100.0,1452000
S01036,2024-04-12,V1016,D004,C00861,West Bengal,9,92022.0,667000.0,62800.0,642000
S01037,2024-12-13,V1077,D006,C01594,West Bengal,7,83245.0,725000.0,77000.0,716000
S01038,2022-11-10,V1056,D009,C01654,West Bengal,8,94145.0,1774700.0,255300.0,1693000
S01039,2024-03-12,V1354,D028,C01070,Karnataka,7,70452.0,850300.0,0.0,867000
S01040,2024-11-02,V1311,D027,C01978,Tamil Nadu,10,62964.0,1420500.0,211200.0,1135000
S01041,2022-03-06,V1238,D029,C02310,Gujarat,8,66815.0,2084600.0,117400.0,1904000
S01042,2024-07-30,V1121,D018,C01433,Kerala,8,97473.0,1034300.0,102600.0,1012000
S01043,2023-01-15,V1045,D016,C01966,Gujarat,9,119088.0,1026300.0,55200.0,1048000
S01044,2023-08-04,V1285,D003,C01739,Maharashtra,8,111293.0,366200.0,26300.0,308000
S01045,2024-08-04,V1116,D009,C01125,Kerala,7,67900.0,1218900.0,93700.0,1187000
S01046,2022-01-07,V1296,D015,C01408,Telangana,6,66458.0,295600.0,13200.0,300000
S01047,2022-01-25,V1344,D003,C00799,Uttar Pradesh,6,57877.0,2512900.0,292400.0,2192000
S01048,2023-10-15,V1425,D015,C01184,Karnataka,7,66853.0,975800.0,0.0,980000
S01049,2025-10-19,V1247,D030,C01679,Rajasthan,8,30438.0,1015100.0,88900.0,949000
S01050,2022-01-09,V1003,D016,C00275,Delhi,9,103186.0,907300.0,101500.0,840000
S01051,2025-02-26,V1141,D015,C02445,Delhi,9,107698.0,665600.0,45700.0,641000
S01052,2022-04-20,V1427,D019,C00721,Tamil Nadu,5,31645.0,547100.0,28200.0,558000
S01053,2023-12-16,V1267,D005,C00236,Kerala,7,67714.0,364000.0,27400.0,309000
S01054,2023-09-22,V1310,D007,C00731,Gujarat,6,86808.0,1417700.0,192500.0,1190000
S01055,2023-11-15,V1229,D034,C01553,Telangana,6,86994.0,1617200.0,142400.0,1299000
S01056,2022-04-30,V1082,D028,C01581,Delhi,7,99096.0,501600.0,40100.0,461000
S01057,2025-01-05,V1449,D014,C00788,Gujarat,8,93338.0,706700.0,59900.0,658000
S01058,2023-02-07,V1387,D013,C00566,Maharashtra,8,85577.0,1491400.0,113800.0,1367000
S01059,2025-01-31,V1498,D015,C01832,Telangana,7,79384.0,1301100.0,144000.0,1294000
S01060,2024-08-15,V1428,D012,C00149,Uttar Pradesh,9,15890.0,1324000.0,32700.0,1310000
S01061,2024-03-16,V1146,D033,C00385,West Bengal,7,93566.0,1563400.0,64900.0,1493000
S01062,2023-03-27,V1128,D035,C00693,Karnataka,9,51131.0,1118200.0,0.0,1173000
S01063,2024-08-10,V1125,D019,C00426,Kerala,6,90340.0,671900.0,141400.0,536000
S01064,2025-12-28,V1460,D001,C01078,Maharashtra ,10,46315.0,1380200.0,34100.0,1281000
S01065,2025-09-10,V1279,D007,C01986,Gujarat,6,82520.0,284100.0,20600.0,248000
S01066,2025-08-31,V1228,D035,C00876,Maharashtra,6,52073.0,2504400.0,173300.0,2236000
S01067,2022-11-17,V1485,D039,C01810,Uttar Pradesh,8,81488.0,679900.0,43200.0,650000
S01068,2024-05-05,V1302,D004,C02010,Karnataka,7,75704.0,1645500.0,206900.0,1628000
S01069,2023-08-05,V1455,D010,C00556,Gujarat,7,62506.0,703700.0,34500.0,735000
S01070,2025-11-13,V1493,D027,C01969,West Bengal,6,85243.0,985800.0,75100.0,974000
S01071,2025-10-20,V1040,D032,C01138,Tamil Nadu,5,48745.0,909000.0,39900.0,878000
S01072,2025-06-22,V1181,D004,C02177,Tamil Nadu,6,82009.0,1432700.0,83300.0,1416000
S01073,2022-08-26,V1368,D019,C01707,Kerala,7,36279.0,474600.0,24200.0,472000
S01074,2023-04-11,V1407,D001,C00149,West Bengal,6,57392.0,1545700.0,207500.0,1268000
S01075,2024-11-05,V1075,D040,C01294,Delhi,5,50914.0,1727600.0,89600.0,1600000
S01076,2024-12-31,V1160,D039,C01790,Delhi,8,45775.0,1326600.0,71300.0,1276000
S01077,2023-05-27,V1275,D021,C00770,Uttar Pradesh,5,80496.0,521400.0,48600.0,475000
S01078,2022-07-19,V1400,D027,C00053,Gujarat,10,89066.0,991700.0,44800.0,940000
S01079,2022-07-20,V1057,D005,C02189,Kerala,8,123023.0,1394500.0,99900.0,1342000
S01080,2024-09-27,V1301,D003,C01692,Telangana,7,95356.0,1747700.0,230900.0,1605000
S01081,2023-10-26,V1149,D001,C02077,Gujarat,10,105215.0,831500.0,92800.0,764000
S01082,2023-12-19,V1109,D005,C01639,Kerala,6,111464.0,701100.0,135600.0,446000
S01083,2025-04-06,V1258,D004,C02058,Tamil Nadu,9,62558.0,1037500.0,123800.0,925000
S01084,2022-01-25,V1208,D011,C01489,Gujarat,7,63919.0,2258900.0,147300.0,2041000
S01085,2025-01-07,V1318,D014,C00366,Telangana,8,54865.0,1396200.0,59300.0,1174000
S01086,2023-02-05,V1159,D038,C02075,Kerala,9,98139.0,1667900.0,223800.0,1457000
S01087,2025-09-22,V1412,D024,C01358,Maharashtra,5,43758.0,2196100.0,167500.0,2145000
S01088,2025-10-27,V1040,D001,C00059,Rajasthan,7,57347.0,1089800.0,38700.0,1067000
S01089,2024-01-04,V1431,D005,C00954,Kerala,8,52750.0,1403800.0,116900.0,1218000
S01090,2023-04-07,V1015,D014,C00314,Rajasthan,6,112994.0,650700.0,94100.0,615000
S01091,2022-12-07,V1368,D016,C02310,Tamil Nadu,7,44675.0,470800.0,23800.0,419000
S01092,2022-09-23,V1174,D011,C01732,Rajasthan,8,101319.0,547200.0,99800.0,383000
S01093,2025-12-30,V1192,D031,C01941,Maharashtra,4,51358.0,1259900.0,54900.0,1261000
S01094,2022-10-01,V1010,D003,C00512,Karnataka,6,116807.0,815800.0,131100.0,681000
S01095,2023-10-15,V1352,D016,C01332,Karnataka,8,38513.0,1072200.0,62300.0,998000
S01096,2023-12-02,V1083,D013,C00085,Delhi,10,93821.0,1024700.0,161300.0,809000
S01097,2024-09-19,V1330,D015,C00881,Maharashtra,9,93310.0,631600.0,89100.0,437000
S01098,2025-05-16,V1363,D036,C02374,Gujarat,9,45025.0,604200.0,43800.0,589000
S01099,2024-03-26,V1423,D013,C02393,Kerala,7,28941.0,1308300.0,108800.0,1286000
S01100,2025-01-12,V1355,D017,C00459,Karnataka,7,61711.0,2320800.0,118400.0,2282000
S01101,2024-04-07,V1151,D020,C00672,Maharashtra,6,84973.0,1007800.0,140100.0,961000
S01102,2023-10-01,V1370,D023,C01709,Kerala,6,58105.0,483300.0,48600.0,468000
S01103,2022-08-19,V1413,D015,C01274,Kerala,7,81282.0,620200.0,75200.0,560000
S01104,2022-11-01,V1159,D012,C01232,Karnataka,8,64953.0,2026200.0,227600.0,1829000
S01105,2023-09-24,V1063,D019,C01272,Gujarat,8,67736.0,1675500.0,47000.0,1744000
S01106,2022-03-09,V1446,D010,C02296,Rajasthan,6,56831.0,1341600.0,141400.0,1358000
S01107,2023-04-08,V1074,D040,C01703,Kerala,9,72089.0,1840400.0,199900.0,1630000
S01108,2023-11-07,V1297,D024,C00912,Uttar Pradesh,6,124534.0,373700.0,66100.0,351000
S01109,2023-11-22,V1119,D033,C01313,Rajasthan,7,84421.0,960900.0,138500.0,900000
S01110,2025-04-05,V1064,D015,C01266,Delhi,8,57590.0,714600.0,48700.0,666000
S01111,2025-11-14,V1389,D039,C00192,Karnataka,8,109479.0,720400.0,30900.0,769000
S01112,2024-12-02,V1072,D009,C01382,Maharashtra,7,52246.0,2218000.0,135600.0,1944000
S01113,2022-04-27,V1336,D013,C01208,Gujarat,7,52384.0,807000.0,53600.0,729000
S01114,2023-08-20,V1347,D026,C00940,Maharashtra,7,73992.0,626700.0,3800.0,635000
S01115,2024-12-02,V1031,D038,C00598,West Bengal,6,75352.0,673900.0,26800.0,657000
S01116,2024-05-18,V1087,D021,C01745,Telangana,6,84431.0,530300.0,37100.0,499000
S01117,2023-10-31,V1398,D036,C00763,Tamil Nadu,7,91130.0,1113900.0,182300.0,1041000
S01118,2023-09-30,V1254,D036,C01648,Kerala,7,39498.0,1282200.0,113900.0,1229000
S01119,2023-08-17,V1061,D014,C00335,Kerala,7,80423.0,1466400.0,142200.0,1349000
S01120,2024-04-25,V1496,D036,C00352,Tamil Nadu,8,50166.0,2120100.0,215200.0,1830000
S01121,2022-09-19,V1133,D006,C00360,Rajasthan,7,72455.0,493700.0,43100.0,466000
S01122,2024-01-27,V1003,D021,C01552,West Bengal,10,97722.0,873800.0,29500.0,838000
S01123,2022-10-28,V1463,D036,C01700,Delhi,8,53921.0,876400.0,0.0,893000
S01124,2024-09-21,V1009,D031,C01041,Rajasthan,7,127542.0,919700.0,80600.0,802000
S01125,2025-06-17,V1277,D033,C00158,West Bengal,6,85758.0,355800.0,59900.0,291000
S01126,2024-01-12,V1497,D026,C01072,Rajasthan,7,91553.0,1185600.0,47500.0,1114000
S01127,2023-07-21,V1289,D009,C00315,Delhi,7,122030.0,349000.0,46500.0,318000
S01128,2025-10-06,V1293,D012,C02217,Karnataka,6,115090.0,390600.0,25900.0,411000
S01129,2024-08-21,V1195,D023,C00043,Tamil Nadu,7,59197.0,1337700.0,87100.0,1270000
S01130,2023-09-18,V1064,D025,C01891,Gujarat,7,48544.0,955100.0,46600.0,965000
S01131,2022-02-12,V1287,D024,C02442,Telangana,9,96461.0,266900.0,7500.0,260000
S01132,2022-01-24,V1449,D017,C00274,West Bengal,5,104269.0,1018900.0,50200.0,830000
S01133,2022-11-20,V1046,D038,C01880,Tamil Nadu,6,124526.0,951500.0,75600.0,769000
S01134,2022-12-12,V1441,D038,C00694,Kerala,6,89436.0,759500.0,24000.0,869000
S01135,2024-11-19,V1208,D032,C00865,Uttar Pradesh,7,53017.0,1515500.0,59200.0,1393000
S01136,2024-01-02,V1269,D039,C02238,Gujarat,6,109849.0,227800.0,19700.0,206000
S01137,2025-12-31,V1083,D015,C00889,Tamil Nadu,8,80989.0,430700.0,48400.0,371000
S01138,2024-02-29,V1311,D003,C00673,Rajasthan,9,56511.0,1991200.0,97400.0,2058000
S01139,2025-08-12,V1092,D023,C00967,Uttar Pradesh,7,81724.0,657800.0,53000.0,598000
S01140,2024-03-18,V1137,D012,C01263,Telangana,9,98334.0,461700.0,50500.0,453000
S01141,2023-06-08,V1361,D010,C02475,Karnataka,9,81671.0,477400.0,53500.0,441000
S01142,2024-11-09,V1026,D024,C00406,Kerala,7,83687.0,756400.0,0.0,826000
S01143,2023-10-19,V1224,D016,C02222,Rajasthan,5,49086.0,637100.0,22400.0,580000
S01144,2023-02-06,V1298,D038,C00244,Telangana,8,108699.0,248300.0,13400.0,216000
S01145,2023-11-23,V1067,D036,C01842,West Bengal,10,48358.0,2514200.0,135800.0,2529000
S01146,2024-08-29,V1148,D033,C00105,Gujarat,8,52800.0,2041000.0,79000.0,1988000
S01147,2023-07-03,V1172,D014,C01048,Gujarat,10,67327.0,727500.0,63700.0,730000
S01148,2024-10-25,V1332,D002,C01574,Tamil Nadu,7,62692.0,1847800.0,110800.0,1821000
S01149,2025-12-03,V1489,D024,C02000,Telangana,5,86492.0,1269200.0,16800.0,1192000
S01150,2023-08-24,V1419,D014,C00365,West Bengal,6,60235.0,2190700.0,290200.0,1887000
S01151,2023-03-08,V1095,D011,C00209,Delhi,9,90828.0,1132400.0,64600.0,1102000
S01152,2023-08-11,V1010,D038,C01715,Tamil Nadu,9,119937.0,521100.0,0.0,471000
S01153,2025-05-09,V1026,D037,C01899,Karnataka,6,84783.0,631200.0,108900.0,539000
S01154,2022-09-19,V1298,D004,C02167,Uttar Pradesh,6,86385.0,357700.0,37600.0,331000
S01155,2025-11-23,V1079,D005,C02289,Tamil Nadu,10,75619.0,1983800.0,185800.0,1780000
S01156,2023-08-28,V1116,D010,C00885,West Bengal,10,53098.0,1458300.0,67200.0,1365000
S01157,2025-05-14,V1424,D035,C00721,Tamil Nadu,7,33727.0,1765600.0,110300.0,1684000
S01158,2025-02-23,V1437,D033,C02208,Karnataka,9,76348.0,1040500.0,117500.0,975000
S01159,2025-02-18,V1420,D006,C02072,Karnataka,7,35294.0,1302900.0,68100.0,1214000
S01160,2025-08-21,V1127,D008,C01895,West Bengal,5,43307.0,867500.0,55500.0,773000
S01161,2022-09-28,V1310,D009,C00940,Kerala,6,72591.0,1976300.0,99200.0,1814000
S01162,2024-05-17,V1306,D018,C00589,Telangana,8,74529.0,2009300.0,135400.0,1930000
S01163,2022-05-25,V1093,D018,C01853,Rajasthan,5,113889.0,805200.0,102900.0,701000
S01164,2023-03-14,V1277,D004,C01074,Tamil Nadu,6,85705.0,338900.0,50400.0,301000
S01165,2022-03-01,V1263,D010,C00787,Gujarat,7,83440.0,316600.0,2500.0,285000
S01166,2024-09-23,V1199,D001,C02419,Gujarat,8,67799.0,2176900.0,168400.0,2072000
S01167,2024-06-06,V1376,D033,C00705,Kerala,6,19748.0,459800.0,6500.0,450000
S01168,2024-12-17,V1339,D010,C00516,Kerala,6,62877.0,1689400.0,84400.0,1492000
S01169,2022-09-15,V1267,D026,C01557,Gujarat,9,68508.0,542100.0,31200.0,570000
S01170,2023-05-01,V1363,D040,C00181,Gujarat,9,40525.0,469200.0,50400.0,412000
S01171,2024-09-15,V1382,D004,C01567,Tamil Nadu,7,92980.0,739500.0,119200.0,576000
S01172,2025-04-22,V1284,D019,C00602,Rajasthan,6,61875.0,522100.0,37600.0,517000
S01173,2025-07-17,V1134,D038,C00162,West Bengal,7,69479.0,638400.0,69600.0,548000
S01174,2022-04-18,V1380,D019,C02332,Delhi,6,24088.0,442800.0,4600.0,429000
S01175,2023-08-12,V1359,D038,C00210,Rajasthan,9,54098.0,2298200.0,331200.0,1886000
S01176,2022-01-16,V1492,D005,C01753,Tamil Nadu,6,55543.0,2471400.0,192900.0,2401000
S01177,2025-04-10,V1075,D029,C00008,West Bengal,6,45964.0,1485700.0,115100.0,1389000
S01178,2022-06-29,V1210,D028,C00621,Gujarat,10,76286.0,1468400.0,224900.0,1423000
S01179,2025-04-16,V1463,D003,C01243,Karnataka,5,39343.0,1545800.0,204500.0,1343000
S01180,2022-08-16,V1258,D037,C01730,Maharashtra,6,65871.0,2008200.0,130300.0,2102000
S01181,2022-01-23,V1472,D031,C00477,,7,19180.0,933500.0,26800.0,851000
S01182,2025-07-08,V1007,D011,C01511,Rajasthan,8,98864.0,865100.0,29900.0,855000
S01183,2023-10-04,V1018,D038,C02402,Tamil Nadu,6,121544.0,751700.0,152900.0,616000
S01184,2023-09-13,V1399,D036,C01823,Delhi,8,93299.0,1484200.0,123900.0,1284000
S01185,2024-08-02,V1180,D014,C00704,Kerala,6,79212.0,737200.0,69500.0,708000
S01186,2023-02-06,V1261,D002,C02441,Kerala,7,90420.0,212200.0,43900.0,155000
S01187,2024-10-06,V1215,D003,C01752,Tamil Nadu,9,52999.0,634400.0,77700.0,523000
S01188,2023-09-19,V1204,D028,C00368,Gujarat,8,51627.0,2105200.0,117400.0,1998000
S01189,2023-02-03,V1470,D020,C02374,Delhi,7,45605.0,754500.0,41400.0,737000
S01190,2023-07-31,V1048,D013,C01478,Kerala,8,70540.0,1135500.0,141700.0,879000
S01191,2022-01-09,V1387,D006,C01741,Delhi,10,107573.0,897300.0,77000.0,847000
S01192,2023-03-17,V1445,D035,C00782,Telangana,9,91137.0,1728000.0,188000.0,1436000
S01193,2024-05-14,V1329,D023,C00740,Gujarat,6,86635.0,867100.0,66800.0,782000
S01194,2022-07-21,V1198,D039,C00321,Tamil Nadu,7,64263.0,550700.0,62100.0,485000
S01195,2022-06-23,V1081,D028,C00499,Gujarat,6,111223.0,544100.0,39800.0,491000
S01196,2024-08-16,V1342,D017,C02256,Delhi,9,90107.0,1656900.0,161200.0,1548000
S01197,2023-09-18,V1235,D040,C00229,Telangana,7,44765.0,1209800.0,151300.0,979000
S01198,2022-07-19,V1075,D008,C01512,Kerala,9,62762.0,1145700.0,128500.0,1018000
S01199,2024-12-28,V1180,D031,C02400,Gujarat,6,73126.0,812500.0,57000.0,743000
S01200,2025-02-06,V1481,D008,C00935,Gujarat,4,83903.0,759600.0,39200.0,675000
S01201,2022-02-20,V1133,D023,C01019,Maharashtra,7,81292.0,1558300.0,163100.0,1541000
S01202,2022-10-22,V1090,D003,C00307,Uttar Pradesh,6,105452.0,925500.0,144800.0,749000
S01203,2023-06-26,V1341,D015,C00346,Delhi,5,77207.0,1685600.0,93400.0,1644000
S01204,2024-12-04,V1100,D024,C02388,Uttar Pradesh,6,77215.0,1114600.0,47500.0,1027000
S01205,2022-04-19,V1460,D039,C00464,Delhi,10,34236.0,2217300.0,205900.0,2005000
S01206,2025-03-22,V1430,D012,C00748,Delhi,7,61775.0,712000.0,97700.0,561000
S01207,2023-04-12,V1492,D038,C01257,Delhi,6,44359.0,2455700.0,151800.0,2090000
S01208,2022-07-03,V1457,D009,C01506,Gujarat,9,91167.0,455600.0,42200.0,398000
S01209,2025-06-15,V1122,D022,C01084,West Bengal,8,71607.0,1418400.0,119200.0,1190000
S01210,2022-05-07,V1107,D018,C02468,West Bengal,8,85810.0,1306000.0,125600.0,1163000
S01211,2022-07-09,V1172,D018,C01237,Karnataka,9,88684.0,591100.0,96700.0,450000
S01212,2025-10-19,V1235,D005,C01163,Maharashtra,8,58880.0,2267400.0,48400.0,2208000
S01213,2024-01-30,V1440,D037,C00433,Rajasthan,8,34974.0,983600.0,50500.0,983000
S01214,2023-11-08,V1367,D029,C00862,Telangana,9,47689.0,511300.0,35400.0,515000
S01215,2024-10-01,V1323,D005,C00109,Delhi,7,82356.0,1799700.0,145500.0,1522000
S01216,2024-07-09,V1440,D039,C01605,Uttar Pradesh,7,23346.0,903700.0,68300.0,904000
S01217,2024-06-15,V1323,D008,C00372,Uttar Pradesh,8,77722.0,2088100.0,118700.0,1969000
S01218,2022-02-03,V1190,D038,C02031,Kerala,9,58528.0,1613600.0,149100.0,1430000
S01219,2024-03-17,V1207,D015,C01252,Delhi,6,62329.0,1630600.0,111900.0,1444000
S01220,2023-02-12,V1259,D014,C02009,Karnataka,8,42384.0,1194400.0,44100.0,1186000
S01221,2025-03-26,V1045,D036,C01091,Telangana,10,114908.0,1498900.0,245700.0,1399000
S01222,2024-01-09,V1371,D017,C00526,Uttar Pradesh,7,41302.0,653500.0,0.0,676000
S01223,2022-06-30,V1327,D020,C02494,Gujarat,7,78483.0,1613600.0,28700.0,1474000
S01224,2025-07-18,V1366,D029,C00567,Maharashtra,6,49869.0,491100.0,39800.0,440000
S01225,2023-02-20,V1267,D009,C00364,Karnataka,7,62751.0,448300.0,21300.0,422000
S01226,2023-02-01,V1392,D004,C02392,Tamil Nadu,10,68608.0,940500.0,85500.0,910000
S01227,2025-09-29,V1475,D026,C01689,Karnataka,7,43450.0,638700.0,,633000
S01228,2025-02-06,V1285,D013,C01495,Uttar Pradesh,10,112543.0,200500.0,12300.0,181000
S01229,2025-06-09,V1223,D027,C01779,Delhi,8,63489.0,1230600.0,63400.0,1163000
S01230,2024-08-25,V1053,D017,C02352,Tamil Nadu,6,115058.0,1213700.0,110600.0,1280000
S01231,2025-08-23,V1390,D027,C01252,Kerala,6,96479.0,1427400.0,166000.0,1238000
S01232,2022-06-18,V1452,D017,C01028,Gujarat,9,40750.0,1191700.0,67500.0,1144000
S01233,2024-05-26,V1350,D013,C02498,Maharashtra,8,76721.0,1808800.0,111100.0,1585000
S01234,2023-03-05,V1433,D014,C01537,Tamil Nadu,4,83243.0,1144100.0,48700.0,1178000
S01235,2023-08-06,V1431,D037,C02455,Telangana,10,49918.0,1273600.0,61300.0,1098000
S01236,2022-12-14,V1400,D003,C02369,Maharashtra,7,75051.0,939500.0,19700.0,942000
S01237,2022-10-27,V1252,D001,C00972,Delhi,7,14841.0,2434300.0,103500.0,2399000
S01238,2023-10-09,V1050,D031,C01243,Delhi,7,102006.0,953600.0,69800.0,955000
S01239,2025-09-03,V1002,D017,C02467,Rajasthan,5,125944.0,703800.0,44400.0,664000
S01240,2024-07-17,V1103,D029,C00898,Karnataka,7,82138.0,957700.0,,905000
S01241,2023-05-26,V1216,D029,C02262,Kerala,7,58173.0,787300.0,26500.0,798000
S01242,2023-09-26,V1372,D007,C01943,Maharashtra,8,23206.0,656400.0,50900.0,605000
S01243,2024-02-14,V1228,D039,C01128,Telangana,6,51040.0,2363700.0,60900.0,2272000
S01244,2022-12-24,V1012,D005,C02371,Kerala,7,89462.0,464400.0,0.0,427000
S01245,2024-02-01,V1106,D031,C00845,Tamil Nadu,5,94720.0,432500.0,43500.0,393000
S01246,2024-10-13,V1490,D011,C00495,Gujarat,7,76501.0,1915400.0,81000.0,1845000
S01247,2022-12-22,V1495,D024,C00536,Karnataka,9,60570.0,2353200.0,158700.0,2140000
S01248,2024-05-03,V1189,D038,C00850,Tamil Nadu,7,99710.0,1153800.0,172000.0,929000
S01249,2024-10-31,V1403,D015,C02368,Tamil Nadu,9,65254.0,2036300.0,228100.0,1757000
S01250,2024-01-29,V1360,D025,C01253,Delhi,7,43466.0,2545400.0,0.0,2498000
S01251,2023-03-03,V1466,D006,C02465,Kerala,9,58310.0,1153900.0,121600.0,1044000
S01252,2024-03-21,V1444,D011,C02316,Rajasthan,8,42451.0,2291400.0,312300.0,2104000
S01253,2025-03-04,V1315,D024,C00416,Uttar Pradesh,9,64864.0,1085600.0,0.0,1108000
S01254,2022-11-21,V1198,D013,C00214,Kerala,5,56258.0,1673200.0,219200.0,1500000
S01255,2024-04-19,V1314,D028,C01206,Maharashtra,9,69979.0,1581800.0,198600.0,1479000
S01256,2024-09-21,V1160,D021,C01726,Karnataka,5,44911.0,894200.0,34100.0,829000
S01257,2023-04-15,V1175,D026,C02204,Rajasthan,8,93753.0,1010100.0,73300.0,977000
S01258,2023-07-21,V1305,D016,C00404,Kerala,4,70140.0,575400.0,62000.0,503000
S01259,2025-07-22,V1286,D013,C01556,Maharashtra,6,109531.0,269400.0,45400.0,259000
S01260,2023-06-16,V1291,D031,C01965,Maharashtra,5,74079.0,478100.0,72200.0,420000
S01261,2024-05-24,V1193,D014,C02444,Delhi,7,76909.0,464000.0,51400.0,407000
S01262,2022-08-07,V1205,D028,C01493,Rajasthan,8,100375.0,579500.0,85500.0,504000
S01263,2025-09-14,V1006,D038,C00209,Maharashtra,8,120601.0,758600.0,124500.0,596000
S01264,2024-05-21,V1301,D019,C01014,Uttar Pradesh,7,100030.0,499500.0,39300.0,481000
S01265,2025-01-15,V1288,D033,C02213,Rajasthan,6,94779.0,273300.0,13200.0,261000
S01266,2024-05-30,V1468,D029,C02472,Karnataka,8,29771.0,929200.0,0.0,907000
S01267,2023-06-04,V1253,D028,C00282,West Bengal,9,63629.0,1873300.0,238000.0,1631000
S01268,2023-05-13,V1234,D026,C01498,Tamil Nadu,9,68508.0,690100.0,40500.0,592000
S01269,2024-10-21,V1034,D015,C01577,Rajasthan,10,83118.0,733100.0,29700.0,766000
S01270,2025-06-10,V1099,D036,C01206,Gujarat,7,90858.0,853700.0,20500.0,802000
S01271,2022-07-06,V1170,D014,C00058,Rajasthan,10,98800.0,330500.0,19700.0,379000
S01272,2025-05-20,V1189,D001,C00351,Uttar Pradesh,7,87699.0,663200.0,86300.0,595000
S01273,2025-04-27,V1182,D010,C01239,Karnataka,8,75886.0,1795800.0,217600.0,1462000
S01274,2022-06-09,V1198,D027,C02490,Uttar Pradesh,6,61860.0,1497200.0,176700.0,1523000
S01275,2022-06-08,V1385,D028,C01966,Telangana,8,125002.0,704600.0,163900.0,628000
S01276,2024-10-12,V1066,D017,C00692,Maharashtra,7,62636.0,931900.0,39300.0,956000
S01277,2025-05-16,V1167,D010,C01235,Rajasthan,8,97775.0,774300.0,3500.0,748000
S01278,2023-07-30,V1082,D022,C00646,Uttar Pradesh,8,110692.0,972300.0,0.0,985000
S01279,2024-07-24,V1154,D006,C01525,Delhi,8,85771.0,1591300.0,133800.0,1421000
S01280,2025-12-31,V1343,D015,C01149,Delhi,8,51783.0,1679600.0,166200.0,1534000
S01281,2023-04-17,V1024,D030,C02171,West Bengal,7,64634.0,1330700.0,115300.0,1182000
S01282,2022-11-25,V1170,D018,C01128,Telangana,6,97781.0,430800.0,63100.0,366000
S01283,2025-12-19,V1012,D039,C01164,Kerala,7,69548.0,444800.0,29200.0,384000
S01284,2023-02-14,V1478,D026,C02415,Karnataka,7,48822.0,1005300.0,28300.0,991000
S01285,2023-11-22,V1364,D013,C00552,Karnataka,7,27301.0,425400.0,23300.0,439000
S01286,2023-10-08,V1122,D027,C02475,Karnataka,8,76948.0,1136300.0,65700.0,1015000
S01287,2024-02-04,V1100,D005,C01239,Kerala,9,87315.0,1221300.0,116900.0,1130000
S01288,2023-01-28,V1050,D016,C01901,Rajasthan,7,115465.0,1512200.0,42400.0,1382000
S01289,2024-09-19,V1237,D038,C00258,Maharashtra,7,96660.0,1338700.0,69400.0,1138000
S01290,2024-10-08,V1377,D038,C01920,Gujarat,6,62070.0,454300.0,29600.0,455000
S01291,2022-10-21,V1293,D030,C02236,Kerala,6,112693.0,318200.0,40200.0,334000
S01292,2023-12-04,V1441,D031,C01907,Gujarat,9,81801.0,905400.0,174000.0,730000
S01293,2022-03-25,V1172,D022,C00360,Tamil Nadu,8,86228.0,802600.0,40500.0,799000
S01294,2022-11-19,V1140,D020,C00900,Gujarat,7,50088.0,2373500.0,173900.0,2107000
S01295,2025-12-13,V1240,D020,C00859,Telangana,7,39285.0,2303200.0,169200.0,2206000
S01296,2024-01-10,V1102,D002,C01882,Delhi,4,88765.0,918600.0,113200.0,842000
S01297,2024-06-28,V1488,D006,C01228,Uttar Pradesh,6,27302.0,1961000.0,194600.0,1833000
S01298,2025-07-22,V1093,D019,C00740,Gujarat,5,108174.0,568500.0,65400.0,535000
S01299,2024-11-08,V1240,D033,C02115,Telangana,7,35708.0,721200.0,21600.0,676000
S01300,2025-03-03,V1262,D023,C01242,Gujarat,7,86985.0,475300.0,56800.0,402000
S01301,2024-11-06,V1029,D021,C00035,Karnataka,7,101940.0,583700.0,31600.0,565000
S01302,2023-12-30,V1235,D031,C01498,West Bengal,8,53455.0,1731300.0,118900.0,1711000
S01303,2024-07-13,V1228,D018,C00763,Karnataka,7,47206.0,1573000.0,55900.0,1602000
S01304,2023-02-26,V1130,D017,C00982,Karnataka,7,76265.0,976600.0,81100.0,893000
S01305,2025-07-24,V1064,D003,C01563,Rajasthan,7,47642.0,1050900.0,87900.0,1003000
S01306,2022-09-20,V1023,D032,C00568,West Bengal,5,70556.0,839900.0,51500.0,736000
S01307,2025-07-15,V1005,D012,C00981,Maharashtra,6,124102.0,859500.0,170100.0,575000
S01308,2025-07-07,V1241,D023,C01087,Uttar Pradesh,7,63611.0,596900.0,59700.0,585000
S01309,2022-07-27,V1045,D001,C01540,Telangana,5,113812.0,1119300.0,151600.0,1049000
S01310,2024-11-03,V1480,D009,C01476,Gujarat,10,29866.0,630800.0,28600.0,607000
S01311,2025-12-16,V1123,D012,C00894,Gujarat,5,53234.0,2098600.0,135800.0,2070000
S01312,2024-04-15,V1327,D009,C02230,Kerala,8,74660.0,629600.0,4800.0,602000
S01313,2023-05-13,V1337,D014,C00498,Maharashtra,8,103544.0,548800.0,10700.0,534000
S01314,2025-07-08,V1248,D018,C01183,Kerala,10,17668.0,2680500.0,66600.0,2824000
S01315,2024-01-19,V1442,D022,C00004,Tamil Nadu,7,65240.0,1713700.0,149800.0,1584000
S01316,2022-06-27,V1056,D005,C02447,Uttar Pradesh,7,63626.0,763800.0,98600.0,763000
S01317,2022-12-31,V1118,D033,C00256,Maharashtra,7,86366.0,1120200.0,118200.0,970000
S01318,2024-09-24,V1127,D014,C02007,West Bengal,9,50393.0,1531400.0,88000.0,1490000
S01319,2023-10-28,V1068,D024,C02350,Kerala,5,34985.0,867200.0,7900.0,798000
S01320,2022-11-13,V1148,D034,C00947,West Bengal,8,49400.0,2194600.0,198700.0,2210000
S01321,2025-03-13,V1157,D029,C01185,Maharashtra,8,101651.0,1573000.0,189700.0,1430000
S01322,2022-06-26,V1383,D031,C01824,Delhi,7,94551.0,684000.0,27600.0,661000
S01323,2022-11-17,V1151,D039,C01902,Kerala,8,74944.0,1675700.0,109800.0,1546000
S01324,2023-11-12,V1439,D039,C00837,Rajasthan,7,61701.0,1500700.0,78900.0,1462000
S01325,2022-02-27,V1387,D027,C00148,Kerala,6,95398.0,1680600.0,205900.0,1522000
S01326,2023-07-20,V1451,D024,C00941,Kerala,6,63768.0,1408900.0,45800.0,1439000
S01327,2025-08-22,V1053,D008,C02365,West Bengal,6,111015.0,716400.0,93300.0,627000
S01328,2025-10-07,V1493,D031,C00206,Uttar Pradesh,8,94442.0,730200.0,61400.0,682000
S01329,2025-06-27,V1307,D020,C00744,Tamil Nadu,6,63212.0,1445100.0,36600.0,1392000
S01330,2023-04-19,V1492,D003,C01931,Rajasthan,9,53451.0,967600.0,87700.0,895000
S01331,2022-04-05,V1178,D017,C00114,Tamil Nadu,8,80986.0,650900.0,0.0,643000
S01332,2025-04-05,V1477,D032,C01306,West Bengal,7,76658.0,526500.0,34400.0,535000
S01333,2023-06-30,V1295,D019,C01884,Karnataka,9,80022.0,439000.0,25700.0,372000
S01334,2024-12-30,V1036,D039,C01581,Karnataka,8,40146.0,693000.0,13800.0,661000
S01335,2022-06-24,V1206,D005,C00964,Uttar Pradesh,7,80644.0,499300.0,8400.0,473000
S01336,2024-09-02,V1069,D001,C00594,Maharashtra,8,93135.0,1301900.0,71900.0,1094000
S01337,2024-05-06,V1471,D032,C00356,Telangana,6,45999.0,1414900.0,139300.0,1393000
S01338,2025-09-06,V1153,D033,C01686,Telangana,7,98484.0,1061900.0,126100.0,1069000
S01339,2022-05-29,V1112,D021,C01021,Gujarat,6,72812.0,628300.0,55200.0,588000
S01340,2023-08-19,V1277,D022,C00887,Tamil Nadu,8,90926.0,220800.0,17400.0,192000
S01341,2025-12-17,V1213,D006,C00717,West Bengal,6,99606.0,880200.0,88800.0,913000
S01342,2023-07-24,V1049,D021,C00333,West Bengal,9,120088.0,1159800.0,138300.0,1088000
S01343,2024-08-19,V1409,D010,C00703,Maharashtra,10,88954.0,1520400.0,27300.0,1613000
S01344,2022-08-24,V1423,D027,C01458,Telangana,10,30520.0,1511700.0,93000.0,1271000
S01345,2024-11-30,V1372,D022,C01964,West Bengal,9,25171.0,551300.0,49100.0,478000
S01346,2023-02-07,V1309,D012,C01693,Tamil Nadu,8,93500.0,1602100.0,156800.0,1516000
S01347,2024-04-16,V1202,D032,C00826,Uttar Pradesh,10,71880.0,843800.0,89600.0,791000
S01348,2025-07-09,V1272,D029,C02045,Karnataka,8,51384.0,430700.0,22600.0,378000
S01349,2024-08-23,V1261,D040,C00451,West Bengal,6,103942.0,260500.0,43200.0,238000
S01350,2023-11-25,V1083,D035,C00357,West Bengal,8,79018.0,409100.0,46900.0,388000
S01351,2022-10-05,V1041,D024,C01573,Tamil Nadu,9,131745.0,801000.0,145800.0,749000
S01352,2023-05-14,V1127,D015,C00386,Delhi,8,69058.0,2344500.0,109000.0,2353000
S01353,2025-05-25,V1228,D036,C01751,Delhi,7,47663.0,2179200.0,212500.0,1853000
S01354,2022-11-12,V1081,D005,C01262,Tamil Nadu,9,111864.0,456200.0,13800.0,509000
S01355,2024-08-16,V1054,D031,C01817,Kerala,5,93119.0,677700.0,93300.0,603000
S01356,2023-12-10,V1426,D013,C01815,Uttar Pradesh,10,59877.0,1343200.0,65400.0,1346000
S01357,2023-04-14,V1188,D036,C00761,Gujarat,8,44749.0,843200.0,42900.0,811000
S01358,2024-11-13,V1293,D007,C00117,West Bengal,6,97399.0,373900.0,44400.0,341000
S01359,2023-06-14,V1263,D011,C02238,Kerala,8,74896.0,290700.0,11000.0,257000
S01360,2023-02-23,V1368,D004,C02417,Uttar Pradesh,5,32749.0,701100.0,20400.0,685000
S01361,2024-02-13,V1370,D013,C01085,Rajasthan,8,70056.0,369700.0,7200.0,385000
S01362,2025-01-12,V1149,D031,C01003,Kerala,9,99824.0,773000.0,0.0,767000
S01363,2025-06-16,V1424,D011,C02112,Gujarat,6,26571.0,1213300.0,105400.0,1105000
S01364,2024-07-09,V1186,D030,C00166,Telangana,9,59940.0,1345800.0,93200.0,1292000
S01365,2024-08-25,V1418,D031,C00796,Rajasthan,4,86209.0,840800.0,74900.0,826000
S01366,2025-02-24,V1203,D004,C00016,Uttar Pradesh,8,85392.0,732100.0,57400.0,756000
S01367,2023-01-29,V1056,D037,C00857,Maharashtra,9,65131.0,840700.0,133200.0,772000
S01368,2023-01-02,V1381,D028,C02011,Delhi,5,129457.0,1044200.0,18700.0,1164000
S01369,2023-12-09,V1016,D020,C01094,Uttar Pradesh,8,91187.0,372500.0,28200.0,380000
S01370,2024-07-10,V1387,D027,C01426,Telangana,6,81600.0,610700.0,91700.0,435000
S01371,2024-08-01,V1022,D024,C00435,Uttar Pradesh,6,95764.0,455200.0,39000.0,399000
S01372,2022-08-13,V1104,D023,C01355,Uttar Pradesh,5,60571.0,1117900.0,79200.0,1006000
S01373,2025-02-14,V1302,D011,C00690,Rajasthan,7,81992.0,825500.0,82000.0,765000
S01374,2023-06-16,V1471,D002,C02146,Uttar Pradesh,8,41939.0,816100.0,79800.0,740000
S01375,2025-07-05,V1205,D033,C00496,Rajasthan,9,96269.0,778900.0,32000.0,844000
S01376,2024-11-24,V1061,D008,C02464,Tamil Nadu,7,84483.0,1906500.0,235300.0,1816000
S01377,2025-12-07,V1117,D030,C00680,West Bengal,7,88953.0,971000.0,4200.0,840000
S01378,2024-07-11,V1449,D022,C01079,Tamil Nadu,7,94590.0,1612400.0,142300.0,1472000
S01379,2024-02-10,V1364,D012,C01576,Kerala,5,31711.0,442600.0,22700.0,435000
S01380,2022-10-02,V1051,D026,C00250,Telangana,10,87021.0,671000.0,117300.0,566000
S01381,2023-08-06,V1193,D020,C00677,Gujarat,8,81704.0,835600.0,77000.0,759000
S01382,2025-06-08,V1133,D022,C02283,West Bengal,8,101120.0,1196700.0,125900.0,1278000
S01383,2023-07-13,V1089,D005,C00114,Delhi,6,128607.0,896300.0,58000.0,872000
S01384,2022-03-19,V1424,D037,C02385,Rajasthan,6,26555.0,583900.0,61100.0,535000
S01385,2022-12-25,V1309,D029,C01842,Telangana,6,93690.0,1119900.0,127400.0,1039000
S01386,2024-05-19,V1090,D020,C00080,Telangana,9,95709.0,944700.0,54000.0,870000
S01387,2024-07-08,V1326,D020,C00870,Gujarat,8,74324.0,1485400.0,217600.0,1318000
S01388,2025-12-08,V1207,D023,C02183,West Bengal,6,74650.0,543600.0,40900.0,541000
S01389,2025-09-26,V1031,D002,C00721,Telangana,9,70668.0,583400.0,86600.0,470000
S01390,2024-02-16,V1225,D025,C00170,Uttar Pradesh,5,74036.0,768600.0,43800.0,794000
S01391,2024-03-21,V1093,D009,C01954,Kerala,9,114961.0,309300.0,39400.0,311000
S01392,2025-03-15,V1123,D002,C01018,West Bengal,9,58994.0,1555700.0,160600.0,1379000
S01393,2022-03-13,V1440,D030,C00423,West Bengal,8,43519.0,1708500.0,113600.0,1573000
S01394,2024-05-19,V1356,D008,C01165,Karnataka,9,30017.0,1298100.0,0.0,1375000
S01395,2023-11-24,V1068,D033,C02003,Gujarat,9,60845.0,2669900.0,285300.0,2504000
S01396,2025-02-18,V1426,D017,C00267,Telangana,8,67977.0,819900.0,91200.0,758000
S01397,2025-03-15,V1288,D021,C01446,Uttar Pradesh,6,71029.0,542900.0,19000.0,581000
S01398,2024-08-15,V1438,D027,C01995,Gujarat,8,57978.0,568200.0,30500.0,510000
S01399,2024-08-18,V1374,D039,C02408,Kerala,7,75616.0,480600.0,35600.0,458000
S01400,2024-10-06,V1170,D012,C00090,Gujarat,10,98913.0,763500.0,88600.0,627000
S01401,2024-04-27,V1268,D009,C01517,Gujarat,10,63358.0,500800.0,62800.0,429000
S01402,2022-11-29,V1266,D038,C00743,Rajasthan,8,86906.0,244400.0,14700.0,245000
S01403,2023-02-20,V1360,D011,C00269,Telangana,8,40183.0,775600.0,23900.0,736000
S01404,2024-12-19,V1125,D010,C02067,Gujarat,6,74060.0,1063100.0,148900.0,979000
S01405,2024-06-22,V1167,D018,C00530,Kerala,5,94806.0,855800.0,124900.0,691000
S01406,2022-12-14,V1123,D024,C00769,Tamil Nadu,10,57018.0,1214500.0,62600.0,1155000
S01407,2025-07-06,V1149,D027,C01009,West Bengal,7,111635.0,1371800.0,204100.0,1283000
S01408,2025-12-03,V1081,D038,C00481,Karnataka,7,129199.0,861600.0,141200.0,714000
S01409,2024-07-03,V1019,D024,C01343,Telangana,8,100328.0,484100.0,88900.0,376000
S01410,2022-11-29,V1471,D031,C00481,Rajasthan,8,36638.0,1577700.0,65200.0,1460000
S01411,2025-10-02,V1038,D033,C01001,Kerala,8,85599.0,894800.0,78300.0,956000
S01412,2022-12-12,V1444,D005,C01755,Telangana,7,45964.0,742600.0,45900.0,704000
S01413,2023-09-24,V1002,D032,C00624,Telangana,8,98252.0,827400.0,157800.0,814000
S01414,2025-06-08,V1389,D020,C01836,Rajasthan,8,125729.0,520300.0,14300.0,545000
S01415,2024-01-31,V1165,D010,C01025,Telangana,7,124173.0,676800.0,64200.0,734000
S01416,2022-12-22,V1259,D008,C02110,West Bengal,8,45561.0,2563700.0,97600.0,2154000
S01417,2022-04-28,V1142,D004,C00276,Delhi,9,90165.0,552400.0,77700.0,504000
S01418,2023-06-12,V1246,D023,C01711,Kerala,9,63320.0,2215800.0,196000.0,1989000
S01419,2024-09-08,V1226,D021,C01271,Telangana,5,67186.0,1333000.0,19300.0,1198000
S01420,2024-11-10,V1265,D034,C00910,Maharashtra,7,92973.0,231700.0,19000.0,198000
S01421,2022-11-22,V1197,D031,C02350,Telangana,9,81896.0,1309200.0,133500.0,1252000
S01422,2022-08-20,V1269,D009,C00207,Rajasthan,7,111427.0,219000.0,28000.0,222000
S01423,2024-10-21,V1413,D035,C02065,Delhi,7,78374.0,1015500.0,64300.0,923000
S01424,2022-08-21,V1218,D008,C00136,West Bengal,10,95399.0,1744200.0,119500.0,1739000
S01425,2022-04-04,V1181,D027,C00458,Kerala,8,86633.0,1496400.0,120200.0,1356000
S01426,2023-12-12,V1066,D021,C01394,Telangana,6,75253.0,1139100.0,108000.0,1010000
S01427,2024-04-14,V1180,D002,C00669,Maharashtra,9,54613.0,1195100.0,154700.0,1026000
S01428,2022-12-23,V1063,D003,C01951,Maharashtra,9,60169.0,1358600.0,21200.0,1195000
S01429,2022-11-05,V1092,D018,C01205,Kerala,6,70071.0,711300.0,37600.0,649000
S01430,2022-12-11,V1477,D016,C01913,Gujarat,10,59590.0,672900.0,64500.0,568000
S01431,2023-05-16,V1045,D026,C01513,Telangana,9,113649.0,959600.0,78800.0,859000
S01432,2022-01-14,V1242,D018,C02140,Delhi,8,57374.0,1038000.0,62100.0,1040000
S01433,2022-01-18,V1418,D025,C01193,Telangana,8,85233.0,1287500.0,116600.0,1273000
S01434,2023-06-26,V1477,D031,C01270,Delhi,9,69885.0,1302600.0,40500.0,1247000
S01435,2022-01-30,V1074,D010,C02442,West Bengal,9,65606.0,977400.0,30400.0,903000
S01436,2023-04-10,V1082,D021,C02399,Tamil Nadu,6,122105.0,728700.0,35000.0,613000
S01437,2024-04-28,V1187,D022,C01734,Tamil Nadu,7,61431.0,1802300.0,149500.0,1666000
S01438,2022-02-15,V1278,D009,C00081,Rajasthan,10,103698.0,501700.0,35800.0,435000
S01439,2024-06-21,V1480,D009,C01353,Tamil Nadu,8,6256.0,770400.0,117000.0,691000
S01440,2024-06-26,V1104,D008,C01291,Uttar Pradesh,8,58829.0,1199700.0,100800.0,1092000
S01441,2024-04-17,V1083,D019,C02366,Karnataka,8,89618.0,954000.0,144200.0,709000
S01442,2024-07-04,V1127,D011,C00101,Telangana,7,69589.0,1286600.0,79900.0,1083000
S01443,2025-03-28,V1438,D020,C00825,Karnataka,8,63004.0,1104200.0,93400.0,1003000
S01444,2022-04-14,V1016,D016,C01334,Gujarat,7,93220.0,822800.0,86800.0,781000
S01445,2022-09-04,V1191,D008,C00169,Kerala,9,59010.0,989000.0,87500.0,867000
S01446,2023-04-09,V1060,D013,C01749,Maharashtra,8,71268.0,847100.0,33600.0,717000
S01447,2024-10-02,V1079,D018,C00115,Delhi,7,51955.0,1405500.0,161400.0,1309000
S01448,2025-06-29,V1459,D012,C02316,Telangana,7,55357.0,811800.0,31000.0,724000
S01449,2025-09-04,V1001,D016,C00428,Kerala,8,133084.0,796000.0,108200.0,556000
S01450,2024-04-30,V1161,D040,C01267,West Bengal,8,104526.0,414900.0,52200.0,316000
S01451,2023-08-23,V1458,D011,C00591,West Bengal,9,55843.0,1279600.0,139700.0,1274000
S01452,2023-08-25,V1305,D018,C00340,Delhi,8,101364.0,965700.0,73800.0,959000
S01453,2022-03-29,V1036,D025,C01712,Telangana,4,49446.0,1474300.0,102700.0,1343000
S01454,2023-11-11,V1233,D006,C01441,Kerala,7,87548.0,1163300.0,140900.0,996000
S01455,2024-01-20,V1486,D018,C01331,Uttar Pradesh,10,82517.0,1320300.0,77800.0,1221000
S01456,2022-11-01,V1201,D030,C01963,Kerala,8,111350.0,827500.0,20800.0,834000
S01457,2025-01-26,V1265,D007,C01819,Maharashtra,10,88741.0,358100.0,3900.0,360000
S01458,2025-04-01,V1266,D026,C00155,Delhi,5,87879.0,251500.0,7600.0,246000
S01459,2023-03-18,V1331,D021,C01929,Karnataka,10,77814.0,2003100.0,246200.0,1862000
S01460,2025-08-28,V1094,D037,C00251,Telangana,9,95646.0,948500.0,181400.0,713000
S01461,2022-06-06,V1420,D037,C01345,Tamil Nadu,7,63051.0,2434700.0,112500.0,2287000
S01462,2025-08-23,V1495,D001,C00016,Tamil Nadu,6,54180.0,1222200.0,111900.0,1177000
S01463,2025-01-27,V1072,D020,C02361,Uttar Pradesh,7,38978.0,1008800.0,30200.0,904000
S01464,2022-11-24,V1410,D038,C01587,Rajasthan,7,69210.0,739500.0,94800.0,604000
S01465,2024-08-07,V1409,D015,C01885,Karnataka,8,89199.0,456700.0,40200.0,441000
S01466,2023-03-30,V1371,D030,C00600,Tamil Nadu,5,49244.0,415800.0,31600.0,385000
S01467,2025-03-14,V1186,D028,C01241,Karnataka,5,87327.0,1408400.0,73600.0,1417000
S01468,2022-08-23,V1235,D039,C00856,Kerala,7,62839.0,1297800.0,87200.0,1197000
S01469,2022-12-24,V1420,D016,C01618,Gujarat,10,57605.0,813200.0,20400.0,751000
S01470,2023-03-25,V1077,D016,C00566,Rajasthan,8,86556.0,1705700.0,136100.0,1842000
S01471,2022-10-19,V1415,D022,C02414,Rajasthan,10,62536.0,2089300.0,0.0,2093000
S01472,2023-05-02,V1461,D031,C02380,Uttar Pradesh,9,81364.0,505200.0,61900.0,432000
S01473,2024-05-30,V1341,D017,C02254,Uttar Pradesh,10,87624.0,1562600.0,163200.0,1375000
S01474,2024-07-13,V1171,D018,C00538,West Bengal,8,91567.0,968800.0,98500.0,906000
S01475,2024-03-20,V1280,D016,C01504,Gujarat,7,57832.0,506100.0,24300.0,488000
S01476,2022-10-05,V1026,D040,C01001,Rajasthan,9,75166.0,1202300.0,35900.0,1144000
S01477,2022-10-23,V1466,D029,C02158,West Bengal,7,55260.0,1111400.0,95400.0,938000
S01478,2025-09-05,V1172,D001,C00417,Gujarat,7,77669.0,600900.0,48100.0,583000
S01479,2023-01-03,V1029,D025,C02471,Rajasthan,5,110044.0,787800.0,85500.0,639000
S01480,2022-05-31,V1398,D015,C01540,Karnataka,8,107850.0,1433300.0,176200.0,1424000
S01481,2023-10-26,V1329,D036,C01497,Kerala,10,109931.0,1337100.0,104000.0,1178000
S01482,2022-01-11,V1312,D037,C01081,Karnataka,7,46700.0,1405400.0,76700.0,1241000
S01483,2023-05-16,V1028,D029,C01396,Karnataka,10,60735.0,1318700.0,147400.0,1214000
S01484,2025-06-03,V1376,D027,C02085,Telangana,9,51373.0,483400.0,22400.0,477000
S01485,2023-01-26,V1319,D029,C02318,Gujarat,8,38580.0,1538700.0,91600.0,1527000
S01486,2024-10-25,V1397,D023,C00535,Gujarat,7,124152.0,671000.0,97400.0,597000
S01487,2023-12-17,V1414,D022,C00297,Telangana,9,74327.0,1336200.0,8600.0,1298000
S01488,2023-06-04,V1106,D008,C02490,Telangana,9,91401.0,437100.0,56700.0,335000
S01489,2024-08-24,V1106,D037,C01289,West Bengal,7,101546.0,1044200.0,144600.0,946000
S01490,2024-05-20,V1462,D038,C01117,Kerala,9,61688.0,743200.0,5900.0,741000
S01491,2023-04-10,V1266,D031,C02231,Rajasthan,6,75991.0,441800.0,55900.0,403000
S01492,2022-11-23,V1219,D025,C00800,West Bengal,7,77172.0,2016100.0,128500.0,2038000
S01493,2025-09-01,V1144,D037,C00995,Karnataka,5,58552.0,1277700.0,85600.0,1122000
S01494,2022-09-04,V1320,D017,C00130,Tamil Nadu,5,41041.0,853900.0,39500.0,823000
S01495,2025-11-02,V1377,D013,C00281,Delhi,7,73105.0,460300.0,53600.0,414000
S01496,2023-11-20,V1002,D018,C02497,Tamil Nadu,10,130066.0,703100.0,25800.0,713000
S01497,2025-12-27,V1277,D039,C01757,Rajasthan,6,107416.0,252700.0,26500.0,263000
S01498,2023-06-01,V1497,D028,C01357,Tamil Nadu,8,107374.0,894000.0,74300.0,826000
S01499,2024-04-06,V1141,D009,C00455,Telangana,8,105029.0,701100.0,36700.0,659000
S01500,2024-06-17,V1141,D015,C01092,Tamil Nadu,8,104702.0,1554900.0,217400.0,1267000
S01501,2023-05-10,V1440,D011,C00698,Maharashtra,6,32662.0,1319600.0,117600.0,1161000
S01502,2022-11-15,V1032,D033,C01638,Telangana,10,48979.0,1514800.0,28700.0,1503000
S01503,2024-01-31,V1199,D019,C02430,Tamil Nadu,10,51005.0,1202600.0,53500.0,1248000
S01504,2024-08-26,V1230,D017,C01963,Telangana,9,79728.0,1777600.0,145800.0,1572000
S01505,2023-01-17,V1399,D014,C01879,Gujarat,6,79801.0,1765900.0,100100.0,1617000
S01506,2025-01-25,V1065,D038,C01880,West Bengal,8,89492.0,1935200.0,222100.0,1497000
S01507,2024-07-22,V1218,D002,C01592,Kerala,7,90063.0,1617700.0,133500.0,1537000
S01508,2022-09-01,V1077,D006,C02345,Karnataka,9,89719.0,1081500.0,126300.0,905000
S01509,2025-10-03,V1394,D019,C00166,Uttar Pradesh,8,98922.0,658800.0,53300.0,583000
S01510,2022-03-06,V1317,D034,C01765,Telangana,9,92836.0,598500.0,39800.0,580000
S01511,2024-08-13,V1249,D002,C00398,Delhi,6,78398.0,1052500.0,107700.0,960000
S01512,2023-10-05,V1197,D031,C01269,Maharashtra,5,87551.0,712500.0,80900.0,635000
S01513,2024-08-13,V1077,D008,C01988,Uttar Pradesh,7,88197.0,1539300.0,150500.0,1193000
S01514,2025-02-04,V1461,D003,C00088,Rajasthan,7,65223.0,736800.0,41800.0,637000
S01515,2024-09-30,V1324,D035,C00875,West Bengal,8,38565.0,1905000.0,147800.0,1738000
S01516,2024-08-08,V1160,D002,C02359,Rajasthan,6,43206.0,1329700.0,0.0,1283000
S01517,2025-05-13,V1207,D029,C00459,Karnataka,6,77611.0,1595700.0,153700.0,1461000
S01518,2024-10-22,V1364,D022,C02407,Tamil Nadu,7,23678.0,446300.0,0.0,436000
S01519,2025-04-03,V1360,D011,C01123,Gujarat,8,44684.0,2088300.0,228000.0,1756000
S01520,2023-08-12,V1231,D029,C00680,Uttar Pradesh,6,62967.0,1216700.0,62900.0,1100000
S01521,2022-10-24,V1152,D011,C01796,Rajasthan,8,71650.0,827200.0,46500.0,767000
S01522,2022-12-10,V1330,D008,C02020,Rajasthan,5,79693.0,792400.0,28900.0,766000
S01523,2024-06-13,V1330,D015,C01214,Karnataka,5,76547.0,1060600.0,106000.0,992000
S01524,2024-02-16,V1300,D015,C01429,Tamil Nadu,10,89489.0,553300.0,31300.0,517000
S01525,2022-04-23,V1037,D026,C01252,Tamil Nadu,10,112804.0,1000100.0,95100.0,842000
S01526,2022-10-26,V1237,D030,C02431,Maharashtra,5,83759.0,1437100.0,106800.0,1151000
S01527,2025-11-14,V1307,D018,C00055,Karnataka,10,46008.0,1170700.0,108000.0,1120000
S01528,2024-11-27,V1476,D039,C01521,Kerala,8,29811.0,999900.0,38000.0,1017000
S01529,2025-01-08,V1263,D003,C00832,Telangana,7,76822.0,372300.0,33600.0,346000
S01530,2022-10-15,V1172,D004,C00469,Tamil Nadu,10,54793.0,1146600.0,81700.0,1145000
S01531,2022-04-04,V1278,D037,C00479,Gujarat,9,77630.0,425200.0,63200.0,328000
S01532,2023-03-02,V1089,D024,C01154,Rajasthan,8,119876.0,777800.0,161100.0,644000
S01533,2025-06-05,V1046,D040,C00602,West Bengal,6,109718.0,1051000.0,109700.0,974000
S01534,2024-01-11,V1340,D005,C01309,Karnataka,10,47666.0,800500.0,73900.0,700000
S01535,2025-02-20,V1494,D007,C01678,Maharashtra,10,77760.0,1132900.0,101000.0,1116000
S01536,2023-12-13,V1424,D009,C01755,Kerala,9,27604.0,1769900.0,73100.0,1631000
S01537,2023-12-18,V1292,D003,C01521,Kerala,8,70444.0,548500.0,51000.0,513000
S01538,2024-05-27,V1021,D025,C00186,Telangana,6,93576.0,553800.0,108400.0,379000
S01539,2025-11-01,V1494,D011,C01196,Uttar Pradesh,9,81376.0,888900.0,97800.0,823000
S01540,2023-10-02,V1225,D019,C02386,Telangana,6,71735.0,1677200.0,92400.0,1797000
S01541,2024-05-20,V1145,D029,C02009,Tamil Nadu,10,128456.0,652600.0,129900.0,638000
S01542,2025-09-05,V1447,D025,C00866,Gujarat,8,60653.0,2324600.0,155700.0,2187000
S01543,2023-06-28,V1374,D015,C00962,Telangana,5,61272.0,551100.0,23400.0,510000
S01544,2025-05-12,V1375,D027,C02233,Gujarat,7,53944.0,367300.0,25000.0,341000
S01545,2024-02-21,V1139,D012,C00490,West Bengal,8,65642.0,1604200.0,166600.0,1325000
S01546,2025-07-08,V1496,D037,C02000,Delhi,8,36527.0,1058200.0,12300.0,1012000
S01547,2023-11-15,V1227,D008,C00860,Maharashtra,9,48550.0,2065600.0,194200.0,1941000
S01548,2024-07-08,V1266,D006,C02416,Rajasthan,8,71605.0,483400.0,44200.0,460000
S01549,2023-04-18,V1376,D019,C00754,Telangana,7,27120.0,487300.0,31500.0,458000
S01550,2024-07-16,V1330,D019,C01204,Kerala,6,85709.0,1509900.0,256100.0,1111000
S01551,2023-04-22,V1087,D018,C00598,Rajasthan,8,96434.0,719600.0,67100.0,647000
S01552,2024-06-09,V1152,D038,C01331,Kerala,9,32113.0,1599000.0,101500.0,1409000
S01553,2025-02-26,V1181,D034,C01408,Telangana,7,104033.0,1388700.0,26100.0,1262000
S01554,2023-09-28,V1474,D007,C00197,Gujarat,7,56716.0,754000.0,42400.0,719000
S01555,2023-09-20,V1358,D007,C01984,Rajasthan,7,68957.0,649000.0,34900.0,670000
S01556,2023-04-16,V1184,D029,C01881,Kerala,6,45571.0,846400.0,51300.0,816000
S01557,2024-12-03,V1368,D023,C00995,West Bengal,9,29698.0,766800.0,68500.0,645000
S01558,2024-05-14,V1370,D031,C01702,Telangana,5,55656.0,525100.0,44400.0,494000
S01559,2024-01-25,V1198,D012,C00733,Telangana,7,78574.0,1958100.0,131800.0,1843000
S01560,2022-02-07,V1202,D026,C00179,Tamil Nadu,9,93409.0,497700.0,70700.0,503000
S01561,2022-06-10,V1448,D037,C01798,Maharashtra,8,47719.0,765500.0,62100.0,757000
S01562,2022-01-11,V1281,D029,C01994,West Bengal,8,121329.0,354900.0,32000.0,323000
S01563,2025-05-27,V1075,D032,C01738,Telangana,9,63640.0,1298900.0,129000.0,1223000
S01564,2025-05-29,V1360,D034,C01311,Kerala,7,56995.0,2261300.0,67800.0,2190000
S01565,2022-04-10,V1295,D040,C01569,West Bengal,10,86107.0,440000.0,60600.0,426000
S01566,2022-03-09,V1255,D011,C02013,Gujarat,6,44490.0,2185000.0,295600.0,1837000
S01567,2025-02-15,V1363,D017,C00838,Maharashtra,7,45494.0,543000.0,65500.0,492000
S01568,2024-02-06,V1454,D009,C00383,Telangana,6,88415.0,1701000.0,140200.0,1651000
S01569,2023-03-28,V1166,D038,C01076,West Bengal,6,102073.0,340500.0,22000.0,295000
S01570,2024-06-17,V1210,D010,C01527,Tamil Nadu,9,,542200.0,18400.0,543000
S01571,2022-12-12,V1095,D021,C00119,Uttar Pradesh,7,84073.0,1088500.0,89000.0,1186000
S01572,2022-10-17,V1324,D032,C01281,Kerala,6,43651.0,1806600.0,82300.0,1797000
S01573,2023-06-21,V1202,D039,C01314,Maharashtra,9,79742.0,1709600.0,137100.0,1403000
S01574,2025-08-01,V1172,D033,C00297,Tamil Nadu,6,70773.0,576000.0,12800.0,555000
S01575,2025-01-25,V1349,D018,C01843,Telangana,5,80881.0,1022100.0,9400.0,922000
S01576,2022-10-05,V1205,D029,C00142,Delhi,8,96716.0,428000.0,47600.0,350000
S01577,2024-03-31,V1233,D005,C01521,Tamil Nadu,7,82451.0,1819600.0,216700.0,1669000
S01578,2025-07-16,V1221,D016,C01607,Rajasthan,7,86026.0,905900.0,62800.0,874000
S01579,2025-10-22,V1130,D010,C00172,Maharashtra ,6,72176.0,1795000.0,19600.0,1724000
S01580,2025-01-19,V1063,D015,C01884,Tamil Nadu,7,76047.0,1669000.0,79200.0,1548000
S01581,2022-07-08,V1414,D036,C02361,Karnataka,8,64527.0,1306200.0,151800.0,1175000
S01582,2022-12-18,V1046,D027,C02192,Karnataka,7,114619.0,718200.0,76200.0,642000
S01583,2022-11-16,V1163,D004,C01276,Gujarat,8,94376.0,1016200.0,53700.0,971000
S01584,2022-08-09,V1334,D037,C02449,Maharashtra,6,74707.0,757700.0,67200.0,644000
S01585,2022-09-14,V1066,D029,C00697,Maharashtra,7,62383.0,1141100.0,122900.0,1050000
S01586,2023-04-08,V1328,D027,C01117,Maharashtra,7,51146.0,1213000.0,93400.0,1159000
S01587,2024-03-22,V1367,D029,C01998,Kerala,7,38012.0,369500.0,35600.0,337000
S01588,2023-08-05,V1332,D020,C01175,Delhi,7,51826.0,1358400.0,159700.0,1214000
S01589,2023-09-07,V1153,D016,C02062,Rajasthan,9,106448.0,583800.0,85000.0,519000
S01590,2022-12-26,V1010,D034,C00221,Karnataka,6,118784.0,356800.0,9800.0,344000
S01591,2022-08-09,V1444,D010,C01729,Karnataka,8,34892.0,2391400.0,142300.0,2406000
S01592,2025-12-30,V1164,D013,C02149,Kerala,8,73860.0,475000.0,55900.0,397000
S01593,2024-05-25,V1403,D034,C00843,Karnataka,7,70055.0,2172200.0,8100.0,2028000
S01594,2022-12-02,V1099,D034,C01021,Maharashtra,7,72468.0,1086700.0,80000.0,1070000
S01595,2025-03-29,V1082,D001,C00751,Uttar Pradesh,5,98548.0,481400.0,53000.0,391000
S01596,2025-04-28,V1390,D018,C01184,Kerala,9,100512.0,1035200.0,165500.0,1030000
S01597,2025-11-13,V1470,D039,C00364,Uttar Pradesh,9,49263.0,915800.0,41300.0,847000
S01598,2022-08-21,V1431,D011,C01759,Telangana,9,26437.0,542300.0,14900.0,544000
S01599,2024-07-23,V1376,D022,C02140,Telangana,8,40941.0,488100.0,26200.0,441000
S01600,2025-12-03,V1124,D020,C02143,Karnataka,8,53311.0,2448100.0,157600.0,2089000
S01601,2025-03-24,V1457,D010,C00373,Uttar Pradesh,6,71450.0,923700.0,133600.0,738000
S01602,2022-11-26,V1334,D015,C02305,Delhi,8,90429.0,1038200.0,95300.0,891000
S01603,2025-07-28,V1087,D023,C02273,West Bengal,7,90863.0,958600.0,133100.0,848000
S01604,2023-09-09,V1065,D029,C00117,West Bengal,5,80426.0,633600.0,63200.0,574000
S01605,2023-12-16,V1436,D007,C01700,Uttar Pradesh,10,35436.0,1237700.0,107200.0,1112000
S01606,2024-03-27,V1138,D018,C01448,Rajasthan,7,63489.0,1885200.0,176000.0,1598000
S01607,2025-02-01,V1383,D037,C01048,Uttar Pradesh,7,78081.0,539600.0,40600.0,521000
S01608,2022-06-25,V1070,D017,C00598,Uttar Pradesh,7,78400.0,781600.0,88500.0,709000
S01609,2024-02-27,V1141,D030,C01966,Karnataka,7,114879.0,503500.0,42900.0,500000
S01610,2025-04-08,V1142,D020,C00623,Karnataka,6,70961.0,1202000.0,155700.0,1215000
S01611,2024-03-12,V1141,D026,C01708,Telangana,10,103374.0,1538600.0,146600.0,1364000
S01612,2023-02-06,V1338,D005,C00674,Telangana,8,86539.0,607400.0,6000.0,638000
S01613,2022-03-24,V1458,D010,C00969,Uttar Pradesh,9,62236.0,1388600.0,68300.0,1490000
S01614,2024-03-13,V1456,D024,C01102,Rajasthan,6,26215.0,1294500.0,103100.0,1134000
S01615,2024-10-24,V1371,D016,C01037,Tamil Nadu,9,45151.0,363000.0,0.0,370000
S01616,2024-03-14,V1102,D030,C02150,Maharashtra,9,80605.0,1092900.0,51700.0,1039000
S01617,2025-12-01,V1481,D015,C00426,Karnataka,7,75976.0,1622100.0,75500.0,1652000
S01618,2024-05-30,V1272,D022,C00766,Karnataka,6,37883.0,322600.0,11600.0,315000
S01619,2024-01-13,V1273,D032,C00206,Kerala,9,102971.0,291300.0,34600.0,266000
S01620,2022-03-23,V1351,D037,C00622,Rajasthan,9,64491.0,927200.0,79000.0,765000
S01621,2024-03-27,V1385,D002,C01935,Maharashtra,9,126173.0,794900.0,38700.0,753000
S01622,2022-09-04,V1477,D028,C01990,Karnataka,4,72843.0,505100.0,0.0,510000
S01623,2024-11-24,V1292,D024,C00534,Karnataka,7,73950.0,361000.0,37300.0,299000
S01624,2022-08-24,V1306,D022,C02133,Gujarat,8,71245.0,1762200.0,189400.0,1536000
S01625,2025-08-17,V1373,D021,C00380,Telangana,6,74043.0,494100.0,19000.0,499000
S01626,2023-03-18,V1128,D007,C02022,Delhi,6,29061.0,2104100.0,86800.0,2012000
S01627,2023-09-27,V1154,D009,C00273,Maharashtra,9,78169.0,1200300.0,80100.0,1250000
S01628,2022-07-31,V1313,D025,C01192,Delhi,7,83089.0,712100.0,81800.0,642000
S01629,2022-11-04,V1033,D033,C00859,West Bengal,7,108154.0,371500.0,87100.0,305000
S01630,2025-09-08,V1161,D021,C02446,Kerala,7,120232.0,386100.0,0.0,404000
S01631,2023-02-19,V1359,D001,C00029,Gujarat,10,46646.0,2198400.0,166100.0,2121000
S01632,2024-01-20,V1489,D040,C02110,Delhi,7,82252.0,1749400.0,124700.0,1580000
S01633,2025-12-04,V1260,D018,C01602,Gujarat,7,35037.0,726900.0,52200.0,726000
S01634,2024-06-30,V1200,D008,C00624,West Bengal,10,49458.0,1639100.0,59800.0,1707000
S01635,2022-03-02,V1221,D036,C00234,West Bengal,6,85809.0,1075900.0,38000.0,1031000
S01636,2023-06-07,V1343,D008,C00851,West Bengal,9,61601.0,601000.0,38200.0,542000
S01637,2023-07-20,V1273,D014,C00759,Delhi,8,101729.0,430200.0,69000.0,342000
S01638,2023-02-08,V1012,D029,C00560,Tamil Nadu,7,79241.0,716800.0,35400.0,707000
S01639,2022-12-19,V1270,D020,C00001,West Bengal,9,85504.0,392600.0,50700.0,333000
S01640,2024-01-06,V1201,D022,C00048,West Bengal,9,111879.0,1096300.0,69700.0,944000
S01641,2023-07-05,V1351,D034,C01906,West Bengal,9,58117.0,1421100.0,132300.0,1343000
S01642,2023-03-07,V1438,D036,C01932,Karnataka,6,51825.0,965600.0,40300.0,843000
S01643,2023-08-27,V1482,D031,C01454,Kerala,9,83846.0,521000.0,67100.0,497000
S01644,2023-05-18,V1306,D009,C01205,Delhi,10,86503.0,1707400.0,159200.0,1353000
S01645,2022-12-01,V1182,D020,C01783,Karnataka,9,85366.0,991600.0,110800.0,847000
S01646,2023-10-24,V1222,D008,C00187,Telangana,10,57158.0,1309600.0,126500.0,1207000
S01647,2025-10-08,V1089,D018,C01654,West Bengal,4,111217.0,547500.0,42500.0,556000
S01648,2024-01-09,V1468,D022,C01372,Kerala,8,8860.0,1591300.0,189900.0,1392000
S01649,2024-05-23,V1424,D037,C00738,West Bengal,6,23097.0,677500.0,30400.0,627000
S01650,2025-12-09,V1427,D013,C00872,Karnataka,9,41208.0,762800.0,45200.0,678000
S01651,2024-06-15,V1165,D034,C01869,Tamil Nadu,7,119564.0,479200.0,59100.0,379000
S01652,2022-11-23,V1162,D022,C02059,Gujarat,8,119238.0,489600.0,79900.0,418000
S01653,2023-08-06,V1429,D015,C02197,Maharashtra,8,73788.0,1053500.0,53200.0,1052000
S01654,2023-12-14,V1273,D028,C01623,Karnataka,9,106008.0,403700.0,65700.0,368000
S01655,2023-11-25,V1353,D039,C00292,Karnataka,10,84384.0,1369400.0,161900.0,1174000
S01656,2022-08-07,V1245,D020,C00275,Kerala,9,76182.0,1369900.0,166400.0,1234000
S01657,2022-06-04,V1222,D028,C00774,Uttar Pradesh,8,67319.0,1855600.0,175700.0,1688000
S01658,2023-05-27,V1317,D036,C01633,Delhi,10,88693.0,788100.0,67900.0,647000
S01659,2025-08-28,V1407,D015,C02482,Uttar Pradesh,9,37527.0,1592400.0,107900.0,1474000
S01660,2024-11-13,V1168,D032,C00281,West Bengal,8,65537.0,999100.0,51000.0,959000
S01661,2025-05-14,V1405,D036,C00935,Gujarat,9,87569.0,1782800.0,275300.0,1304000
S01662,2022-09-12,V1123,D030,C00435,Telangana,9,57658.0,1532700.0,89800.0,1395000
S01663,2023-08-29,V1202,D005,C02447,Tamil Nadu,8,104879.0,1593600.0,143400.0,1293000
S01664,2024-04-29,V1457,D020,C00759,Tamil Nadu,7,89445.0,1168200.0,123900.0,931000
S01665,2023-09-27,V1478,D020,C01450,Karnataka,8,68650.0,704600.0,15200.0,726000
S01666,2023-09-01,V1462,D002,C02202,Delhi,6,52642.0,810100.0,102900.0,702000
S01667,2023-06-10,V1159,D038,C01021,Rajasthan,6,77129.0,1878900.0,65700.0,1720000
S01668,2022-03-17,V1422,D025,C00711,Karnataka,6,52630.0,1163600.0,102400.0,1134000
S01669,2025-06-06,V1469,D002,C00641,Karnataka,7,55183.0,434700.0,8500.0,412000
S01670,2025-09-25,V1490,D023,C01616,Uttar Pradesh,9,72740.0,1142700.0,51600.0,1079000
S01671,2022-04-29,V1011,D011,C00249,Delhi,7,93137.0,469800.0,55600.0,432000
S01672,2023-08-28,V1373,D037,C01611,Telangana,9,68833.0,561600.0,31300.0,571000
S01673,2024-01-27,V1499,D025,C01014,Maharashtra,7,65800.0,1867100.0,118700.0,1775000
S01674,2025-02-19,V1383,D022,C00063,Maharashtra,7,103320.0,1245900.0,109100.0,1080000
S01675,2025-12-12,V1117,D009,C00094,West Bengal,7,120056.0,894100.0,108900.0,795000
S01676,2023-09-01,V1382,D035,C00317,Delhi,8,99113.0,1104600.0,96100.0,1021000
S01677,2024-12-30,V1053,D036,C02304,Gujarat,7,104177.0,815900.0,104100.0,760000
S01678,2025-10-01,V1241,D040,C02494,Telangana,9,79986.0,1016100.0,76700.0,1006000
S01679,2025-04-28,V1314,D031,C01264,West Bengal,7,72142.0,1796600.0,179600.0,1706000
S01680,2023-03-01,V1229,D007,C00211,Tamil Nadu,6,78528.0,1268300.0,29000.0,1158000
S01681,2025-04-09,V1350,D004,C02491,Telangana,7,76966.0,2020900.0,152300.0,1727000
S01682,2023-08-26,V1121,D030,C01019,KARNATAKA,6,84975.0,1322400.0,70800.0,1260000
S01683,2022-01-26,V1304,D010,C00989,Kerala,5,62688.0,2407100.0,170100.0,2290000
S01684,2025-01-13,V1323,D035,C01834,West Bengal,7,78885.0,1523400.0,173600.0,1419000
S01685,2025-05-05,V1317,D001,C00023,Tamil Nadu,8,96892.0,768600.0,83500.0,588000
S01686,2023-05-18,V1145,D010,C00290,Gujarat,6,106951.0,429300.0,66800.0,403000
S01687_DUP,2023-10-21,V1153,D034,C02196,,6,127850.0,653700.0,102800.0,562000
S01688,2023-06-17,V1129,D026,C01887,Kerala,6,85993.0,1267000.0,66400.0,1150000
S01689,2022-06-20,V1231,D038,C02132,Telangana,8,60182.0,1263800.0,112300.0,1120000
S01690,2025-12-24,V1293,D017,C01711,Tamil Nadu,7,114450.0,349900.0,32400.0,332000
S01691,2022-02-03,V1182,D027,C01030,Telangana,8,73270.0,1004500.0,0.0,1050000
S01692,2024-03-22,V1205,D029,C00161,Uttar Pradesh,8,112041.0,894900.0,113300.0,804000
S01693,2022-01-22,V1144,D034,C00447,Telangana,8,52409.0,1937800.0,209800.0,1566000
S01694,2024-10-04,V1110,D026,C00100,Kerala,6,87809.0,1033300.0,93000.0,971000
S01695,2025-08-09,V1329,D033,C02285,Delhi,5,95489.0,723800.0,9700.0,762000
S01696,2024-07-29,V1409,D039,C01709,Uttar Pradesh,7,92486.0,1125100.0,100500.0,1018000
S01697,2024-06-04,V1146,D014,C01906,Delhi,7,94503.0,913100.0,92600.0,841000
S01698,2025-04-24,V1431,D026,C02176,Tamil Nadu,10,37247.0,1231800.0,63200.0,1156000
S01699,2025-11-24,V1286,D010,C02370,Karnataka,7,95051.0,325100.0,35100.0,289000
S01700,2025-06-13,V1084,D040,C01107,West Bengal,9,66742.0,1162300.0,43000.0,1080000
S01701,2022-12-05,V1183,D034,C02039,Karnataka,7,48742.0,1235200.0,119500.0,1202000
S01702,2024-04-02,V1004,D019,C00400,Gujarat,10,67837.0,436100.0,52900.0,430000
S01703,2025-04-11,V1020,D027,C00575,Tamil Nadu,7,89831.0,601300.0,31100.0,610000
S01704,2023-03-07,V1169,D035,C02343,Telangana,7,143975.0,745700.0,137400.0,641000
S01705,2024-09-13,V1228,D038,C01666,Delhi,5,35097.0,2512600.0,276900.0,2295000
S01706,2022-02-03,V1399,D006,C02069,Uttar Pradesh,9,79090.0,1734200.0,174700.0,1594000
S01707,2025-07-05,V1068,D026,C02292,Karnataka,7,34565.0,1786200.0,160900.0,1630000
S01708,2024-06-16,V1420,D003,C00557,Gujarat,10,32134.0,1817800.0,128900.0,1623000
S01709,2024-12-21,V1118,D014,C02131,Rajasthan,8,75949.0,530600.0,20400.0,536000
S01710,2025-04-21,V1070,D010,C02059,Karnataka,8,75920.0,1017800.0,57700.0,1015000
S01711,2022-11-16,V1350,D006,C00474,Gujarat,8,77905.0,2045400.0,254100.0,1737000
S01712,2023-10-21,V1388,D029,C00208,Rajasthan,7,71532.0,1483800.0,44600.0,1363000
S01713,2025-06-08,V1303,D015,C01437,West Bengal,6,54018.0,2197600.0,184200.0,1940000
S01714,2022-08-29,V1058,D002,C01132,Delhi,9,94880.0,1263700.0,155000.0,1108000
S01715,2025-04-16,V1058,D009,C01446,Delhi,6,111967.0,988800.0,185600.0,771000
S01716,2023-02-25,V1196,D007,C01339,Telangana,6,42167.0,1020200.0,61000.0,921000
S01717,2024-04-20,V1226,D013,C01480,Telangana,7,71587.0,594400.0,7800.0,515000
S01718,2024-01-16,V1500,D040,C02128,West Bengal,6,62713.0,951300.0,123100.0,805000
S01719,2024-09-29,V1144,D006,C00150,Rajasthan,7,34763.0,1613100.0,150900.0,1465000
S01720,2025-05-07,V1097,D012,C00861,Delhi,7,122359.0,437800.0,37000.0,388000
S01721,2023-05-25,V1473,D018,C02499,Uttar Pradesh,6,80766.0,530100.0,24000.0,497000
S01722,2022-09-08,V1077,D013,C02079,Delhi,8,70932.0,953000.0,137700.0,878000
S01723,2023-09-10,V1014,D031,C00171,Rajasthan,7,104544.0,608900.0,104100.0,557000
S01724,2024-06-13,V1212,D023,C01247,West Bengal,7,74248.0,2243700.0,174200.0,2129000
S01725,2025-01-01,V1201,D008,C01025,Maharashtra,8,114486.0,979800.0,106200.0,870000
S01726,2025-01-05,V1310,D010,C01222,Telangana,8,55785.0,1639500.0,178300.0,1324000
S01727,2023-05-12,V1439,D038,C01823,Delhi,5,46852.0,559200.0,76700.0,474000
S01728,2025-09-29,V1467,D040,C00609,West Bengal,7,45633.0,1035300.0,80200.0,1026000
S01729,2022-05-02,V1145,D028,C01679,Maharashtra,6,100869.0,818700.0,36000.0,545000
S01730,2022-06-20,V1491,D036,C01869,Delhi,6,58373.0,1107600.0,90200.0,990000
S01731,2022-02-06,V1317,D013,C00867,Tamil Nadu,7,79156.0,1702100.0,55000.0,1623000
S01732,2025-09-15,V1035,D005,C01570,Tamil Nadu,8,90439.0,914700.0,83500.0,794000
S01733,2022-09-21,V1470,D039,C00779,Kerala,7,47524.0,1399800.0,122900.0,1282000
S01734,2024-05-28,V1069,D037,C00527,Gujarat,5,83830.0,819900.0,123500.0,764000
S01735,2025-04-02,V1295,D039,C01034,Uttar Pradesh,8,87887.0,313200.0,10300.0,284000
S01736,2025-01-25,V1396,D003,C01947,Uttar Pradesh,6,72980.0,1239500.0,73700.0,1154000
S01737,2025-10-18,V1125,D034,C00013,Delhi,7,88945.0,1417800.0,137300.0,1183000
S01738,2022-03-20,V1136,D003,C02033,Tamil Nadu,6,29832.0,1824400.0,116600.0,1805000
S01739,2023-08-18,V1239,D007,C00886,Kerala,9,64122.0,1680200.0,27200.0,1603000
S01740,2024-01-10,V1443,D001,C01197,Uttar Pradesh,9,71993.0,1674800.0,119700.0,1425000
S01741,2024-10-14,V1112,D020,C00963,Kerala,8,68664.0,1439800.0,70400.0,1304000
S01742,2024-06-28,V1332,D010,C01365,Gujarat,8,65800.0,1590500.0,79200.0,1383000
S01743,2024-03-29,V1227,D039,C01600,Rajasthan,8,61987.0,961200.0,67000.0,855000
S01744,2023-03-25,V1056,D039,C01780,Maharashtra,8,72307.0,1050400.0,53900.0,1126000
S01745,2022-06-05,V1356,D036,C01887,Kerala,7,41177.0,1071100.0,105400.0,999000
S01746,2023-09-23,V1417,D002,C00682,Karnataka,10,89280.0,1513300.0,78500.0,1454000
S01747,2023-01-15,V1288,D034,C01424,Telangana,9,77919.0,349800.0,30300.0,333000
S01748,2024-03-20,V1089,D035,C00559,Telangana,7,95178.0,571600.0,92900.0,503000
S01749,2025-03-10,V1078,D020,C00404,West Bengal,9,70184.0,887000.0,64600.0,820000
S01750,2024-03-18,V1212,D013,C00171,Maharashtra,6,51827.0,1072300.0,109400.0,906000
S01751,2024-05-01,V1254,D034,C01858,Delhi,5,70280.0,1007800.0,81700.0,947000
S01752,2022-03-03,V1277,D020,C00500,Karnataka,8,104840.0,235900.0,18800.0,188000
S01753,2024-07-30,V1122,D017,C01501,Maharashtra,8,62893.0,1625000.0,196200.0,1400000
S01754,2023-10-05,V1251,D025,C01559,Karnataka,10,53829.0,2019800.0,104500.0,1958000
S01755,2022-06-30,V1148,D004,C01753,West Bengal,8,84002.0,1424900.0,101700.0,1366000
S01756,2022-11-09,V1344,D008,C01295,Karnataka,8,46463.0,1196600.0,15300.0,1218000
S01757,2025-02-14,V1399,D014,C00467,Maharashtra,9,83440.0,538900.0,21100.0,572000
S01758,2025-09-01,V1327,D015,C01119,West Bengal,8,85715.0,1889500.0,148300.0,1673000
S01759,2024-01-12,V1001,D010,C00672,Rajasthan,9,143007.0,802700.0,83800.0,797000
S01760,2025-11-27,V1497,D040,C00544,Gujarat,7,75582.0,1797300.0,327600.0,1523000
S01761,2022-09-21,V1012,D021,C02123,Gujarat,6,85765.0,918000.0,168700.0,740000
S01762,2023-03-14,V1500,D008,C00762,Telangana,10,43514.0,1048000.0,45300.0,997000
S01763,2025-09-20,V1016,D035,C02159,Tamil Nadu,7,102203.0,763500.0,87400.0,797000
S01764,2022-09-13,V1259,D009,C00977,Maharashtra,10,42513.0,2499600.0,27300.0,2444000
S01765,2024-08-21,V1053,D022,C01609,Rajasthan,10,112835.0,493900.0,55200.0,435000
S01766,2022-11-17,V1048,D005,C02188,Tamil Nadu,8,85267.0,992600.0,113600.0,808000
S01767,2023-04-29,V1342,D039,C02076,Tamil Nadu,7,74138.0,1523600.0,152200.0,1376000
S01768,2023-11-29,V1364,D019,C01513,Maharashtra,5,34200.0,636800.0,43600.0,611000
S01769,2023-06-10,V1060,D019,C02479,Kerala,7,61824.0,1007900.0,29900.0,985000
S01770,2025-07-01,V1489,D025,C01670,Maharashtra,10,102492.0,756500.0,50800.0,663000
S01771,2025-11-22,V1161,D026,C00106,Uttar Pradesh,10,108549.0,850400.0,76700.0,736000
S01772,2024-01-01,V1160,D038,C00553,Gujarat,5,71379.0,680500.0,66200.0,605000
S01773,2024-02-07,V1149,D010,C01302,Telangana,9,100885.0,1146000.0,149600.0,789000
S01774,2022-03-22,V1231,D004,C00100,Tamil Nadu,9,68996.0,818200.0,25300.0,828000
S01775,2022-12-09,V1089,D005,C00122,Gujarat,8,108482.0,551900.0,82600.0,447000
S01776,2022-02-28,V1213,D027,C00729,Delhi,6,110870.0,1175500.0,125600.0,916000
S01777,2025-06-05,V1105,D015,C00531,Telangana,5,78934.0,630300.0,96400.0,491000
S01778,2022-11-29,V1026,D002,C02263,Maharashtra,6,95213.0,1159200.0,216100.0,1049000
S01779,2023-05-13,V1185,D005,C02254,West Bengal,7,86497.0,1340000.0,143700.0,1083000
S01780,2025-05-16,V1337,D034,C01930,Tamil Nadu,8,95625.0,1481600.0,212900.0,1150000
S01781,2024-11-08,V1382,D021,C01293,Delhi,9,94338.0,1258600.0,138800.0,1045000
S01782,2024-06-26,V1177,D026,C00447,Delhi,8,118458.0,586300.0,24500.0,580000
S01783,2022-02-26,V1162,D006,C01320,West Bengal,6,109740.0,346700.0,9400.0,326000
S01784,2024-04-02,V1394,D034,C01985,Delhi,8,85068.0,1198200.0,92300.0,945000
S01785,2024-03-30,V1341,D018,C01102,Delhi,8,89088.0,1029700.0,117200.0,979000
S01786,2023-04-12,V1417,D035,C01130,Tamil Nadu,7,85931.0,946400.0,0.0,868000
S01787,2024-12-24,V1454,D014,C00045,Maharashtra,9,71818.0,1663500.0,255600.0,1504000
S01788,2025-09-19,V1411,D035,C02140,Karnataka,5,54210.0,1121100.0,44800.0,1054000
S01789,2023-01-14,V1469,D014,C01010,West Bengal,7,73029.0,864000.0,0.0,787000
S01790,2023-04-29,V1209,D015,C02485,Karnataka,10,100829.0,575300.0,14800.0,526000
S01791,2023-04-16,V1198,D038,C01571,Karnataka,8,58437.0,1085600.0,95300.0,1015000
S01792,2025-05-04,V1161,D012,C01510,West Bengal,7,105694.0,712500.0,131900.0,632000
S01793,2022-04-24,V1118,D029,C00010,West Bengal,8,108085.0,1142300.0,144500.0,1061000
S01794,2025-08-01,V1375,D001,C01949,Maharashtra,8,36034.0,502900.0,38100.0,485000
S01795,2025-02-06,V1358,D012,C00577,Delhi,10,64198.0,2131800.0,188200.0,1709000
S01796,2023-12-08,V1401,D026,C00093,Maharashtra,8,101241.0,507600.0,45200.0,450000
S01797,2024-05-02,V1084,D032,C00840,Maharashtra,9,79274.0,1320000.0,112400.0,1249000
S01798,2025-07-30,V1246,D031,C00402,West Bengal,6,57340.0,1862800.0,93400.0,1848000
S01799,2025-01-29,V1111,D011,C00788,Rajasthan,5,77849.0,659500.0,86400.0,609000
S01800,2023-02-09,V1447,D038,C02217,Telangana,8,64110.0,1787000.0,76100.0,1692000
S01801,2022-03-15,V1134,D002,C00941,Maharashtra,5,61384.0,1892300.0,165200.0,1830000
S01802,2024-08-19,V1072,D015,C01169,Uttar Pradesh,6,47504.0,830800.0,88100.0,785000
S01803,2022-08-02,V1285,D017,C00102,Delhi,8,130965.0,342300.0,61100.0,258000
S01804,2022-05-09,V1440,D005,C00054,Maharashtra,8,41138.0,1019900.0,52800.0,886000
S01805,2025-12-06,V1458,D023,C00017,West Bengal,6,82811.0,508800.0,83100.0,420000
S01806,2023-11-24,V1049,D023,C01667,Telangana,6,132037.0,1276000.0,125800.0,1062000
S01807,2024-08-08,V1163,D032,C01819,Karnataka,5,89291.0,1066700.0,222200.0,993000
S01808,2022-11-14,V1077,D034,C00999,Telangana,7,95323.0,690200.0,118500.0,513000
S01809,2022-05-29,V1154,D020,C00443,Delhi,8,87131.0,1028600.0,98900.0,951000
S01810,2022-04-02,V1267,D023,C01854,Delhi,6,68248.0,377600.0,33100.0,329000
S01811,2023-06-02,V1141,D015,C00349,Rajasthan,9,95750.0,1506200.0,79200.0,1557000
S01812,2022-01-06,V1034,D030,C02139,Kerala,7,93287.0,1183500.0,139400.0,945000
S01813,2023-09-06,V1256,D001,C01458,Kerala,10,16998.0,2214700.0,140700.0,2057000
S01814,2023-04-20,V1027,D022,C01214,Maharashtra,7,82438.0,1169500.0,62500.0,1045000
S01815,2024-02-09,V1114,D006,C02423,Karnataka,7,98474.0,476100.0,14400.0,447000
S01816,2024-05-11,V1001,D023,C01713,Uttar Pradesh,7,138370.0,455800.0,71200.0,379000
S01817,2023-03-27,V1044,D027,C02358,Gujarat,9,63622.0,1726100.0,42500.0,1832000
S01818,2023-10-28,V1219,D002,C01007,Rajasthan,7,85373.0,1723200.0,124400.0,1563000
S01819,2022-04-25,V1426,D027,C01616,Karnataka,6,53504.0,1244600.0,163800.0,1128000
S01820,2023-03-17,V1388,D025,C00112,Delhi,10,84156.0,920000.0,151600.0,822000
S01821,2025-11-30,V1050,D029,C00133,Telangana,7,97941.0,1350300.0,129900.0,1364000
S01822,2025-12-19,V1018,D009,C00341,Tamil Nadu,9,109672.0,657300.0,93000.0,636000
S01823,2023-12-11,V1170,D018,C00497,Tamil Nadu,7,117120.0,430000.0,43300.0,418000
S01824,2025-10-04,V1327,D038,C00366,Uttar Pradesh,6,69821.0,1725500.0,184300.0,1587000
S01825,2024-01-03,V1374,D022,C01778,Karnataka,7,47799.0,324600.0,36400.0,288000
S01826,2022-07-03,V1412,D001,C01449,Karnataka,7,43555.0,1019800.0,31000.0,965000
S01827,2025-06-22,V1172,D014,C01584,Gujarat,6,68155.0,1148500.0,44200.0,1144000
S01828,2023-08-30,V1085,D014,C00740,Gujarat,9,120046.0,851300.0,123900.0,759000
S01829,2024-06-13,V1014,D036,C02319,Tamil Nadu,6,123550.0,536400.0,56100.0,545000
S01830,2024-08-05,V1074,D040,C01121,Rajasthan,7,83720.0,818400.0,0.0,912000
S01831,2023-03-27,V1033,D035,C00081,Rajasthan,8,111613.0,812300.0,65500.0,613000
S01832,2024-12-07,V1431,D011,C01569,Delhi,8,33817.0,1057100.0,87000.0,958000
S01833,2024-01-03,V1135,D032,C01119,Uttar Pradesh,8,56082.0,1504600.0,9900.0,1479000
S01834,2023-06-20,V1412,D037,C02256,Telangana,5,49300.0,2177300.0,167600.0,2099000
S01835,2023-03-12,V1277,D038,C01269,Uttar Pradesh,8,101417.0,256400.0,44900.0,212000
S01836,2024-12-26,V1270,D007,C01802,Maharashtra,7,86118.0,388300.0,16300.0,366000
S01837,2022-12-31,V1228,D006,C00173,Tamil Nadu,8,57465.0,2327000.0,76200.0,2523000
S01838,2022-07-01,V1410,D034,C02354,Karnataka,5,85703.0,1250200.0,81500.0,1126000
S01839,2025-07-12,V1022,D023,C02266,Uttar Pradesh,8,78532.0,1274700.0,119300.0,1268000
S01840,2023-04-30,V1047,D008,C00630,Kerala,5,79450.0,819800.0,54900.0,809000
S01841,2024-07-25,V1212,D037,C00734,Gujarat,7,50907.0,1724600.0,213200.0,1448000
S01842,2024-11-12,V1198,D036,C02148,Karnataka,7,81974.0,1733800.0,232000.0,1603000
S01843,2025-05-09,V1273,D035,C00962,Maharashtra,10,92575.0,407900.0,58700.0,359000
S01844,2024-07-03,V1369,D022,C01502,Uttar Pradesh,8,75351.0,431900.0,80600.0,378000
S01845,2024-10-31,V1294,D003,C00596,Delhi,8,118055.0,207500.0,9400.0,195000
S01846,2025-05-08,V1129,D013,C02323,Telangana,6,99915.0,1693900.0,88600.0,1566000
S01847,2025-10-10,V1164,D003,C02267,Tamil Nadu,6,75121.0,505600.0,55400.0,467000
S01848,2022-03-10,V1377,D012,C02112,West Bengal,10,71499.0,560800.0,35600.0,568000
S01849,2024-12-21,V1101,D030,C00745,West Bengal,6,124173.0,747900.0,172000.0,569000
S01850,2022-09-12,V1253,D036,C00247,Rajasthan,7,73576.0,1491200.0,110500.0,1247000
S01851,2025-07-26,V1270,D001,C01366,Rajasthan,8,86302.0,337300.0,23000.0,334000
S01852,2022-03-12,V1376,D009,C00643,West Bengal,7,34550.0,529800.0,0.0,578000
S01853,2022-12-27,V1358,D035,C02279,Maharashtra,6,62441.0,1237200.0,114000.0,1150000
S01854,2022-10-08,V1233,D031,C01498,Kerala,5,89548.0,1489900.0,37700.0,1312000
S01855,2024-05-31,V1155,D035,C00132,Delhi,10,81313.0,635500.0,83900.0,575000
S01856,2022-01-07,V1184,D030,C02339,Uttar Pradesh,7,40483.0,2515400.0,230100.0,2168000
S01857,2022-01-25,V1206,D021,C02008,Telangana,9,94157.0,1378200.0,215600.0,1158000
S01858,2024-01-07,V1110,D038,C00815,Delhi,10,79690.0,1165700.0,132000.0,1074000
S01859,2025-11-20,V1313,D022,C01840,Rajasthan,9,86477.0,966300.0,54300.0,896000
S01860,2024-02-11,V1105,D009,C01457,Rajasthan,6,91883.0,486900.0,69600.0,369000
S01861,2023-10-14,V1325,D022,C00482,West Bengal,8,108180.0,1289500.0,52200.0,1116000
S01862,2024-08-19,V1376,D001,C01458,Uttar Pradesh,8,61007.0,621200.0,25300.0,606000
S01863,2024-03-17,V1481,D036,C00511,West Bengal,8,79249.0,1798700.0,134800.0,1839000
S01864,2023-07-17,V1060,D020,C00098,Maharashtra ,10,71895.0,1804800.0,153500.0,1768000
S01865,2024-05-09,V1380,D015,C01268,Gujarat,7,40741.0,483000.0,43700.0,456000
S01866,2022-01-05,V1043,D019,C01826,Rajasthan,9,96108.0,1183100.0,199400.0,987000
S01867,2022-12-24,V1169,D021,C02494,Uttar Pradesh,10,112009.0,381600.0,17200.0,404000
S01868,2024-09-11,V1089,D004,C00984,Telangana,8,106460.0,636500.0,74500.0,576000
S01869,2023-05-15,V1082,D022,C01349,Telangana,8,111656.0,826100.0,15600.0,718000
S01870,2022-03-21,V1088,D040,C00804,Uttar Pradesh,8,61384.0,1167100.0,52600.0,1128000
S01871,2022-07-01,V1022,D020,C00068,West Bengal,6,70025.0,832700.0,91700.0,775000
S01872,2025-06-19,V1412,D013,C00260,Karnataka,9,43565.0,1997900.0,109200.0,1828000
S01873,2023-04-27,V1031,D040,C00109,Rajasthan,9,70194.0,586400.0,56500.0,493000
S01874,2022-02-03,V1200,D002,C01914,Delhi,10,38369.0,1513900.0,235400.0,1313000
S01875,2024-11-30,V1350,D018,C02332,Uttar Pradesh,10,76936.0,2012700.0,101400.0,1888000
S01876,2024-02-15,V1496,D001,C02133,Telangana,10,33348.0,2458900.0,197900.0,2253000
S01877_DUP,2023-10-22,V1427,D021,C00840,Kerala,5,22202.0,1526300.0,107200.0,1409000
S01878,2025-07-31,V1069,D010,C00579,Gujarat,8,87176.0,1283000.0,242700.0,1127000
S01879,2023-04-04,V1494,D040,C02435,Rajasthan,6,78053.0,1452600.0,136900.0,1424000
S01880,2024-04-16,V1327,D030,C01665,Maharashtra,9,68839.0,2038700.0,194900.0,1753000
S01881,2024-12-24,V1090,D007,C02499,Telangana,6,99331.0,777200.0,57000.0,674000
S01882,2024-06-07,V1225,D025,C01237,Delhi,8,71169.0,1195400.0,178700.0,1030000
S01883,2022-10-31,V1459,D034,C01276,Karnataka,9,31422.0,618500.0,22200.0,592000
S01884,2024-09-22,V1197,D020,C01622,Tamil Nadu,9,103304.0,1556200.0,180200.0,1307000
S01885,2024-12-22,V1092,D037,C02412,Rajasthan,10,77413.0,846500.0,104800.0,867000
S01886,2022-06-28,V1438,D013,C01497,Delhi,10,55760.0,871800.0,105000.0,764000
S01887,2022-08-30,V1477,D035,C01478,Telangana,8,74412.0,1021800.0,8200.0,987000
S01888,2024-09-13,V1488,D030,C00477,Tamil Nadu,7,36343.0,1631800.0,155800.0,1555000
S01889,2022-06-23,V1478,D026,C02156,Tamil Nadu,7,45875.0,1085800.0,67500.0,1055000
S01890,2025-07-10,V1437,D027,C01049,Uttar Pradesh,8,70397.0,908700.0,101200.0,856000
S01891,2022-06-10,V1228,D015,C01648,West Bengal,7,25422.0,2522600.0,191900.0,2175000
S01892,2025-11-24,V1097,D005,C01463,Gujarat,7,126815.0,903600.0,66900.0,757000
S01893,2024-09-08,V1309,D006,C00030,Delhi,9,77893.0,1551100.0,146200.0,1656000
S01894,2023-10-10,V1111,D011,C00234,Kerala,6,76637.0,820900.0,51400.0,800000
S01895,2023-01-28,V1237,D019,C02076,West Bengal,9,75815.0,976400.0,47400.0,944000
S01896,2023-05-19,V1329,D033,C01164,Tamil Nadu,8,107416.0,711100.0,116300.0,573000
S01897,2024-12-29,V1474,D015,C02496,Karnataka,10,62517.0,978500.0,69800.0,885000
S01898,2025-01-05,V1145,D007,C01260,Telangana,9,100514.0,623900.0,81200.0,474000
S01899,2022-11-01,V1126,D018,C00616,Kerala,9,78045.0,1512700.0,136700.0,1344000
S01900,2024-03-04,V1368,D004,C00598,Uttar Pradesh,7,28967.0,406600.0,17000.0,428000
S01901,2025-12-21,V1004,D005,C00656,Rajasthan,6,104292.0,1008200.0,117900.0,826000
S01902,2023-01-11,V1284,D033,C01481,Tamil Nadu,8,75348.0,542300.0,15800.0,518000
S01903,2024-10-10,V1373,D021,C01549,Karnataka,6,75126.0,495000.0,8600.0,453000
S01904,2022-09-09,V1276,D021,C00271,Delhi,8,42049.0,389900.0,23700.0,351000
S01905,2025-05-03,V1192,D016,C00404,Tamil Nadu,7,36795.0,2361900.0,282700.0,1935000
S01906,2022-09-06,V1415,D021,C00161,Maharashtra,6,41694.0,1113400.0,46900.0,1010000
S01907,2023-03-11,V1186,D013,C01694,Uttar Pradesh,7,59857.0,2060100.0,220100.0,1721000
S01908,2023-11-02,V1356,D037,C02409,West Bengal,7,31678.0,968800.0,36100.0,980000
S01909,2023-06-26,V1233,D034,C00688,Rajasthan,4,95530.0,1110000.0,61100.0,1135000
S01910,2022-09-06,V1014,D032,C00786,Karnataka,10,123229.0,851400.0,128500.0,846000
S01911,2024-07-25,V1266,D020,C02234,Gujarat,7,93638.0,364300.0,20400.0,332000
S01912,2022-01-29,V1025,D039,C00814,Gujarat,7,83611.0,693100.0,51500.0,623000
S01913,2025-12-07,V1466,D040,C02062,Kerala,10,62680.0,1166300.0,53000.0,1110000
S01914,2022-03-18,V1301,D028,C01803,Karnataka,7,87077.0,1337100.0,144700.0,1102000
S01915,2023-05-03,V1187,D020,C00311,Gujarat,9,62744.0,692300.0,87400.0,565000
S01916,2025-09-20,V1244,D011,C00781,Maharashtra,7,25610.0,1119100.0,24800.0,1029000
S01917,2022-08-15,V1310,D022,C02320,Maharashtra,10,58981.0,1325200.0,105400.0,1253000
S01918,2022-04-17,V1131,D029,C00207,Gujarat,9,66517.0,965300.0,48100.0,921000
S01919,2024-12-22,V1145,D002,C01489,Delhi,10,90754.0,794400.0,0.0,828000
S01920,2022-04-17,V1210,D010,C02393,Gujarat,10,101940.0,520500.0,78800.0,471000
S01921,2025-08-07,V1130,D027,C01865,Gujarat,8,71601.0,1506900.0,110600.0,1534000
S01922,2023-10-22,V1379,D010,C00479,Telangana,6,33810.0,347700.0,1200.0,355000
S01923,2025-06-24,V1052,D028,C02102,Gujarat,5,76394.0,1604900.0,112300.0,1424000
S01924,2022-12-25,V1414,D002,C01268,Tamil Nadu,7,61803.0,799200.0,58600.0,790000
S01925,2022-07-26,V1175,D027,C00297,Kerala,7,78993.0,859500.0,36100.0,728000
S01926,2025-11-07,V1281,D032,C02451,Karnataka,8,119055.0,385600.0,23800.0,352000
S01927,2025-01-18,V1079,D016,C02375,Gujarat,9,59510.0,2614900.0,304800.0,2477000
S01928,2025-08-23,V1193,D031,C00932,Telangana,8,84984.0,1676300.0,135000.0,1490000
S01929,2023-04-13,V1378,D024,C02254,Tamil Nadu,7,41406.0,626300.0,18100.0,619000
S01930,2023-08-15,V1136,D004,C00660,Delhi,10,42876.0,1554200.0,104900.0,1417000
S01931,2024-04-23,V1067,D024,C00736,Maharashtra,10,68259.0,882000.0,19300.0,827000
S01932,2023-10-18,V1261,D003,C01495,Rajasthan,7,115223.0,416700.0,41800.0,453000
S01933,2022-12-21,V1082,D004,C01861,Rajasthan,10,111388.0,392700.0,46000.0,366000
S01934,2023-07-03,V1158,D035,C00535,Delhi,10,90561.0,1176100.0,191400.0,1086000
S01935,2024-06-08,V1226,D037,C00932,Karnataka,10,71778.0,705300.0,45700.0,665000
S01936,2022-02-25,V1283,D027,C02469,Rajasthan,8,90102.0,477900.0,39700.0,375000
S01937,2023-05-06,V1320,D040,C02356,Karnataka,7,55721.0,2142200.0,202100.0,1968000
S01938,2023-03-04,V1339,D023,C01280,West Bengal,9,66405.0,1727400.0,57100.0,1678000
S01939,2022-04-13,V1423,D017,C01672,Karnataka,5,20555.0,828900.0,78200.0,707000
S01940,2022-06-29,V1034,D040,C01745,Rajasthan,9,90153.0,535700.0,53000.0,493000
S01941,2023-12-26,V1182,D029,C00225,Delhi,7,65761.0,2054700.0,132200.0,1952000
S01942,2022-05-30,V1001,D025,C02037,West Bengal,9,122183.0,797100.0,73400.0,754000
S01943,2023-05-19,V1005,D028,C00384,West Bengal,8,127693.0,411800.0,15000.0,405000
S01944,2024-03-30,V1107,D008,C01287,Tamil Nadu,9,66559.0,907900.0,40100.0,828000
S01945,2025-06-30,V1300,D038,C01124,Rajasthan,7,64773.0,522000.0,14800.0,495000
S01946,2022-05-25,V1448,D020,C02341,Karnataka,5,48466.0,1701000.0,99900.0,1583000
S01947,2023-09-28,V1387,D001,C00192,Uttar Pradesh,7,74349.0,1323800.0,8400.0,1253000
S01948,2022-05-31,V1324,D006,C02010,Rajasthan,7,56442.0,1182100.0,78200.0,1129000
S01949,2023-09-19,V1390,D033,C00649,Rajasthan,9,98619.0,749300.0,130900.0,600000
S01950,2023-12-04,V1086,D040,C00384,Delhi,8,97721.0,617200.0,64200.0,626000
S01951,2025-03-13,V1420,D034,C00263,Uttar Pradesh,5,32878.0,787500.0,55100.0,762000
S01952,2023-10-09,V1446,D017,C00986,Kerala,9,82021.0,830000.0,46500.0,759000
S01953,2025-09-28,V1048,D010,C01561,Gujarat,6,67002.0,1261900.0,47600.0,1176000
S01954,2022-07-21,V1235,D023,C00609,Telangana,5,63661.0,927600.0,38900.0,878000
S01955,2022-03-19,V1416,D015,C01880,Uttar Pradesh,7,39500.0,1150400.0,48000.0,1175000
S01956,2022-01-07,V1239,D021,C01225,Gujarat,7,52229.0,1321100.0,127400.0,1141000
S01957,2023-06-06,V1421,D017,C02424,Telangana,7,67227.0,1087300.0,124100.0,788000
S01958,2022-10-09,V1468,D018,C01953,Telangana,7,33539.0,1711800.0,123600.0,1541000
S01959,2022-05-14,V1238,D010,C02147,Karnataka,9,73911.0,1087200.0,88600.0,1038000
S01960,2022-12-11,V1030,D010,C00629,Maharashtra,7,85547.0,873200.0,107400.0,661000
S01961,2025-11-25,V1171,D002,C01063,Gujarat,8,94489.0,537600.0,87300.0,440000
S01962,2025-03-15,V1108,D010,C02347,Karnataka,7,54404.0,1308300.0,36100.0,1194000
S01963,2022-01-28,V1238,D023,C00046,Delhi,7,78483.0,1900900.0,128000.0,1671000
S01964,2025-08-30,V1293,D033,C00802,Tamil Nadu,8,115501.0,320600.0,19300.0,294000
S01965,2022-10-27,V1232,D034,C01724,Tamil Nadu,5,53151.0,2062600.0,122200.0,1883000
S01966,2023-08-17,V1098,D013,C00897,Gujarat,5,113285.0,616200.0,128100.0,406000
S01967,2023-04-24,V1151,D017,C02329,Delhi,7,72218.0,1501100.0,106300.0,1431000
S01968,2023-08-15,V1340,D022,C00549,Maharashtra,7,42369.0,943600.0,49500.0,866000
S01969,2025-01-16,V1014,D017,C01982,Delhi,8,115797.0,467300.0,0.0,392000
S01970,2024-11-06,V1108,D031,C00358,West Bengal,6,55837.0,865000.0,48400.0,852000
S01971,2024-05-17,V1447,D016,C00319,West Bengal,7,60485.0,703400.0,58800.0,706000
S01972,2024-07-04,V1050,D009,C00363,Kerala,7,82277.0,774000.0,83700.0,729000
S01973,2024-11-28,V1208,D017,C00939,West Bengal,8,62925.0,1315300.0,29600.0,1339000
S01974,2022-09-27,V1104,D022,C01973,Maharashtra,8,67983.0,1236300.0,73400.0,1181000
S01975,2023-08-02,V1053,D028,C00140,Kerala,6,122084.0,928800.0,177600.0,850000
S01976,2022-06-07,V1212,D040,C02331,Kerala,7,58403.0,880500.0,115500.0,715000
S01977,2024-10-25,V1261,D014,C00829,Rajasthan,6,109106.0,298900.0,45600.0,269000
S01978,2023-10-02,V1089,D038,C02241,Maharashtra,6,115146.0,829400.0,48000.0,854000
S01979,2024-07-20,V1039,D032,C00292,Delhi,6,81838.0,985200.0,47500.0,1005000
S01980,2024-04-05,V1068,D032,C01172,West Bengal,7,48411.0,978500.0,53300.0,906000
S01981,2023-02-04,V1326,D012,C01005,West Bengal,7,92846.0,1097900.0,101800.0,1066000
S01982,2022-07-22,V1431,D010,C01549,Uttar Pradesh,7,61193.0,1306100.0,92000.0,1178000
S01983,2025-11-22,V1091,D015,C00814,West Bengal,6,93832.0,821200.0,54500.0,713000
S01984,2023-03-05,V1161,D037,C00613,Tamil Nadu,7,113224.0,862900.0,202100.0,747000
S01985,2022-06-10,V1172,D012,C01614,Tamil Nadu,7,66696.0,852100.0,84100.0,821000
S01986,2023-03-23,V1181,D008,C00214,Tamil Nadu,8,93480.0,1042000.0,95800.0,955000
S01987,2025-08-11,V1123,D006,C02211,Uttar Pradesh,10,64443.0,1933000.0,171200.0,1764000
S01988,2023-01-17,V1028,D021,C02389,West Bengal,6,62895.0,1066300.0,44000.0,1068000
S01989,2025-12-12,V1263,D018,C01046,Tamil Nadu,8,80086.0,432300.0,23800.0,419000
S01990,2023-11-05,V1179,D009,C01657,Telangana,10,95525.0,450900.0,54500.0,414000
S01991,2025-06-13,V1172,D036,C02018,Tamil Nadu,9,63741.0,1238600.0,37800.0,1172000
S01992,2024-08-12,V1133,D029,C00705,Kerala,7,77893.0,1328400.0,0.0,1237000
S01993,2022-03-06,V1465,D037,C01014,Kerala,8,77986.0,1310700.0,64100.0,1182000
S01994,2024-01-15,V1306,D026,C01709,Gujarat,8,84054.0,2080900.0,115700.0,2095000
S01995,2023-09-02,V1210,D036,C02088,Tamil Nadu,8,78625.0,808500.0,103100.0,766000
S01996,2022-10-22,V1103,D007,C01296,Karnataka,8,79808.0,699000.0,67500.0,626000
S01997,2024-03-14,V1401,D038,C01408,Uttar Pradesh,7,86983.0,553400.0,800.0,574000
S01998,2022-05-31,V1445,D022,C02081,Kerala,7,83544.0,1144100.0,111200.0,973000
S01999,2024-10-17,V1017,D007,C02245,West Bengal,8,132653.0,608500.0,48200.0,562000
S02000,2025-04-15,V1465,D024,C02306,Delhi,8,66153.0,1011000.0,110100.0,962000
S02001,2022-05-16,V1350,D008,C02019,Tamil Nadu,8,83641.0,863100.0,123100.0,683000
S02002,2023-12-02,V1050,D039,C01598,Tamil Nadu,5,85481.0,485800.0,19300.0,400000
S02003,2024-08-15,V1377,D006,C00099,Telangana,5,72123.0,504700.0,39400.0,408000
S02004,2022-04-01,V1054,D026,C00290,Gujarat,7,112113.0,413800.0,90500.0,313000
S02005,2023-07-23,V1026,D032,C01245,Uttar Pradesh,8,86520.0,1106800.0,126300.0,1143000
S02006,2023-01-13,V1058,D038,C01937,Telangana,7,108605.0,1380700.0,185900.0,1327000
S02007,2022-02-27,V1230,D035,C01933,Kerala,5,66196.0,1750800.0,300200.0,1302000
S02008,2025-03-20,V1310,D034,C01443,Maharashtra,9,72823.0,1908500.0,112000.0,1707000
S02009,2023-10-12,V1204,D019,C01943,Gujarat,7,44303.0,1623200.0,111700.0,1561000
S02010,2025-01-03,V1061,D011,C01105,Karnataka,6,87488.0,883200.0,108300.0,837000
S02011,2024-05-07,V1100,D004,C00420,Uttar Pradesh,8,76689.0,1251700.0,56900.0,1161000
S02012,2025-07-03,V1427,D010,C01403,Kerala,10,53977.0,1217300.0,80100.0,1124000
S02013,2025-12-27,V1482,D029,C01577,Maharashtra,7,59224.0,1592100.0,3900.0,1807000
S02014,2024-05-29,V1378,D031,C01519,Delhi,6,55236.0,585500.0,42100.0,537000
S02015,2023-05-30,V1052,D001,C02229,West Bengal,8,76036.0,1367600.0,142700.0,1211000
S02016,2023-09-10,V1410,D038,C01252,West Bengal,5,77499.0,1199000.0,60400.0,1061000
S02017,2025-04-20,V1346,D037,C00803,Uttar Pradesh,6,89914.0,1689000.0,13600.0,1667000
S02018,2023-09-16,V1264,D019,C00453,Rajasthan,9,57843.0,420600.0,48800.0,363000
S02019,2024-01-30,V1072,D004,C02366,Gujarat,7,27126.0,1380300.0,34900.0,1297000
S02020,2022-10-11,V1499,D023,C00754,Karnataka,8,39644.0,1272900.0,58500.0,1241000
S02021,2025-12-17,V1222,D034,C01547,Delhi,7,75542.0,744800.0,56200.0,726000
S02022,2024-08-08,V1023,D009,C00185,Gujarat,10,79947.0,1327300.0,191800.0,1084000
S02023,2023-04-28,V1105,D005,C01916,Gujarat,7,114634.0,780400.0,29000.0,747000
S02024,2024-05-04,V1201,D011,C00430,Telangana,8,111211.0,1305500.0,238700.0,1070000
S02025,2023-08-10,V1032,D017,C00916,Kerala,6,74115.0,1009500.0,120600.0,969000
S02026,2022-08-15,V1162,D020,C01515,Delhi,8,95419.0,369400.0,30100.0,357000
S02027,2025-07-02,V1235,D002,C02213,West Bengal,9,62634.0,1432900.0,81800.0,1404000
S02028,2025-07-17,V1475,D015,C00891,Delhi,9,26637.0,974900.0,73200.0,884000
S02029,2025-05-04,V1044,D013,C01350,Delhi,9,54441.0,2015700.0,209100.0,1876000
S02030,2023-06-23,V1289,D008,C01790,Tamil Nadu,7,114402.0,289300.0,43900.0,252000
S02031,2023-01-10,V1458,D029,C01017,Rajasthan,7,64086.0,1726500.0,15300.0,1775000
S02032,2022-03-14,V1404,D017,C01190,Rajasthan,8,31121.0,2310300.0,63100.0,2251000
S02033,2024-12-04,V1463,D009,C02215,Tamil Nadu,6,40211.0,1167700.0,110500.0,1012000
S02034,2023-04-25,V1086,D022,C01316,Kerala,8,89395.0,847700.0,53200.0,888000
S02035,2025-07-27,V1401,D036,C01234,Uttar Pradesh,9,70566.0,1650600.0,65800.0,1551000
S02036,2025-06-24,V1490,D007,C01038,Kerala,8,75705.0,1859200.0,137600.0,1591000
S02037,2022-07-07,V1164,D028,C01442,Kerala,7,55695.0,1280200.0,120600.0,1191000
S02038,2025-09-01,V1250,D029,C02046,Karnataka,6,55131.0,916200.0,91300.0,723000
S02039,2022-07-24,V1266,D013,C01233,Gujarat,9,93377.0,325600.0,43700.0,223000
S02040,2023-12-18,V1247,D012,C02351,Rajasthan,6,27715.0,2208900.0,271900.0,1839000
S02041,2023-11-24,V1145,D008,C02039,Maharashtra,9,111205.0,1285200.0,141100.0,1041000
S02042,2025-10-29,V1486,D035,C02160,Kerala,10,50116.0,1313600.0,152000.0,1114000
S02043,2024-08-18,V1479,D020,C00603,Karnataka,7,47559.0,693200.0,40300.0,676000
S02044,2025-07-02,V1191,D028,C00790,Delhi,7,53643.0,2066500.0,110500.0,1855000
S02045,2024-05-20,V1403,D006,C01145,Kerala,8,63746.0,1197800.0,94300.0,1134000
S02046,2025-04-20,V1199,D021,C00476,Telangana,8,63403.0,2169600.0,217100.0,439750
S02047,2025-05-29,V1398,D004,C02081,Uttar Pradesh,8,108040.0,1414500.0,118300.0,1217000
S02048,2025-06-10,V1293,D036,C01874,Telangana,10,125006.0,221100.0,25500.0,228000
S02049,2023-08-25,V1236,D002,C01206,Karnataka,6,37168.0,2450400.0,150800.0,2354000
S02050,2023-07-12,V1065,D037,C02379,Kerala,8,86766.0,1319000.0,127700.0,1083000
S02051,2025-12-09,V1328,D034,C01213,Tamil Nadu,8,60081.0,2160400.0,76400.0,2057000
S02052,2025-01-10,V1161,D019,C01179,Rajasthan,6,109579.0,810400.0,86500.0,742000
S02053,2025-09-02,V1109,D016,C02480,Kerala,7,96900.0,589800.0,125700.0,439000
S02054,2024-04-23,V1097,D014,C01394,Kerala,9,110816.0,576600.0,108200.0,468000
S02055,2025-09-19,V1491,D030,C01940,Karnataka,6,58819.0,1860100.0,161300.0,1681000
S02056,2024-11-17,V1052,D033,C01743,Delhi,7,67831.0,1823300.0,102100.0,1765000
S02057,2024-12-20,V1400,D020,C02086,Gujarat,7,62920.0,1280400.0,123800.0,1217000
S02058,2022-09-17,V1434,D029,C00952,Karnataka,5,65043.0,597400.0,65400.0,527000
S02059,2024-04-08,V1016,D027,C00849,Maharashtra,9,105022.0,546900.0,92100.0,448000
S02060,2024-12-04,V1295,D032,C00218,Maharashtra,8,89724.0,252200.0,22600.0,247000
S02061,2025-01-16,V1289,D011,C00421,Telangana,6,93507.0,359700.0,30900.0,296000
S02062,2025-10-31,V1180,D017,C00429,Kerala,9,76075.0,558900.0,38800.0,575000
S02063,2023-04-23,V1334,D005,C01224,Delhi,7,94095.0,507300.0,48600.0,421000
S02064,2023-03-19,V1205,D023,C01117,Gujarat,10,120122.0,1453400.0,275500.0,1215000
S02065,2025-11-17,V1220,D015,C00679,West Bengal,8,62672.0,1885200.0,129300.0,1571000
S02066,2025-12-11,V1216,D037,C00804,Uttar Pradesh,8,61884.0,1858000.0,201700.0,1822000
S02067,2022-09-20,V1401,D026,C00895,West Bengal,8,92844.0,678700.0,75100.0,668000
S02068,2023-07-07,V1317,D009,C00829,Kerala,7,66623.0,1401300.0,116600.0,1218000
S02069,2025-10-17,V1190,D018,C02259,Gujarat,6,54026.0,1743600.0,177400.0,1639000
S02070,2022-10-19,V1464,D028,C00021,Rajasthan,9,37934.0,766100.0,3700.0,717000
S02071,2025-02-18,V1402,D022,C01151,West Bengal,6,,1786200.0,152600.0,1512000
S02072,2022-06-14,V1467,D036,C00529,Rajasthan,9,60012.0,679600.0,29900.0,614000
S02073,2022-09-18,V1366,D033,C00466,Delhi,7,65653.0,370700.0,13400.0,358000
S02074_DUP,2025-02-20,V1196,D031,C00567,Gujarat,8,59502.0,2434100.0,115400.0,2090000
S02075,2024-06-06,V1387,D006,C00338,Gujarat,8,85583.0,474800.0,73900.0,405000
S02076,2024-03-21,V1165,D003,C00091,Maharashtra,8,118208.0,623700.0,26700.0,595000
S02077,2025-06-05,V1136,D008,C00560,Uttar Pradesh,6,47145.0,2184900.0,118000.0,2005000
S02078,2023-03-25,V1226,D021,C00272,Karnataka,8,70365.0,1595300.0,140200.0,1582000
S02079,2024-01-06,V1485,D037,C01501,Kerala,8,85577.0,1576000.0,148100.0,1377000
S02080,2024-06-07,V1284,D022,C01086,Delhi,7,81822.0,390200.0,17700.0,332000
S02081,2024-12-16,V1192,D034,C00466,Karnataka,8,36731.0,1370500.0,128200.0,1304000
S02082,2023-05-01,V1231,D005,C02273,Maharashtra,9,39886.0,1560200.0,119600.0,1264000
S02083,2024-07-14,V1146,D040,C01572,Kerala,10,84850.0,1812400.0,46500.0,1705000
S02084,2023-10-18,V1330,D010,C00933,Karnataka,7,90560.0,1036900.0,80900.0,895000
S02085,2024-03-02,V1176,D013,C00567,Maharashtra,6,66135.0,1130400.0,117500.0,997000
S02086,2025-06-14,V1278,D020,C02268,Telangana,5,83711.0,332400.0,16400.0,331000
S02087,2023-07-30,V1185,D004,C01674,Tamil Nadu,7,73678.0,635500.0,97500.0,566000
S02088,2024-09-03,V1161,D001,C01205,Kerala,8,130010.0,930700.0,254100.0,667000
S02089,2025-10-08,V1486,D039,C01544,Rajasthan,4,83733.0,1229800.0,77300.0,1218000
S02090,2025-01-18,V1173,D027,C01266,Gujarat,10,115369.0,931200.0,60200.0,794000
S02091,2025-12-15,V1036,D036,C01984,Kerala,9,59635.0,778600.0,97100.0,737000
S02092,2024-05-02,V1190,D019,C01855,Karnataka,9,68963.0,558100.0,62200.0,488000
S02093,2023-02-16,V1267,D030,C00902,Karnataka,9,76791.0,384400.0,16300.0,372000
S02094,2025-12-19,V1048,D035,C01169,Kerala,7,87471.0,1179900.0,165100.0,1025000
S02095,2024-07-30,V1153,D022,C02123,Kerala,7,91797.0,1495800.0,109500.0,1374000
S02096,2022-12-19,V1084,D004,C00206,Tamil Nadu,7,48224.0,713400.0,46500.0,608000
S02097,2023-04-09,V1251,D037,C02035,West Bengal,4,36152.0,1467200.0,135300.0,1281000
S02098,2023-01-19,V1362,D029,C02393,Rajasthan,9,62452.0,568300.0,41000.0,564000
S02099,2025-05-02,V1485,D026,C01027,Tamil Nadu,7,86611.0,1101900.0,72300.0,1102000
S02100,2022-05-16,V1195,D005,C01658,Gujarat,10,47207.0,1836400.0,66500.0,1702000
S02101,2024-12-17,V1432,D008,C01048,Tamil Nadu,6,18907.0,1750100.0,249300.0,1490000
S02102,2024-03-20,V1108,D019,C00029,Uttar Pradesh,5,49188.0,779200.0,32000.0,756000
S02103,2022-04-18,V1391,D019,C02438,Telangana,8,80793.0,1597600.0,211600.0,1344000
S02104,2024-06-15,V1282,D038,C02489,Karnataka,9,95082.0,233200.0,13700.0,254000
S02105,2025-01-05,V1380,D018,C01206,Tamil Nadu,8,32446.0,700600.0,33300.0,658000
S02106,2024-11-26,V1378,D030,C01530,Uttar Pradesh,6,52739.0,309300.0,32700.0,296000
S02107,2024-02-12,V1267,D021,C00221,Uttar Pradesh,9,84232.0,523400.0,42600.0,541000
S02108,2023-05-06,V1129,D019,C01215,Uttar Pradesh,9,92515.0,723300.0,122100.0,625000
S02109,2022-08-28,V1264,D025,C02440,Kerala,7,53403.0,439900.0,52000.0,417000
S02110,2022-01-18,V1414,D006,C00092,Maharashtra,6,76444.0,1677400.0,232800.0,1534000
S02111,2023-06-10,V1486,D010,C01815,Rajasthan,8,65609.0,1958900.0,166500.0,1830000
S02112,2024-07-12,V1464,D034,C00667,Telangana,6,16830.0,1567400.0,113800.0,1557000
S02113,2022-02-25,V1091,D001,C00317,Tamil Nadu,10,91404.0,567900.0,51900.0,473000
S02114,2025-12-30,V1299,D029,C01824,Tamil Nadu,6,86486.0,306500.0,17500.0,323000
S02115,2024-05-06,V1053,D015,C00187,Kerala,6,118500.0,1420300.0,109700.0,1261000
S02116,2023-03-07,V1335,D033,C02303,Rajasthan,7,94968.0,721800.0,72800.0,600000
S02117,2025-11-06,V1497,D037,C00566,Uttar Pradesh,7,98983.0,704100.0,70100.0,540000
S02118,2022-09-26,V1027,D027,C00163,Uttar Pradesh,6,73875.0,1130600.0,22300.0,1109000
S02119,2025-10-31,V1329,D028,C02319,Karnataka,8,94149.0,1138800.0,205600.0,917000
S02120,2023-02-16,V1473,D007,C02006,Telangana,6,75400.0,871500.0,96600.0,749000
S02121,2023-07-09,V1424,D031,C00336,Karnataka,6,15338.0,1491700.0,100500.0,1384000
S02122,2023-09-14,V1197,D027,C01409,Gujarat,7,76895.0,1523100.0,84600.0,1498000
S02123,2025-12-24,V1052,D036,C01793,Kerala,6,78060.0,568800.0,38200.0,556000
S02124,2023-01-02,V1462,D001,C00706,Delhi,8,60409.0,1402000.0,0.0,1331000
S02125,2025-11-22,V1461,D024,C01113,Karnataka,8,73897.0,701700.0,61000.0,613000
S02126,2023-05-22,V1290,D025,C02423,Tamil Nadu,7,95332.0,238100.0,24900.0,204000
S02127,2023-02-21,V1490,D037,C02028,Rajasthan,9,84036.0,2017700.0,282900.0,1761000
S02128,2024-07-21,V1003,D027,C00506,Delhi,5,103797.0,881900.0,116700.0,902000
S02129,2024-10-10,V1309,D039,C01839,Karnataka,7,84457.0,1789700.0,112100.0,1719000
S02130,2023-05-20,V1020,D011,C00749,Karnataka,8,92864.0,765200.0,116700.0,664000
S02131,2022-07-15,V1468,D009,C02455,Telangana,7,41130.0,828500.0,11000.0,803000
S02132,2023-08-02,V1341,D031,C00621,Rajasthan,7,88054.0,1699600.0,234700.0,1570000
S02133,2024-02-29,V1457,D010,C00734,Telangana,8,94732.0,518700.0,19000.0,560000
S02134,2022-02-28,V1282,D020,C02225,Telangana,8,97940.0,393700.0,25800.0,381000
S02135,2022-04-25,V1042,D005,C02420,Uttar Pradesh,7,98869.0,523300.0,37300.0,521000
S02136,2025-09-03,V1014,D038,C00131,Kerala,8,,724800.0,71600.0,593000
S02137,2022-02-22,V1168,D001,C02042,Rajasthan,10,81810.0,638200.0,34900.0,518000
S02138,2023-08-18,V1372,D011,C00901,Kerala,7,6540.0,673500.0,37300.0,605000
S02139,2025-01-21,V1076,D014,C01030,Tamil Nadu,6,35096.0,2157800.0,147000.0,2101000
S02140,2023-04-25,V1427,D015,C02078,Telangana,5,29646.0,861700.0,4400.0,871000
S02141,2023-12-24,V1120,D015,C01753,Gujarat,8,65415.0,1314500.0,139400.0,1235000
S02142,2022-05-07,V1249,D007,C01840,Gujarat,7,73982.0,1368600.0,31600.0,1286000
S02143,2025-03-06,V1102,D012,C00616,West Bengal,9,92947.0,644200.0,56700.0,584000
S02144,2024-07-15,V1233,D032,C00949,West Bengal,8,95504.0,1413600.0,169800.0,1355000
S02145,2025-05-29,V1227,D039,C01597,Karnataka,7,51476.0,772900.0,71400.0,687000
S02146,2025-06-16,V1003,D017,C01967,Kerala,9,89371.0,906300.0,103600.0,796000
S02147,2023-05-28,V1284,D038,C00215,Delhi,5,79250.0,471000.0,28500.0,440000
S02148,2022-03-02,V1394,D034,C02408,West Bengal,8,90973.0,721100.0,91000.0,575000
S02149_DUP,2023-05-22,V1469,D039,C01585,Karnataka,7,82080.0,928200.0,79200.0,825000
S02150,2022-08-01,V1166,D017,C00802,Kerala,8,92140.0,837800.0,87600.0,637000
S02151,2024-02-19,V1441,D030,C02176,Uttar Pradesh,9,64992.0,1608200.0,261800.0,1173000
S02152,2022-08-02,V1440,D007,C00139,Delhi,7,37033.0,613600.0,19100.0,584000
S02153,2025-09-08,V1495,D013,C02093,Telangana,5,57777.0,1908500.0,123500.0,1896000
S02154,2024-05-29,V1187,D017,C01601,Tamil Nadu,8,62944.0,2089300.0,175200.0,1964000
S02155,2023-01-05,V1426,D012,C01625,Maharashtra,6,63749.0,591200.0,27700.0,560000
S02156,2025-09-07,V1283,D034,C01878,Gujarat,8,82062.0,354900.0,46600.0,285000
S02157,2025-01-29,V1030,D010,C02150,Telangana,5,86759.0,595000.0,106200.0,488000
S02158,2023-10-02,V1136,D004,C01738,Delhi,7,24426.0,1114300.0,56000.0,1071000
S02159,2022-08-03,V1337,D032,C00332,Maharashtra,8,107171.0,1436600.0,233500.0,1263000
S02160,2023-05-18,V1081,D022,C02465,Kerala,7,119997.0,357100.0,34000.0,341000
S02161,2024-05-03,V1218,D019,C00991,Rajasthan,10,84978.0,1372000.0,231800.0,1155000
S02162,2025-01-23,V1388,D026,C01455,Rajasthan,5,80421.0,1778600.0,305400.0,1525000
S02163,2023-01-18,V1075,D003,C02471,Uttar Pradesh,9,57646.0,2195600.0,167100.0,1851000
S02164,2024-12-20,V1249,D031,C02001,Maharashtra,9,58287.0,1206500.0,16000.0,1231000
S02165,2023-02-18,V1108,D008,C02025,West Bengal,5,57114.0,541500.0,36700.0,519000
S02166,2022-12-27,V1269,D030,C01714,Kerala,8,110567.0,379400.0,30000.0,372000
S02167,2023-10-16,V1121,D027,C00400,Uttar Pradesh,7,71430.0,769600.0,63800.0,710000
S02168,2022-08-23,V1483,D040,C01919,Delhi,9,57063.0,1734500.0,95400.0,1809000
S02169,2023-08-15,V1039,D031,C00039,Maharashtra,9,70473.0,536900.0,39100.0,497000
S02170,2023-06-07,V1482,D033,C01306,Maharashtra,7,69590.0,1195600.0,75000.0,963000
S02171,2023-02-14,V1396,D033,C00711,Telangana,5,69349.0,1702000.0,103900.0,1729000
S02172,2025-02-07,V1428,D002,C01735,Rajasthan,7,28572.0,1623800.0,177400.0,1463000
S02173,2023-04-30,V1426,D008,C02439,Rajasthan,9,57643.0,508100.0,0.0,499000
S02174,2024-10-12,V1094,D031,C00565,Kerala,8,101902.0,650900.0,19700.0,607000
S02175,2024-11-18,V1466,D027,C00344,Delhi,6,48123.0,695200.0,99100.0,596000
S02176,2024-08-30,V1298,D015,C00483,West Bengal,10,103789.0,390800.0,60100.0,332000
S02177,2023-01-29,V1482,D017,C01316,Kerala,6,74460.0,592100.0,76200.0,522000
S02178_DUP,2025-04-26,V1440,D034,C00701,Gujarat,6,18793.0,1212500.0,102400.0,1095000
S02179,2022-12-12,V1290,D016,C01618,Rajasthan,9,102989.0,297300.0,17000.0,264000
S02180,2023-02-09,V1188,D032,C01412,Maharashtra,7,43916.0,1848300.0,110700.0,1669000
S02181,2025-07-02,V1059,D031,C01086,West Bengal,8,68456.0,1732500.0,130000.0,1476000
S02182,2023-05-12,V1051,D035,C00019,Gujarat,9,94697.0,1539100.0,200700.0,1318000
S02183,2024-10-15,V1195,D036,C00010,Kerala,8,60369.0,1598700.0,98900.0,1504000
S02184,2022-03-03,V1406,D017,C00657,Maharashtra,6,82781.0,1241100.0,75600.0,1259000
S02185,2024-06-16,V1253,D006,C00966,Maharashtra,7,56924.0,996500.0,148500.0,793000
S02186,2025-06-23,V1241,D033,C01282,Uttar Pradesh,7,67158.0,1840500.0,48900.0,1788000
S02187,2024-11-01,V1123,D022,C00768,Maharashtra,7,35676.0,1909500.0,91700.0,1865000
S02188,2024-04-30,V1283,D028,C00838,Delhi,6,86889.0,372300.0,47300.0,303000
S02189,2025-05-25,V1320,D029,C00140,Kerala,6,47632.0,2170700.0,53700.0,2100000
S02190,2023-03-12,V1492,D035,C01258,Kerala,8,45532.0,1670600.0,71700.0,1512000
S02191,2023-07-05,V1365,D027,C01081,Maharashtra,8,75922.0,314200.0,17700.0,316000
S02192,2022-04-12,V1304,D024,C02136,Delhi,9,41874.0,1999200.0,289000.0,1724000
S02193,2024-10-17,V1456,D001,C01770,West Bengal,6,55155.0,2312400.0,97400.0,2317000
S02194,2024-11-22,V1213,D028,C01035,Uttar Pradesh,7,77406.0,1176200.0,109700.0,1140000
S02195,2025-01-02,V1468,D003,C02304,Delhi,7,39938.0,947400.0,51200.0,973000
S02196,2024-12-29,V1185,D023,C00582,Telangana,10,88617.0,851800.0,155200.0,673000
S02197,2022-07-06,V1064,D028,C00668,West Bengal,9,32522.0,1582200.0,113000.0,1390000
S02198,2024-08-31,V1209,D020,C01400,Delhi,9,106427.0,857500.0,26300.0,707000
S02199,2025-01-20,V1065,D016,C02131,Maharashtra,6,105876.0,856200.0,74300.0,668000
S02200,2022-10-25,V1060,D008,C00957,Telangana,10,61716.0,1160400.0,90900.0,1070000
S02201,2023-11-28,V1441,D016,C01117,Rajasthan,7,88571.0,824300.0,82900.0,755000
S02202,2025-08-27,V1398,D023,C02240,Kerala,9,93008.0,846000.0,65200.0,741000
S02203,2023-08-30,V1111,D028,C01030,Maharashtra,7,78343.0,616400.0,46600.0,588000
S02204,2025-01-05,V1419,D030,C02355,West Bengal,9,53424.0,2205700.0,0.0,2242000
S02205,2024-02-14,V1035,D039,C00633,Kerala,9,64843.0,1472000.0,150000.0,1470000
S02206,2024-08-18,V1143,D001,C01595,Gujarat,10,76125.0,1347500.0,216900.0,1152000
S02207,2024-07-04,V1354,D029,C01594,Tamil Nadu,8,54128.0,808000.0,44600.0,742000
S02208,2024-08-09,V1152,D015,C02453,Karnataka,5,49774.0,1211000.0,95900.0,1121000
S02209,2025-02-12,V1366,D003,C00541,Gujarat,9,56045.0,465000.0,49600.0,394000
S02210,2025-08-14,V1438,D017,C02405,Tamil Nadu,8,70577.0,698200.0,36200.0,719000
S02211,2023-03-08,V1034,D027,C01677,Rajasthan,7,83663.0,1227600.0,66500.0,1172000
S02212,2025-09-18,V1012,D026,C01761,Rajasthan,6,86045.0,874200.0,48800.0,754000
S02213,2024-07-06,V1471,D032,C00881,Maharashtra,9,46485.0,1081200.0,41700.0,1025000
S02214,2024-05-20,V1261,D029,C02448,Rajasthan,9,91255.0,335200.0,40400.0,304000
S02215,2023-04-24,V1254,D015,C01327,Kerala,8,64028.0,661200.0,54100.0,610000
S02216,2023-09-01,V1232,D010,C02102,Rajasthan,6,52783.0,2316600.0,197400.0,2195000
S02217,2024-08-10,V1217,D006,C01101,Uttar Pradesh,7,98317.0,1184600.0,13000.0,1032000
S02218,2023-06-16,V1346,D014,C01592,Tamil Nadu,7,68789.0,1158400.0,131000.0,1032000
S02219,2023-02-24,V1290,D023,C01144,Tamil Nadu,9,88801.0,425100.0,47300.0,355000
S02220,2025-04-11,V1082,D029,C00451,Uttar Pradesh,7,102264.0,745600.0,110500.0,595000
S02221,2023-08-30,V1314,D018,C02481,Kerala,5,81416.0,1749100.0,14700.0,1709000
S02222,2024-07-30,V1335,D018,C01774,Delhi,9,82861.0,1255300.0,18200.0,1161000
S02223,2022-02-15,V1057,D022,C00262,Tamil Nadu,6,110789.0,583400.0,23100.0,640000
S02224,2022-04-23,V1189,D021,C00547,Karnataka,9,78427.0,1346800.0,187300.0,1046000
S02225,2025-05-24,V1396,D005,C01125,Kerala,7,87128.0,1284600.0,135100.0,1181000
S02226,2022-07-27,V1310,D023,C00629,Tamil Nadu,8,80512.0,1436900.0,112200.0,1301000
S02227,2025-03-08,V1069,D010,C00427,Uttar Pradesh,7,74273.0,709300.0,93500.0,637000
S02228,2025-08-08,V1021,D004,C01536,Delhi,8,109455.0,490200.0,66300.0,435000
S02229,2023-12-05,V1291,D030,C00130,Uttar Pradesh,6,93713.0,327200.0,27100.0,310000
S02230,2025-07-16,V1231,D032,C01190,Telangana,8,52228.0,1804000.0,205200.0,1666000
S02231,2023-09-17,V1481,D018,C01426,Tamil Nadu,6,86739.0,1380300.0,91500.0,1359000
S02232,2025-10-22,V1262,D028,C01966,West Bengal,7,103467.0,345000.0,17400.0,295000
S02233,2022-12-13,V1466,D033,C01819,Telangana,10,58915.0,1327600.0,18000.0,1245000
S02234,2023-09-18,V1108,D008,C01137,Karnataka,8,55256.0,833700.0,41100.0,815000
S02235,2023-07-23,V1224,D029,C01113,Maharashtra,7,43231.0,1321000.0,52200.0,1279000
S02236,2025-02-19,V1070,D002,C01293,Maharashtra,8,72526.0,1292200.0,124200.0,1160000
S02237,2022-03-05,V1288,D013,C01950,Uttar Pradesh,6,77622.0,380100.0,24500.0,360000
S02238,2025-04-25,V1095,D025,C00198,Tamil Nadu,8,80768.0,1087800.0,134000.0,934000
S02239,2022-02-04,V1247,D026,C00013,Rajasthan,8,36133.0,1668600.0,94300.0,1569000
S02240,2023-04-07,V1173,D034,C00019,Karnataka,10,115704.0,604200.0,81500.0,529000
S02241,2024-05-20,V1093,D015,C02299,Rajasthan,7,124943.0,362100.0,8800.0,328000
S02242,2022-08-01,V1049,D009,C01096,Karnataka,6,101618.0,375400.0,51900.0,368000
S02243,2023-12-18,V1257,D012,C01766,West Bengal,7,76046.0,1452900.0,95800.0,1478000
S02244,2025-12-27,V1474,D026,C00881,Maharashtra,6,53067.0,905500.0,36200.0,878000
S02245,2025-04-17,V1100,D005,C00256,Gujarat,9,72645.0,1303800.0,116000.0,1244000
S02246,2022-02-14,V1203,D039,C01780,Maharashtra,10,64454.0,1556200.0,205700.0,1270000
S02247,2024-05-14,V1113,D019,C02014,Delhi,9,98238.0,897400.0,122500.0,772000
S02248,2024-05-22,V1405,D015,C00692,Delhi,10,87657.0,999600.0,0.0,1019000
S02249,2022-04-10,V1208,D004,C01455,Kerala,6,57821.0,1344900.0,153400.0,1199000
S02250,2024-08-07,V1488,D035,C02495,Rajasthan,5,41459.0,2090000.0,168700.0,1927000
S02251,2024-02-01,V1123,D010,C02124,Kerala,8,55522.0,2248200.0,194000.0,2316000
S02252,2024-09-23,V1041,D039,C00595,Telangana,6,,914800.0,158700.0,644000
S02253,2023-03-11,V1292,D006,C00586,Delhi,7,69575.0,288900.0,37900.0,249000
S02254,2023-01-09,V1326,D030,C02357,West Bengal,6,82750.0,996100.0,92400.0,931000
S02255,2024-12-11,V1496,D020,C01901,Tamil Nadu,7,34400.0,1186700.0,84400.0,1096000
S02256,2024-11-20,V1436,D031,C02330,Telangana,8,27465.0,753800.0,23100.0,711000
S02257,2022-08-25,V1443,D020,C02368,Delhi,5,68436.0,1129200.0,37200.0,1094000
S02258,2022-11-13,V1318,D036,C01951,Telangana,9,76014.0,714900.0,92200.0,655000
S02259,2024-05-06,V1180,D030,C00670,West Bengal,6,62794.0,1051800.0,115600.0,965000
S02260,2025-04-26,V1215,D012,C00784,Tamil Nadu,7,58407.0,1765900.0,225500.0,1563000
S02261,2022-10-22,V1067,D031,C01191,Gujarat,10,55210.0,2120100.0,140300.0,2058000
S02262,2022-11-17,V1216,D034,C01276,Maharashtra,7,57073.0,779700.0,48700.0,695000
S02263,2025-03-26,V1183,D034,C00043,Delhi,8,57665.0,2256600.0,193100.0,2232000
S02264,2024-10-14,V1018,D020,C00362,Gujarat,7,114725.0,465600.0,41300.0,446000
S02265,2025-08-11,V1103,D031,C01868,Karnataka,7,58766.0,683100.0,46500.0,637000
S02266,2025-02-18,V1268,D014,C00473,Telangana,8,59973.0,496000.0,29000.0,463000
S02267,2025-10-24,V1185,D006,C00827,Kerala,7,90068.0,928100.0,0.0,979000
S02268,2022-10-04,V1497,D035,C01888,Tamil Nadu,8,87175.0,1425800.0,153000.0,1246000
S02269,2023-02-02,V1240,D004,C00548,Gujarat,10,54677.0,1230800.0,106600.0,1065000
S02270,2022-12-14,V1480,D033,C02215,West Bengal,5,32218.0,832700.0,43900.0,770000
S02271,2022-03-22,V1331,D005,C01022,Telangana,7,66676.0,1423700.0,138500.0,1141000
S02272,2025-02-12,V1021,D025,C00594,West Bengal,9,108168.0,768900.0,44700.0,755000
S02273,2024-08-24,V1102,D018,C01929,Gujarat,7,60242.0,1142800.0,147300.0,960000
S02274,2022-05-06,V1353,D002,C00180,Karnataka,8,91810.0,778400.0,79800.0,668000
S02275,2022-10-17,V1273,D004,C02061,Tamil Nadu,7,100275.0,359100.0,41700.0,308000
S02276,2022-10-06,V1151,D029,C01036,Rajasthan,8,79096.0,1935600.0,164600.0,1567000
S02277,2023-08-12,V1262,D029,C02104,Kerala,9,83346.0,311700.0,0.0,265000
S02278,2023-10-28,V1452,D013,C00545,Tamil Nadu,8,34029.0,2533800.0,86500.0,2610000
S02279,2023-02-27,V1195,D005,C01067,Delhi,10,77212.0,2165800.0,172100.0,1956000
S02280,2025-09-20,V1023,D014,C01348,Uttar Pradesh,6,69944.0,668200.0,29200.0,688000
S02281,2022-11-07,V1156,D001,C00476,Maharashtra,9,69518.0,601800.0,44500.0,569000
S02282,2024-03-31,V1468,D035,C01334,Gujarat,5,44866.0,1436300.0,49900.0,1424000
S02283,2023-10-02,V1381,D026,C00601,Delhi,7,107066.0,1216000.0,165200.0,1022000
S02284,2023-07-21,V1419,D003,C00845,Rajasthan,7,62365.0,1192100.0,48800.0,1204000
S02285,2025-04-21,V1456,D022,C02399,Karnataka,8,56056.0,1403700.0,20200.0,1493000
S02286,2025-11-30,V1059,D011,C01362,Uttar Pradesh,7,89571.0,590300.0,35500.0,593000
S02287,2022-01-09,V1142,D003,C02136,Delhi,9,96433.0,1167200.0,53500.0,1171000
S02288,2023-11-09,V1030,D020,C02484,Maharashtra,9,86890.0,700000.0,41500.0,661000
S02289,2022-06-24,V1003,D007,C00280,Maharashtra,5,100578.0,335200.0,36500.0,262000
S02290,2023-09-26,V1418,D007,C00883,Maharashtra,8,67492.0,1903300.0,95400.0,1764000
S02291,2024-06-20,V1469,D029,C01765,Delhi,4,78107.0,712500.0,52300.0,683000
S02292,2023-08-25,V1078,D003,C01037,Uttar Pradesh,6,73648.0,1854300.0,122900.0,1736000
S02293,2023-03-28,V1362,D006,C00028,Tamil Nadu,10,49253.0,333000.0,24100.0,323000
S02294,2023-04-02,V1268,D034,C01105,Maharashtra,7,49061.0,311800.0,22600.0,289000
S02295,2023-03-15,V1035,D022,C02411,Gujarat,6,76662.0,1405100.0,191200.0,1267000
S02296,2023-04-21,V1458,D019,C01120,Kerala,9,85893.0,1972300.0,247100.0,1602000
S02297,2023-07-01,V1436,D040,C01755,Kerala,7,13043.0,1215900.0,9800.0,1187000
S02298,2024-10-01,V1284,D026,C01475,Gujarat,7,73251.0,513500.0,15800.0,507000
S02299,2022-05-21,V1354,D031,C01887,Rajasthan,6,61095.0,1000400.0,98300.0,912000
S02300,2022-03-01,V1199,D001,C01574,Tamil Nadu,8,53539.0,1060400.0,45900.0,1011000
S02301,2024-01-25,V1397,D023,C00913,Rajasthan,7,118606.0,758400.0,100500.0,745000
S02302,2024-09-23,V1223,D030,C02483,Rajasthan,10,61263.0,1288900.0,26800.0,1249000
S02303,2023-01-13,V1495,D033,C00539,Tamil Nadu,7,64470.0,1256800.0,68700.0,1174000
S02304,2022-10-21,V1032,D030,C00013,Maharashtra,8,62318.0,641200.0,42600.0,557000
S02305,2024-07-01,V1087,D027,C00180,Delhi,8,79981.0,467200.0,0.0,479000
S02306,2023-07-16,V1485,D037,C02196,Delhi,7,87470.0,1193000.0,37800.0,1089000
S02307,2024-12-11,V1145,D016,C00345,Rajasthan,9,98733.0,1094300.0,20800.0,1027000
S02308,2022-08-03,V1156,D015,C00148,Karnataka,8,79615.0,1112300.0,122100.0,895000
S02309,2022-06-26,V1396,D039,C01791,Maharashtra,8,64097.0,583100.0,30800.0,510000
S02310,2024-03-18,V1095,D007,C01157,Tamil Nadu,6,95838.0,1061700.0,116700.0,841000
S02311,2023-07-28,V1257,D009,C00625,Gujarat,10,87026.0,1878500.0,133700.0,1653000
S02312,2024-12-01,V1144,D011,C00217,Maharashtra,7,57038.0,2312400.0,275600.0,2153000
S02313,2024-01-10,V1099,D033,C00705,Rajasthan,6,80069.0,587000.0,52800.0,486000
S02314,2023-06-03,V1483,D019,C01362,West Bengal,8,41203.0,1513800.0,176500.0,1214000
S02315,2022-08-22,V1100,D017,C00594,Uttar Pradesh,8,60999.0,692000.0,20200.0,683000
S02316,2022-08-27,V1048,D013,C01990,Tamil Nadu,5,78119.0,1162300.0,45800.0,1122000
S02317,2025-01-09,V1337,D002,C02112,Telangana,8,96108.0,1529500.0,181100.0,1600000
S02318,2022-11-27,V1434,D036,C01865,Tamil Nadu,7,64119.0,1174300.0,40400.0,1134000
S02319,2024-01-05,V1064,D022,C00566,Maharashtra,6,63100.0,744100.0,91000.0,671000
S02320,2025-04-10,V1354,D021,C00660,Gujarat,7,60301.0,2046400.0,378400.0,4793600
S02321,2025-08-04,V1271,D004,C00062,Gujarat,8,71692.0,539200.0,38700.0,505000
S02322,2023-01-27,V1416,D001,C00606,West Bengal,6,61623.0,2323800.0,186300.0,2161000
S02323,2022-06-10,V1064,D038,C00835,Delhi,9,42061.0,2628500.0,211600.0,2251000
S02324,2025-02-05,V1488,D009,C02489,Gujarat,8,50169.0,2377500.0,37000.0,2528000
S02325,2024-10-01,V1310,D034,C00942,Telangana,6,81383.0,974000.0,83400.0,919000
S02326,2023-04-29,V1422,D004,C01202,Karnataka,7,57804.0,1333300.0,209400.0,1185000
S02327,2024-05-17,V1181,D030,C02090,Maharashtra,8,88077.0,1827400.0,97000.0,1676000
S02328,2022-10-03,V1472,D019,C00946,Tamil Nadu,9,28612.0,698700.0,40800.0,657000
S02329,2024-10-20,V1314,D037,C00598,Telangana,7,64408.0,1234400.0,141600.0,1022000
S02330,2024-11-28,V1064,D017,C01993,Maharashtra,7,47140.0,2063700.0,97000.0,2037000
S02331,2023-03-14,V1462,D013,C01632,Tamil Nadu,6,44886.0,985700.0,102100.0,824000
S02332,2023-11-16,V1398,D023,C02359,Rajasthan,7,110491.0,732600.0,40300.0,641000
S02333,2023-05-04,V1151,D031,C01852,Gujarat,10,71610.0,2027900.0,90000.0,2061000
S02334,2022-02-15,V1273,D011,C01226,Maharashtra,9,114055.0,409600.0,19100.0,396000
S02335,2022-07-06,V1195,D031,C00814,West Bengal,8,54985.0,1481800.0,109900.0,1446000
S02336,2025-11-03,V1272,D007,C02459,Rajasthan,6,72272.0,429900.0,37500.0,396000
S02337,2023-10-29,V1483,D016,C02450,Uttar Pradesh,9,66059.0,1066700.0,134000.0,946000
S02338,2022-08-04,V1450,D039,C00371,Maharashtra,5,73270.0,528500.0,76300.0,428000
S02339,2022-03-06,V1108,D026,C01023,Rajasthan,9,54509.0,483700.0,16600.0,481000
S02340,2023-06-01,V1486,D019,C02055,Telangana,9,89450.0,1455200.0,160500.0,1352000
S02341,2025-12-06,V1219,D025,C00553,Rajasthan,8,67520.0,1366500.0,41600.0,1298000
S02342,2023-07-17,V1353,D004,C01766,Karnataka,8,83264.0,1432200.0,155000.0,1371000
S02343,2025-12-31,V1383,D018,C01649,Rajasthan,9,93679.0,724600.0,62000.0,662000
S02344,2023-12-17,V1242,D009,C01114,Rajasthan,9,64216.0,2306600.0,0.0,2367000
S02345,2025-01-21,V1229,D015,C01846,Maharashtra,7,85362.0,1209900.0,200300.0,1100000
S02346,2025-02-21,V1229,D027,C00287,Karnataka,7,86899.0,951200.0,105300.0,807000
S02347,2022-02-11,V1432,D014,C01916,Tamil Nadu,5,24275.0,1481400.0,114900.0,1314000
S02348,2022-01-09,V1194,D015,C02327,West Bengal,7,75640.0,1476200.0,155500.0,1274000
S02349,2025-09-09,V1140,D009,C01304,Gujarat,9,48174.0,1199800.0,56900.0,1170000
S02350,2025-09-24,V1181,D039,C02230,Tamil Nadu,10,83973.0,745700.0,57400.0,657000
S02351,2022-07-13,V1098,D032,C02368,Telangana,8,108137.0,460400.0,52900.0,397000
S02352,2024-08-01,V1196,D013,C02209,Karnataka,6,55720.0,748100.0,93400.0,585000
S02353,2025-09-11,V1058,D002,C01727,Uttar Pradesh,8,96165.0,1023800.0,158400.0,898000
S02354,2025-10-20,V1045,D040,C02496,Delhi,8,107333.0,584800.0,96600.0,387000
S02355,2023-03-10,V1362,D033,C01459,Delhi,7,60349.0,319700.0,26400.0,304000
S02356,2025-04-09,V1039,D011,C01242,Uttar Pradesh,10,69692.0,728200.0,49400.0,665000
S02357,2024-08-02,V1285,D023,C00028,Karnataka,6,96493.0,228600.0,18900.0,230000
S02358,2025-09-17,V1390,D006,C00870,Maharashtra,6,101727.0,1137200.0,171300.0,993000
S02359,2022-08-03,V1363,D011,C00361,Telangana,8,37079.0,705300.0,34500.0,735000
S02360,2024-05-28,V1224,D003,C01850,Gujarat,7,49947.0,2218200.0,136700.0,2027000
S02361,2022-02-05,V1097,D003,C00059,Tamil Nadu,9,120806.0,663900.0,85200.0,516000
S02362,2023-06-07,V1466,D024,C00719,Telangana,9,62907.0,1001900.0,96900.0,908000
S02363,2022-01-17,V1418,D016,C01288,Maharashtra,8,78917.0,2039600.0,178200.0,1992000
S02364,2023-10-10,V1307,D002,C01483,Kerala,7,62651.0,1858900.0,179000.0,1543000
S02365,2025-03-30,V1044,D008,C01102,West Bengal,7,67380.0,1033500.0,96500.0,943000
S02366,2024-08-19,V1018,D015,C01787,Delhi,7,120149.0,329200.0,72100.0,275000
S02367,2023-04-08,V1158,D037,C01905,Maharashtra,8,84587.0,1098200.0,58200.0,1038000
S02368,2023-09-16,V1079,D020,C01452,Kerala,7,64321.0,1653100.0,126000.0,1560000
S02369,2023-06-21,V1431,D013,C00030,Kerala,7,24717.0,828600.0,65100.0,728000
S02370,2024-12-04,V1103,D017,C01464,Tamil Nadu,10,64209.0,860900.0,17000.0,860000
S02371,2023-01-24,V1142,D029,C00191,Kerala,7,92377.0,1630400.0,44500.0,1477000
S02372,2022-05-15,V1488,D012,C01515,Kerala,7,43997.0,1764900.0,242500.0,1442000
S02373,2024-01-11,V1410,D011,C00291,Tamil Nadu,9,76233.0,1907900.0,283900.0,1659000
S02374,2025-04-27,V1110,D006,C00256,Rajasthan,10,95681.0,729600.0,7100.0,786000
S02375,2023-11-29,V1192,D034,C01512,Tamil Nadu,7,56029.0,924600.0,0.0,944000
S02376,2022-10-26,V1258,D021,C01598,Karnataka,8,50943.0,2308800.0,85100.0,2309000
S02377,2022-03-09,V1333,D010,C02090,Uttar Pradesh,8,96882.0,656000.0,21600.0,638000
S02378,2025-10-11,V1469,D016,C01098,Maharashtra,8,81816.0,1204400.0,201400.0,1104000
S02379,2025-01-16,V1436,D036,C00276,Gujarat,8,18631.0,1786500.0,114100.0,1819000
S02380,2022-08-16,V1489,D033,C00092,Uttar Pradesh,8,71430.0,1155500.0,5700.0,1162000
S02381,2022-04-19,V1021,D039,C01687,Telangana,8,111282.0,1002200.0,86900.0,920000
S02382,2022-07-08,V1119,D016,C00681,Delhi,6,68937.0,839600.0,33600.0,879000
S02383,2023-07-05,V1282,D009,C00515,Kerala,7,111673.0,392100.0,25100.0,393000
S02384,2025-04-01,V1025,D030,C00435,Uttar Pradesh,9,96799.0,381200.0,88700.0,300000
S02385,2022-08-22,V1178,D034,C00670,Rajasthan,8,106391.0,692600.0,33100.0,609000
S02386,2025-04-11,V1077,D008,C01073,Kerala,7,98788.0,1265500.0,34400.0,1337000
S02387,2022-01-03,V1467,D019,C01512,Karnataka,7,60361.0,1141200.0,45000.0,1002000
S02388,2024-12-15,V1032,D023,C00923,West Bengal,9,58628.0,1505800.0,98000.0,1431000
S02389,2023-02-17,V1075,D039,C00838,Rajasthan,6,70140.0,1128500.0,33100.0,1122000
S02390,2025-11-04,V1098,D033,C01186,West Bengal,10,101369.0,483500.0,25400.0,442000
S02391,2023-11-27,V1075,D021,C00771,Delhi,9,56534.0,1767300.0,237600.0,1560000
S02392,2023-01-31,V1285,D018,C02289,Tamil Nadu,8,109472.0,361300.0,46000.0,333000
S02393,2022-12-21,V1183,D008,C00830,Uttar Pradesh,9,55681.0,823100.0,44000.0,840000
S02394,2025-04-22,V1457,D039,C02204,Maharashtra,8,98552.0,716300.0,38600.0,764000
S02395,2023-08-12,V1131,D006,C00904,West Bengal,6,75562.0,1016900.0,63700.0,881000
S02396,2023-05-30,V1269,D017,C01113,Tamil Nadu,10,107030.0,289800.0,43200.0,248000
S02397,2024-12-10,V1331,D003,C02024,Telangana,7,73577.0,1691900.0,100000.0,1642000
S02398,2024-02-25,V1313,D035,C00948,Uttar Pradesh,10,96473.0,802700.0,59300.0,767000
S02399,2024-08-27,V1399,D014,C00650,Tamil Nadu,10,80028.0,546500.0,68400.0,478000
S02400,2023-10-14,V1101,D040,C00368,Telangana,6,88515.0,619500.0,102700.0,604000
S02401,2022-04-04,V1254,D010,C00548,Kerala,9,57176.0,1410700.0,162900.0,1236000
S02402,2022-01-09,V1401,D029,C01558,Delhi,9,91960.0,1510800.0,117300.0,1583000
S02403,2022-02-27,V1432,D025,C01721,Gujarat,5,27995.0,1054400.0,32300.0,1026000
S02404,2024-04-19,V1309,D009,C00137,Telangana,8,66311.0,1125100.0,78800.0,1098000
S02405,2024-01-21,V1326,D024,C00358,Rajasthan,7,79542.0,921800.0,87600.0,770000
S02406,2024-12-28,V1433,D010,C01816,West Bengal,10,74298.0,1233700.0,116000.0,1074000
S02407,2025-07-31,V1313,D014,C01365,Uttar Pradesh,8,92840.0,1007600.0,62000.0,919000
S02408,2022-09-13,V1475,D017,C01740,Telangana,7,56981.0,1356300.0,206300.0,1113000
S02409,2025-10-30,V1064,D034,C01967,Gujarat,7,34550.0,1448600.0,174000.0,1322000
S02410,2025-09-23,V1174,D004,C01378,Maharashtra,7,92710.0,779000.0,56400.0,795000
S02411,2024-06-18,V1057,D027,C00554,Maharashtra,10,114585.0,1464200.0,231400.0,1258000
S02412,2024-02-14,V1046,D009,C02198,Kerala,7,101361.0,1445700.0,86100.0,1206000
S02413,2022-09-16,V1236,D023,C02455,Gujarat,7,42700.0,776400.0,48800.0,728000
S02414,2022-09-18,V1113,D034,C00818,Maharashtra,7,108553.0,479000.0,37600.0,421000
S02415,2022-01-28,V1204,D025,C00760,Delhi,4,51628.0,1678800.0,0.0,1592000
S02416,2024-08-01,V1219,D006,C00265,Maharashtra,9,55618.0,1696500.0,117000.0,1548000
S02417,2023-09-25,V1311,D035,C01807,Kerala,9,54746.0,688000.0,33800.0,669000
S02418,2022-10-08,V1473,D009,C01038,Maharashtra,8,72173.0,897600.0,82600.0,921000
S02419,2022-07-15,V1425,D034,C02462,West Bengal,7,76004.0,548900.0,0.0,545000
S02420,2022-04-03,V1190,D024,C01420,Gujarat,10,75484.0,980500.0,0.0,901000
S02421,2024-07-25,V1163,D007,C02248,Kerala,8,84348.0,1105300.0,155200.0,870000
S02422,2024-09-28,V1386,D017,C01214,Uttar Pradesh,8,79798.0,1197900.0,123700.0,1060000
S02423,2024-07-11,V1062,D005,C01967,Delhi,8,75318.0,1572800.0,206600.0,1472000
S02424,2022-06-11,V1271,D009,C01164,Delhi,6,72402.0,334000.0,20300.0,265000
S02425,2022-03-02,V1212,D022,C00128,Rajasthan,7,51011.0,635700.0,44000.0,596000
S02426,2022-06-05,V1092,D029,C01692,Kerala,6,67969.0,1117700.0,166400.0,883000
S02427,2025-01-03,V1309,D012,C01626,Gujarat,6,88245.0,558700.0,67700.0,490000
S02428,2024-12-17,V1161,D014,C01412,West Bengal,5,122629.0,570900.0,88900.0,480000
S02429,2023-03-07,V1093,D008,C01328,Gujarat,8,128542.0,338100.0,15200.0,313000
S02430,2022-03-22,V1327,D033,C00337,Kerala,10,77555.0,1441700.0,208900.0,1229000
S02431,2023-04-13,V1088,D040,C00083,Tamil Nadu,9,66070.0,905500.0,0.0,810000
S02432,2025-03-29,V1337,D030,C01042,Kerala,7,98363.0,1390800.0,286700.0,1348000
S02433,2022-07-29,V1082,D028,C00372,Gujarat,9,89977.0,731100.0,99100.0,575000
S02434,2025-03-09,V1218,D017,C01626,Maharashtra,9,98693.0,1166000.0,2400.0,997000
S02435,2023-11-08,V1404,D018,C01030,Tamil Nadu,8,47029.0,1044200.0,94500.0,993000
S02436,2022-07-26,V1115,D013,C01249,Maharashtra,8,74300.0,1001800.0,39300.0,919000
S02437,2025-09-26,V1384,D016,C00469,Karnataka,8,77718.0,1001500.0,72800.0,968000
S02438,2024-01-28,V1361,D030,C00700,Maharashtra,7,88166.0,465200.0,43700.0,402000
S02439,2024-09-08,V1452,D038,C02500,Telangana,8,41468.0,1111700.0,36400.0,1031000
S02440,2022-05-22,V1085,D017,C02427,Rajasthan,7,110555.0,634300.0,84200.0,517000
S02441,2023-06-27,V1358,D039,C00787,Maharashtra,7,68746.0,901100.0,34500.0,846000
S02442,2024-07-13,V1469,D029,C00664,Uttar Pradesh,10,84485.0,568400.0,86800.0,463000
S02443,2024-07-31,V1382,D025,C01444,Gujarat,9,105619.0,1499700.0,118500.0,1463000
S02444_DUP,2022-04-02,V1094,D035,C01873,Karnataka,9,103996.0,672700.0,82800.0,551000
S02445,2024-06-01,V1412,D031,C01995,Telangana,10,41668.0,1512900.0,55800.0,1521000
S02446,2025-10-11,V1054,D017,C02237,Delhi,8,112304.0,1118600.0,127100.0,961000
S02447,2025-02-22,V1295,D011,C00025,Kerala,4,89452.0,456500.0,47700.0,402000
S02448,2022-10-31,V1249,D019,C00041,Karnataka,7,63751.0,686200.0,67700.0,623000
S02449,2025-08-26,V1266,D036,C00324,Karnataka,7,86949.0,298900.0,45000.0,263000
S02450,2024-09-24,V1260,D030,C01672,Kerala,8,30360.0,967900.0,70900.0,879000
S02451,2022-03-25,V1016,D014,C00290,Maharashtra,10,77173.0,917700.0,84200.0,807000
S02452,2022-07-07,V1255,D012,C01378,Maharashtra,7,57335.0,833300.0,97200.0,757000
S02453,2025-09-07,V1469,D004,C00343,Delhi,8,82699.0,426900.0,16500.0,406000
S02454,2022-11-03,V1219,D029,C00603,West Bengal,9,66792.0,1045600.0,122000.0,828000
S02455,2022-05-22,V1139,D024,C01278,Telangana,8,58742.0,1705400.0,109300.0,1562000
S02456,2023-10-21,V1498,D039,C00186,Tamil Nadu,10,66783.0,991400.0,82600.0,941000
S02457,2024-02-07,V1050,D025,C02301,Maharashtra,8,99655.0,1232700.0,214300.0,922000
S02458,2024-04-17,V1244,D033,C00873,Uttar Pradesh,8,27855.0,1767200.0,83800.0,1769000
S02459,2024-08-20,V1257,D039,C00576,Maharashtra,6,86121.0,1264500.0,58200.0,1227000
S02460,2025-12-30,V1239,D007,C02301,West Bengal,6,74828.0,1489600.0,42900.0,1403000
S02461,2025-01-14,V1461,D040,C01818,Telangana,8,59290.0,1280800.0,84800.0,1247000
S02462,2022-02-07,V1211,D034,C00504,Telangana,8,60687.0,1818800.0,233700.0,1602000
S02463,2022-05-10,V1487,D033,C02284,Telangana,7,43942.0,1376700.0,118800.0,1200000
S02464,2022-01-01,V1034,D019,C01226,Gujarat,8,97127.0,1034900.0,156100.0,896000
S02465,2023-08-01,V1367,D022,C02306,West Bengal,6,55038.0,524500.0,43300.0,498000
S02466,2023-05-27,V1297,D015,C02219,Delhi,6,110836.0,247900.0,49400.0,176000
S02467,2025-09-25,V1121,D033,C00957,Tamil Nadu,9,80402.0,1821500.0,61300.0,1560000
S02468,2023-06-19,V1114,D028,C00686,Gujarat,5,75071.0,930000.0,76400.0,1031000
S02469,2022-02-14,V1360,D038,C01943,Kerala,6,24420.0,1618700.0,102100.0,1509000
S02470,2025-07-15,V1319,D006,C00468,Rajasthan,6,70505.0,2016900.0,70000.0,1917000
S02471,2023-01-16,V1306,D017,C02148,Karnataka,6,81302.0,1783200.0,92600.0,1673000
S02472,2025-08-26,V1026,D005,C01215,Maharashtra,9,89789.0,719800.0,56700.0,763000
S02473,2025-02-05,V1299,D012,C01247,West Bengal,7,88359.0,372300.0,49200.0,316000
S02474,2025-07-10,V1491,D038,C00289,Rajasthan,9,57988.0,1680600.0,169700.0,1429000
S02475,2025-04-12,V1009,D007,C01709,Gujarat,5,140502.0,461400.0,4800.0,499000
S02476,2022-07-29,V1235,D006,C00855,Uttar Pradesh,8,54396.0,1084600.0,84700.0,1041000
S02477,2024-07-03,V1248,D011,C02444,Uttar Pradesh,4,11633.0,971300.0,73400.0,880000
S02478,2023-08-26,V1449,D011,C01541,Telangana,6,72248.0,1177500.0,0.0,1236000
S02479,2024-07-07,V1142,D006,C00024,Gujarat,7,90194.0,1268200.0,101600.0,1170000
S02480,2024-12-25,V1238,D039,C01152,Maharashtra,9,86841.0,1231200.0,175600.0,1016000
S02481,2024-01-02,V1359,D014,C01286,Tamil Nadu,7,57527.0,1963100.0,59200.0,1751000
S02482,2023-04-02,V1031,D040,C01332,Delhi,7,63997.0,748300.0,81300.0,713000
S02483,2025-08-31,V1401,D039,C01236,Maharashtra,6,79668.0,1673700.0,169000.0,1318000
S02484,2024-08-26,V1412,D017,C01415,Maharashtra,5,35166.0,1198300.0,0.0,1258000
S02485,2025-07-17,V1360,D002,C01891,Kerala,8,47716.0,2184400.0,107400.0,2056000
S02486,2022-12-13,V1325,D003,C00249,Karnataka,10,116634.0,747300.0,900.0,738000
S02487,2025-05-09,V1374,D033,C00272,Karnataka,7,62178.0,422100.0,0.0,388000
S02488,2023-04-18,V1391,D006,C02248,West Bengal,8,77522.0,1251000.0,89800.0,1041000
S02489,2023-11-04,V1452,D033,C01116,Delhi,9,47676.0,1683100.0,136500.0,1545000
S02490,2025-06-11,V1215,D035,C01920,Tamil Nadu,8,69987.0,1042200.0,77600.0,955000
S02491,2023-06-03,V1229,D030,C02486,Maharashtra,7,71161.0,1761500.0,91700.0,1564000
S02492,2023-01-01,V1319,D032,C01146,Rajasthan,6,44688.0,739700.0,54400.0,684000
S02493,2025-08-30,V1097,D026,C00110,Maharashtra,8,102121.0,505200.0,34300.0,510000
S02494,2025-11-09,V1429,D030,C02475,Rajasthan,7,82063.0,455400.0,34200.0,414000
S02495,2023-03-31,V1386,D021,C00169,Karnataka,10,95745.0,1443400.0,152100.0,1310000
S02496,2023-03-24,V1316,D029,C02328,Rajasthan,6,61157.0,932200.0,42200.0,942000
S02497,2022-11-29,V1151,D024,C01791,Maharashtra,7,74244.0,1202700.0,120100.0,1090000
S02498,2022-02-04,V1174,D030,C02219,Uttar Pradesh,4,103261.0,462000.0,41400.0,427000
S02499,2024-03-18,V1218,D040,C00601,Telangana,8,111849.0,1793500.0,163900.0,1790000
S02500,2023-01-08,V1332,D034,C00557,Telangana,8,60552.0,2162800.0,282100.0,1909000
S02501,2025-05-25,V1390,D009,C01480,Rajasthan,9,105527.0,1405100.0,20500.0,1439000
S02502,2022-09-08,V1336,D033,C00404,Maharashtra,7,53096.0,1398800.0,174500.0,1254000
S02503,2024-07-17,V1465,D034,C01478,Maharashtra,8,86017.0,851900.0,39100.0,875000
S02504,2024-01-11,V1481,D016,C00835,Delhi,9,75547.0,1649200.0,72100.0,1643000
S02505,2024-06-13,V1353,D022,C00275,Gujarat,7,85929.0,1438300.0,136000.0,1353000
S02506,2022-06-14,V1186,D033,C01756,Delhi,9,67611.0,1388700.0,80500.0,1188000
S02507,2023-11-13,V1300,D024,C00274,Kerala,5,62867.0,273100.0,4400.0,282000
S02508,2024-07-03,V1213,D036,C02468,Telangana,8,97540.0,630300.0,74200.0,606000
S02509,2023-05-14,V1315,D004,C01323,Delhi,9,61602.0,2105100.0,136900.0,1753000
S02510,2025-07-02,V1407,D003,C02489,Karnataka,7,53176.0,2224500.0,111200.0,2200000
S02511,2024-02-13,V1185,D037,C00608,Gujarat,7,82906.0,691900.0,51400.0,668000
S02512,2023-06-14,V1253,D020,C00134,Tamil Nadu,3,73268.0,987800.0,123300.0,888000
S02513,2022-02-15,V1023,D007,C02422,Tamil Nadu,8,79426.0,1234600.0,19800.0,1171000
S02514,2022-09-04,V1369,D026,C00799,Tamil Nadu,10,68071.0,345900.0,8500.0,332000
S02515,2023-11-28,V1245,D009,C00527,West Bengal,10,72168.0,1671200.0,156100.0,1447000
S02516,2023-08-08,V1230,D011,C00117,Rajasthan,8,55567.0,707400.0,31300.0,687000
S02517,2025-06-27,V1267,D005,C01803,Delhi,10,86625.0,278800.0,12700.0,292000
S02518,2025-02-22,V1108,D011,C00264,Maharashtra,7,52195.0,1216100.0,57300.0,1243000
S02519,2022-08-21,V1299,D008,C00534,Tamil Nadu,6,80177.0,272800.0,21600.0,268000
S02520,2024-05-14,V1373,D004,C02171,Kerala,8,81732.0,470500.0,51800.0,380000
S02521,2023-10-26,V1175,D004,C01967,Karnataka,8,99281.0,577400.0,51000.0,592000
S02522,2022-05-28,V1066,D003,C01541,Tamil Nadu,6,82934.0,2165800.0,0.0,2101000
S02523,2024-08-30,V1194,D035,C00581,Delhi,9,92279.0,1990700.0,154400.0,1971000
S02524,2024-02-24,V1100,D026,C02079,Tamil Nadu,9,83157.0,661700.0,48100.0,595000
S02525,2022-05-08,V1187,D032,C01850,Delhi,9,60365.0,857200.0,114500.0,705000
S02526,2023-11-15,V1314,D019,C01230,Maharashtra,8,86435.0,2080600.0,1300.0,2128000
S02527,2024-12-04,V1057,D036,C00428,Tamil Nadu,6,113636.0,783700.0,44500.0,744000
S02528,2023-04-23,V1374,D028,C00382,Gujarat,10,60950.0,584100.0,66900.0,564000
S02529,2023-06-06,V1113,D020,C01387,Karnataka,7,88160.0,919500.0,109800.0,735000
S02530,2022-06-10,V1448,D030,C01906,West Bengal,5,49564.0,1154700.0,56300.0,1071000
S02531,2022-10-26,V1367,D015,C00918,Tamil Nadu,8,41712.0,433500.0,33600.0,421000
S02532,2025-12-04,V1137,D018,C01261,Tamil Nadu,6,80317.0,1263600.0,102200.0,1251000
S02533,2024-06-25,V1282,D004,C02172,Tamil Nadu,7,97596.0,223400.0,35900.0,174000
S02534,2022-09-15,V1056,D031,C00040,Kerala,10,74083.0,534900.0,65300.0,410000
S02535,2023-12-07,V1050,D031,C01951,Telangana,9,108427.0,424900.0,57100.0,402000
S02536,2022-10-09,V1479,D030,C00781,Tamil Nadu,6,46322.0,1050300.0,71400.0,981000
S02537,2023-10-09,V1402,D011,C00685,Gujarat,6,79936.0,628000.0,9400.0,586000
S02538,2022-08-01,V1078,D034,C00728,Tamil Nadu,8,75043.0,1286800.0,40400.0,1257000
S02539,2024-06-23,V1142,D019,C01274,Rajasthan,8,80550.0,1318800.0,120100.0,1262000
S02540,2024-04-13,V1099,D029,C00876,Kerala,9,90627.0,955100.0,129800.0,849000
S02541,2024-07-14,V1198,D018,C01502,West Bengal,7,71714.0,989500.0,89900.0,853000
S02542,2023-10-11,V1146,D006,C01286,Delhi,6,77969.0,1297100.0,105000.0,1195000
S02543,2023-02-22,V1165,D011,C00110,Rajasthan,7,115226.0,939900.0,143800.0,783000
S02544,2022-12-31,V1265,D039,C02083,Tamil Nadu,8,99415.0,372200.0,20200.0,355000
S02545,2022-11-11,V1095,D014,C01369,Maharashtra,7,88949.0,800600.0,29800.0,738000
S02546,2023-09-20,V1442,D021,C00718,Karnataka,6,63381.0,741700.0,52700.0,779000
S02547,2023-10-22,V1364,D007,C00300,Rajasthan,9,22170.0,730900.0,39800.0,673000
S02548,2024-09-11,V1381,D009,C02225,Rajasthan,6,122649.0,1243700.0,153900.0,1219000
S02549,2022-03-18,V1085,D024,C02020,Uttar Pradesh,10,120998.0,677300.0,48000.0,640000
S02550,2023-02-16,V1355,D002,C01614,West Bengal,9,65813.0,1799000.0,63100.0,1931000
S02551,2025-05-30,V1419,D012,C00907,Kerala,8,58502.0,942700.0,51800.0,881000
S02552,2025-08-30,V1088,D005,C01728,Tamil Nadu,5,80509.0,1262700.0,97300.0,1150000
S02553,2025-09-22,V1376,D007,C00703,Tamil Nadu,7,29715.0,755200.0,44000.0,666000
S02554,2023-03-24,V1179,D033,C00551,Karnataka,7,111201.0,399900.0,16700.0,404000
S02555,2022-07-20,V1394,D039,C00431,Kerala,8,106910.0,1261200.0,159400.0,999000
S02556,2022-10-17,V1240,D011,C00442,Tamil Nadu,8,41639.0,1271800.0,135600.0,1018000
S02557,2022-07-12,V1402,D019,C01495,Maharashtra,9,71629.0,702400.0,80100.0,618000
S02558,2025-10-26,V1074,D032,C01020,Maharashtra,8,75539.0,1728800.0,251000.0,1314000
S02559,2025-07-14,V1195,D020,C01895,Rajasthan,8,54419.0,1483600.0,69800.0,1532000
S02560,2025-03-30,V1137,D025,C00105,Karnataka,7,91974.0,1028000.0,93900.0,1027000
S02561,2024-12-02,V1125,D040,C01069,Rajasthan,8,94521.0,754400.0,74500.0,713000
S02562,2023-05-17,V1155,D019,C02251,Maharashtra,9,74045.0,1746000.0,35300.0,1677000
S02563,2023-11-26,V1192,D025,C02024,Uttar Pradesh,5,46751.0,1293000.0,38900.0,1286000
S02564,2025-05-14,V1064,D036,C02154,Maharashtra,9,42018.0,2734300.0,42100.0,2874000
S02565,2025-04-04,V1354,D009,C01884,Delhi,6,81368.0,1948700.0,318600.0,1616000
S02566,2024-01-28,V1276,D030,C01035,Gujarat,6,59177.0,556000.0,30800.0,536000
S02567,2025-05-08,V1415,D038,C00681,Kerala,6,59688.0,1277600.0,8100.0,1280000
S02568,2023-05-22,V1353,D006,C01846,Telangana,8,84311.0,1122100.0,107200.0,876000
S02569,2023-08-28,V1075,D026,C00217,Telangana,10,62745.0,737500.0,51900.0,651000
S02570,2025-05-11,V1035,D036,C01804,Karnataka,8,87886.0,940200.0,43800.0,906000
S02571,2023-07-04,V1212,D031,C01313,Delhi,10,48626.0,1333300.0,128400.0,1303000
S02572,2025-01-03,V1241,D001,C02220,Maharashtra,8,79580.0,1034300.0,1100.0,1069000
S02573,2023-10-25,V1121,D001,C00431,Uttar Pradesh,6,92436.0,1585300.0,114800.0,1590000
S02574,2023-03-12,V1392,D006,C01347,Tamil Nadu,8,79726.0,545200.0,53000.0,479000
S02575,2022-11-16,V1291,D033,C01788,Delhi,8,87825.0,450600.0,49100.0,347000
S02576,2024-06-05,V1374,D025,C01043,Delhi,8,58751.0,546800.0,24500.0,536000
S02577,2023-12-02,V1055,D006,C00032,Karnataka,6,82929.0,606700.0,35200.0,647000
S02578,2023-06-24,V1408,D025,C01585,Tamil Nadu,6,48250.0,1801500.0,143700.0,1602000
S02579,2024-12-21,V1104,D028,C02164,Gujarat,10,68347.0,704800.0,86300.0,682000
S02580,2022-01-02,V1225,D002,C01578,Rajasthan,10,78321.0,1755200.0,62800.0,1578000
S02581,2022-05-15,V1220,D015,C01565,Tamil Nadu,5,52398.0,1816700.0,42100.0,1878000
S02582,2025-11-06,V1411,D008,C00250,Telangana,7,66893.0,1177100.0,99700.0,1058000
S02583,2024-08-27,V1139,D010,C00784,Telangana,6,61422.0,2241500.0,160000.0,1919000
S02584,2024-03-14,V1121,D007,C00521,Karnataka,8,81128.0,493000.0,55800.0,415000
S02585,2022-01-22,V1170,D022,C01771,Uttar Pradesh,9,106955.0,782300.0,67600.0,599000
S02586,2024-05-24,V1181,D029,C02338,Karnataka,10,88345.0,1337900.0,129800.0,1241000
S02587,2023-09-28,V1091,D004,C01320,Maharashtra,6,78281.0,935300.0,66600.0,979000
S02588,2024-05-26,V1089,D038,C00145,West Bengal,9,125162.0,442800.0,81600.0,372000
S02589,2022-03-01,V1116,D031,C01543,Rajasthan,7,80693.0,492200.0,23500.0,481000
S02590,2024-03-15,V1234,D031,C01111,Gujarat,9,78815.0,1344900.0,178400.0,1270000
S02591,2024-04-24,V1172,D033,C01953,Delhi,6,75224.0,914000.0,76100.0,852000
S02592,2023-02-28,V1197,D029,C02156,Telangana,7,77306.0,1476300.0,112400.0,1487000
S02593,2022-03-21,V1360,D016,C00166,West Bengal,8,40482.0,1877700.0,137700.0,1762000
S02594,2025-11-20,V1121,D032,C01796,Maharashtra,9,98531.0,1728800.0,315600.0,1468000
S02595,2024-11-02,V1455,D003,C02381,Tamil Nadu,7,54329.0,1674900.0,137400.0,1575000
S02596,2024-06-27,V1376,D018,C00794,Tamil Nadu,7,39343.0,709600.0,52900.0,646000
S02597,2025-01-25,V1088,D010,C00145,Gujarat,4,76574.0,1086800.0,1000.0,1031000
S02598,2024-09-07,V1157,D007,C01307,Rajasthan,6,109226.0,1504100.0,9200.0,1650000
S02599,2022-07-16,V1092,D035,C01588,Tamil Nadu,6,89822.0,718700.0,25800.0,616000
S02600,2023-10-27,V1137,D004,C01424,Gujarat,9,94294.0,1466300.0,67300.0,1473000
S02601,2025-07-22,V1183,D038,C00070,Uttar Pradesh,8,57493.0,2240000.0,268000.0,1912000
S02602,2023-02-25,V1066,D005,C00832,Kerala,7,84171.0,949400.0,30700.0,947000
S02603,2025-11-21,V1008,D007,C01689,Delhi,9,87737.0,543200.0,32100.0,569000
S02604,2022-04-05,V1220,D020,C01349,Gujarat,5,63361.0,1630200.0,251300.0,1200000
S02605,2023-04-29,V1351,D018,C01552,West Bengal,10,50908.0,828000.0,72100.0,745000
S02606,2023-05-27,V1152,D016,C00365,Gujarat,8,54267.0,1564200.0,160000.0,1310000
S02607,2024-06-21,V1431,D024,C01091,Tamil Nadu,9,38273.0,961000.0,63500.0,843000
S02608,2022-09-15,V1185,D037,C02097,Delhi,8,74457.0,1674800.0,35800.0,1625000
S02609,2022-12-01,V1451,D024,C00883,Rajasthan,7,64708.0,1301300.0,157600.0,1138000
S02610,2024-08-25,V1118,D006,C01887,Tamil Nadu,8,102329.0,572000.0,73500.0,530000
S02611,2023-02-20,V1270,D010,C00296,Karnataka,8,98193.0,299500.0,50000.0,201000
S02612,2025-07-08,V1382,D013,C00505,Tamil Nadu,5,99367.0,465700.0,69100.0,353000
S02613,2025-06-25,V1030,D015,C01348,Gujarat,7,99972.0,887500.0,69600.0,813000
S02614,2023-03-19,V1466,D003,C01928,West Bengal,9,53304.0,518000.0,34600.0,501000
S02615,2024-03-29,V1183,D018,C00406,Rajasthan,6,41167.0,817200.0,50000.0,809000
S02616,2023-05-02,V1249,D038,C00205,Rajasthan,8,63553.0,510700.0,54900.0,481000
S02617,2023-05-19,V1315,D025,C00403,Karnataka,5,59620.0,2102700.0,134600.0,2110000
S02618,2024-09-06,V1322,D013,C00003,Karnataka,4,84970.0,625300.0,61700.0,570000
S02619,2023-03-05,V1012,D006,C00762,Maharashtra,7,76862.0,395300.0,0.0,392000
S02620,2022-08-07,V1434,D023,C02440,Telangana,8,77093.0,1220100.0,73400.0,1146000
S02621,2023-01-14,V1312,D027,C02111,Tamil Nadu,7,34425.0,816100.0,68000.0,674000
S02622,2025-09-19,V1500,D017,C00920,Rajasthan,7,56377.0,2334700.0,162400.0,2137000
S02623,2023-01-14,V1236,D005,C00487,Delhi,10,31646.0,1454500.0,138000.0,1355000
S02624,2023-06-16,V1307,D013,C00328,Rajasthan,9,60067.0,2151900.0,202400.0,2108000
S02625,2024-07-07,V1221,D027,C01442,Uttar Pradesh,7,91054.0,1175200.0,51800.0,1096000
S02626,2022-05-28,V1445,D009,C00381,Maharashtra,6,,723700.0,43000.0,657000
S02627,2023-01-28,V1417,D033,C00611,Rajasthan,8,91055.0,986700.0,118700.0,743000
S02628,2022-09-13,V1455,D032,C00606,Rajasthan,9,44103.0,1052100.0,51300.0,985000
S02629,2025-09-12,V1253,D011,C00141,Rajasthan,8,71468.0,720900.0,95300.0,697000
S02630,2025-09-24,V1396,D016,C01788,Tamil Nadu,8,68829.0,1403000.0,120100.0,1153000
S02631,2025-01-09,V1180,D004,C00024,Kerala,8,62456.0,636700.0,52100.0,597000
S02632,2022-12-28,V1231,D012,C00602,West Bengal,9,54178.0,1052800.0,70600.0,952000
S02633,2024-06-19,V1381,D033,C02195,Gujarat,6,116064.0,788800.0,72700.0,807000
S02634,2024-08-25,V1041,D028,C01462,Telangana,10,126772.0,563000.0,22200.0,529000
S02635,2025-06-24,V1356,D032,C01121,West Bengal,8,40403.0,2359600.0,70100.0,2395000
S02636,2022-08-17,V1008,D020,C01886,West Bengal,6,92509.0,476200.0,43900.0,461000
S02637,2024-12-11,V1291,D012,C01025,Telangana,7,85357.0,455800.0,43800.0,361000
S02638,2022-10-11,V1239,D030,C00183,West Bengal,9,38351.0,2352300.0,183800.0,2207000
S02639,2024-04-10,V1235,D024,C01732,Gujarat,9,75666.0,1746200.0,184200.0,1732000
S02640,2025-07-08,V1248,D010,C00681,Telangana,9,12307.0,707600.0,18700.0,664000
S02641,2022-04-01,V1246,D028,C02158,Gujarat,6,59618.0,1285300.0,32000.0,1224000
S02642,2022-08-05,V1204,D016,C00956,Telangana,9,57764.0,2038400.0,118100.0,2106000
S02643,2025-04-02,V1226,D008,C01136,Gujarat,7,61869.0,1344600.0,98200.0,1271000
S02644,2022-01-28,V1285,D024,C01446,Rajasthan,6,116389.0,330100.0,38700.0,288000
S02645,2024-09-27,V1382,D023,C01069,Rajasthan,7,92470.0,733900.0,84800.0,653000
S02646,2024-01-03,V1277,D013,C00487,Uttar Pradesh,8,104363.0,380000.0,22500.0,380000
S02647,2023-05-22,V1322,D010,C00270,Telangana,6,81166.0,1092400.0,17300.0,1090000
S02648,2025-06-14,V1419,D040,C00896,Gujarat,9,58760.0,679400.0,0.0,668000
S02649,2025-05-25,V1495,D026,C01076,Tamil Nadu,6,63067.0,1580300.0,101600.0,1357000
S02650,2023-04-22,V1055,D009,C01972,Kerala,9,94659.0,996700.0,63100.0,850000
S02651,2022-01-07,V1357,D014,C01836,Rajasthan,8,71395.0,937300.0,116900.0,709000
S02652,2022-07-07,V1113,D031,C01798,Uttar Pradesh,9,97158.0,834200.0,82800.0,810000
S02653,2022-06-06,V1099,D018,C00297,Uttar Pradesh,7,79529.0,387600.0,45700.0,369000
S02654,2025-12-06,V1397,D016,C02176,Telangana,8,104858.0,1207800.0,33500.0,1284000
S02655,2024-05-22,V1035,D028,C01919,Karnataka,8,81237.0,1234700.0,71100.0,1135000
S02656,2024-09-15,V1424,D004,C00145,Rajasthan,7,32518.0,880100.0,98900.0,784000
S02657,2022-12-04,V1386,D033,C01204,Maharashtra,9,112163.0,660600.0,46600.0,584000
S02658,2025-05-27,V1498,D030,C02082,West Bengal,5,83316.0,509600.0,32100.0,471000
S02659,2024-11-21,V1334,D037,C01538,Tamil Nadu,8,86568.0,1743000.0,114000.0,1932000
S02660,2025-01-03,V1437,D017,C02205,Uttar Pradesh,6,62706.0,1019900.0,127200.0,929000
S02661,2023-11-16,V1060,D033,C00564,West Bengal,6,70225.0,1492100.0,109300.0,1458000
S02662,2024-10-17,V1445,D034,C02389,Maharashtra,5,84116.0,858100.0,27600.0,780000
S02663,2024-03-05,V1081,D018,C02181,West Bengal,6,120593.0,344200.0,27100.0,322000
S02664,2023-07-16,V1158,D037,C01725,Uttar Pradesh,7,91775.0,1523000.0,177400.0,1348000
S02665,2024-05-18,V1065,D005,C01213,Maharashtra,7,81552.0,558900.0,68000.0,502000
S02666,2023-04-19,V1201,D003,C00166,Gujarat,7,112335.0,1471000.0,407700.0,783000
S02667,2025-10-24,V1375,D036,C01255,Maharashtra,7,48386.0,655000.0,43400.0,600000
S02668,2024-11-13,V1135,D023,C02379,Kerala,8,52748.0,1535300.0,263800.0,1300000
S02669,2024-12-15,V1412,D016,C01756,Tamil Nadu,8,45134.0,1007800.0,0.0,974000
S02670,2024-11-13,V1304,D017,C00660,Rajasthan,8,56076.0,1817800.0,117900.0,1599000
S02671,2023-10-18,V1315,D018,C00639,Telangana,5,60740.0,2106900.0,255100.0,1787000
S02672,2025-10-20,V1470,D027,C01804,Gujarat,8,52030.0,1151600.0,42500.0,1012000
S02673,2022-10-31,V1216,D008,C00763,Maharashtra,9,71427.0,1922200.0,79700.0,1927000
S02674,2024-04-10,V1173,D033,C01884,West Bengal,8,130956.0,930600.0,64700.0,856000
S02675,2022-04-12,V1498,D015,C01643,Kerala,8,72734.0,1311800.0,72500.0,1202000
S02676,2023-03-07,V1279,D006,C00018,Delhi,5,67140.0,468600.0,8400.0,437000
S02677,2024-04-19,V1308,D011,C00657,Tamil Nadu,7,63220.0,2360100.0,43200.0,2453000
S02678,2023-12-17,V1149,D037,C00898,Rajasthan,7,94237.0,888200.0,176600.0,560000
S02679,2025-10-07,V1108,D002,C00594,Karnataka,10,54414.0,1289800.0,209700.0,1130000
S02680,2024-06-15,V1085,D014,C00395,Uttar Pradesh,6,120930.0,621300.0,49400.0,510000
S02681,2023-08-25,V1112,D022,C00247,Gujarat,4,67407.0,1224400.0,136600.0,1066000
S02682,2023-09-16,V1098,D020,C00982,Delhi,5,118682.0,675000.0,35000.0,561000
S02683,2024-06-12,V1374,D008,C01323,Kerala,10,54575.0,354900.0,18500.0,342000
S02684,2025-03-01,V1029,D027,C01579,West Bengal,8,97751.0,855400.0,123500.0,708000
S02685,2023-02-09,V1315,D005,C01029,Telangana,10,51902.0,1012200.0,155100.0,820000
S02686,2024-05-04,V1475,D002,C00928,Karnataka,8,50864.0,1259000.0,86800.0,1294000
S02687,2024-04-19,V1383,D018,C01769,Karnataka,7,91241.0,1052100.0,115100.0,952000
S02688,2022-01-14,V1202,D034,C00780,Gujarat,8,103295.0,937300.0,118300.0,957000
S02689,2025-08-26,V1030,D009,C01116,Rajasthan,9,83097.0,658500.0,68100.0,648000
S02690,2024-04-12,V1418,D036,C01483,Gujarat,9,79020.0,1756000.0,184700.0,1606000
S02691,2022-12-20,V1002,D017,C00478,Karnataka,8,123483.0,338100.0,49000.0,271000
S02692,2024-07-14,V1341,D029,C00696,Maharashtra,8,99223.0,1671900.0,150400.0,1733000
S02693,2024-09-17,V1336,D037,C02360,West Bengal,6,54874.0,999900.0,23200.0,895000
S02694,2025-08-30,V1096,D021,C00566,Delhi,7,76188.0,1275400.0,13500.0,1268000
S02695,2022-02-19,V1370,D004,C00840,Uttar Pradesh,8,57530.0,372000.0,16300.0,354000
S02696,2023-08-28,V1088,D031,C00294,Gujarat,8,72947.0,991000.0,83600.0,893000
S02697,2022-09-21,V1113,D037,C00284,Gujarat,5,105807.0,351100.0,26300.0,272000
S02698,2024-04-19,V1406,D031,C02256,Rajasthan,9,79772.0,1539400.0,16100.0,1557000
S02699,2024-01-03,V1490,D026,C01631,Uttar Pradesh,8,55107.0,1724100.0,58200.0,1803000
S02700,2023-11-25,V1133,D015,C01546,Telangana,10,81503.0,963900.0,119000.0,826000
S02701,2025-12-05,V1461,D039,C00615,Tamil Nadu,7,79709.0,807000.0,52100.0,763000
S02702,2024-02-16,V1457,D001,C00440,Telangana,9,94978.0,1293200.0,112300.0,1323000
S02703,2023-08-24,V1385,D021,C00676,Maharashtra,9,124303.0,741400.0,103200.0,614000
S02704,2022-04-09,V1071,D034,C02488,Delhi,5,52341.0,2407300.0,104000.0,2206000
S02705,2023-02-28,V1150,D021,C01268,Maharashtra,6,79764.0,1095700.0,0.0,1160000
S02706,2025-08-03,V1339,D002,C02104,Tamil Nadu,8,68179.0,1737900.0,0.0,1607000
S02707,2023-10-22,V1500,D011,C02030,Rajasthan,9,56692.0,1667600.0,9200.0,1707000
S02708,2025-08-23,V1408,D010,C00433,West Bengal,10,50721.0,2298500.0,165100.0,2091000
S02709,2024-02-18,V1211,D011,C00595,Telangana,8,86543.0,1091600.0,65600.0,980000
S02710,2024-03-11,V1118,D026,C00946,Karnataka,9,99405.0,751600.0,78000.0,678000
S02711,2023-09-21,V1481,D023,C00796,Tamil Nadu,7,102397.0,854800.0,29700.0,823000
S02712,2024-03-24,V1139,D032,C01350,Telangana,10,62316.0,1673300.0,194500.0,1399000
S02713,2022-04-08,V1172,D008,C00962,Maharashtra,8,89986.0,1207200.0,26300.0,1180000
S02714,2022-03-26,V1483,D008,C00398,Rajasthan,10,58336.0,1688400.0,179800.0,1564000
S02715,2023-11-27,V1281,D008,C01180,Rajasthan,9,121446.0,223500.0,28000.0,178000
S02716,2024-05-23,V1133,D036,C00205,Delhi,6,93097.0,931500.0,112900.0,789000
S02717,2024-03-15,V1003,D026,C02022,Gujarat,8,95187.0,531300.0,80400.0,485000
S02718,2023-09-19,V1215,D030,C00410,West Bengal,8,80866.0,1230800.0,145700.0,1127000
S02719,2023-03-06,V1494,D024,C01009,Maharashtra,7,72433.0,799600.0,97900.0,679000
S02720,2024-11-01,V1217,D005,C02021,Rajasthan,6,114718.0,507000.0,19300.0,471000
S02721,2024-06-02,V1350,D039,C00395,Delhi,8,73458.0,1314400.0,132200.0,1151000
S02722,2022-03-10,V1127,D016,C01620,Uttar Pradesh,8,58864.0,1440300.0,58200.0,1350000
S02723,2023-10-23,V1388,D030,C02382,Maharashtra,10,91312.0,1352500.0,0.0,1390000
S02724,2024-11-04,V1388,D031,C02290,Gujarat,10,60153.0,1672100.0,132000.0,1727000
S02725,2025-02-19,V1305,D013,C00317,Telangana,7,96467.0,1157500.0,165700.0,1004000
S02726,2023-02-24,V1386,D025,C01846,Kerala,7,100219.0,524000.0,80500.0,452000
S02727,2025-09-13,V1290,D021,C02056,Delhi,8,104293.0,246000.0,9100.0,234000
S02728,2024-08-10,V1190,D020,C01777,Maharashtra,6,73880.0,1810500.0,246700.0,1623000
S02729,2023-10-02,V1369,D010,C00327,Uttar Pradesh,7,77084.0,394100.0,27400.0,347000
S02730,2024-07-05,V1418,D031,C01215,Uttar Pradesh,6,62377.0,1158700.0,124800.0,1110000
S02731,2025-06-27,V1421,D001,C01745,Gujarat,6,66357.0,1238500.0,141800.0,1036000
S02732,2022-11-28,V1107,D007,C01160,Telangana,9,77383.0,1313400.0,17900.0,1342000
S02733,2022-08-08,V1339,D027,C01395,Telangana,10,71137.0,1410200.0,73100.0,1428000
S02734,2023-10-06,V1003,D013,C00588,Kerala,6,94890.0,708600.0,96100.0,556000
S02735,2022-05-03,V1286,D022,C00931,Rajasthan,7,101353.0,271500.0,46400.0,227000
S02736,2025-05-05,V1286,D006,C02099,Telangana,7,102469.0,255100.0,12300.0,227000
S02737,2025-11-18,V1182,D020,C01021,Karnataka,8,69775.0,2095300.0,177600.0,1757000
S02738,2024-06-03,V1498,D015,C00666,Delhi,10,72881.0,2107800.0,124500.0,2042000
S02739,2025-12-02,V1442,D013,C01589,Rajasthan,9,70390.0,1238500.0,17000.0,1185000
S02740,2022-04-11,V1020,D016,C01059,Rajasthan,10,75403.0,989200.0,75600.0,857000
S02741,2024-07-13,V1105,D025,C00483,Gujarat,7,110947.0,375800.0,65000.0,354000
S02742,2023-10-10,V1104,D017,C00224,Uttar Pradesh,7,58599.0,725300.0,84100.0,681000
S02743,2023-02-10,V1449,D009,C00011,Maharashtra,10,83394.0,1037000.0,8900.0,1010000
S02744,2023-04-01,V1260,D025,C00279,Rajasthan,8,15704.0,1050000.0,92700.0,960000
S02745,2024-03-07,V1365,D019,C01851,Delhi,9,63141.0,383700.0,26800.0,418000
S02746,2024-07-26,V1405,D032,C00847,Kerala,9,81283.0,781600.0,114400.0,630000
S02747,2022-08-28,V1384,D017,C01784,Rajasthan,7,78099.0,623700.0,12600.0,698000
S02748,2024-06-16,V1045,D019,C01653,Tamil Nadu,9,113086.0,1491500.0,62200.0,1319000
S02749,2025-09-15,V1071,D033,C02297,Telangana,7,61832.0,2155600.0,175400.0,2074000
S02750,2022-01-16,V1198,D013,C01927,Maharashtra,7,74776.0,1514700.0,69400.0,1503000
S02751,2025-07-07,V1170,D033,C00906,Telangana,9,91318.0,358000.0,55400.0,264000
S02752,2024-06-06,V1374,D015,C01341,Kerala,9,69633.0,562700.0,62400.0,525000
S02753,2023-05-15,V1079,D007,C01241,Kerala,9,70791.0,1295800.0,36700.0,1346000
S02754,2024-12-09,V1186,D001,C00491,Rajasthan,7,72781.0,762200.0,30400.0,752000
S02755,2024-06-21,V1119,D004,C01233,Delhi,10,73642.0,717400.0,28700.0,642000
S02756,2025-01-28,V1095,D010,C02283,Uttar Pradesh,9,87538.0,663300.0,81300.0,639000
S02757,2022-04-29,V1087,D010,C01314,Rajasthan,6,85838.0,750600.0,121400.0,684000
S02758,2022-03-28,V1098,D030,C01081,Rajasthan,8,99556.0,699000.0,70200.0,642000
S02759,2024-07-26,V1283,D034,C01175,Gujarat,7,80671.0,464100.0,81000.0,368000
S02760,2023-03-20,V1206,D024,C00870,Uttar Pradesh,9,80872.0,1423100.0,158000.0,1261000
S02761,2022-12-15,V1218,D029,C00115,Uttar Pradesh,7,89313.0,1000800.0,67900.0,804000
S02762,2023-09-08,V1240,D005,C01107,Gujarat,8,41313.0,2487700.0,304000.0,2054000
S02763,2024-11-25,V1371,D011,C00981,Rajasthan,7,36592.0,459500.0,27700.0,425000
S02764,2022-09-20,V1431,D035,C01360,Telangana,9,47126.0,1646200.0,128700.0,1543000
S02765,2025-11-22,V1264,D016,C00597,Maharashtra,7,65375.0,364800.0,6900.0,315000
S02766,2023-09-07,V1322,D039,C00575,Maharashtra,6,75557.0,1374500.0,72200.0,1362000
S02767,2022-08-08,V1370,D008,C00722,Rajasthan,6,68492.0,305100.0,30900.0,266000
S02768,2022-04-14,V1346,D031,C01023,West Bengal,7,78289.0,1333700.0,51000.0,1322000
S02769,2025-06-06,V1068,D032,C02404,West Bengal,8,42742.0,2385900.0,182600.0,2023000
S02770,2022-06-15,V1492,D010,C00925,Rajasthan,7,43783.0,1342500.0,56600.0,1305000
S02771,2023-09-05,V1083,D016,C00615,Karnataka,6,82666.0,1066100.0,151900.0,876000
S02772,2024-09-03,V1206,D001,C01014,Kerala,9,81742.0,1497500.0,122800.0,1442000
S02773,2024-01-20,V1327,D020,C02477,Rajasthan,8,86850.0,817600.0,46400.0,846000
S02774,2023-01-19,V1202,D030,C02292,Gujarat,8,93625.0,1242600.0,146900.0,1111000
S02775,2022-06-07,V1122,D032,C01911,Telangana,7,68896.0,1916900.0,0.0,1780000
S02776,2024-11-05,V1462,D020,C01016,Karnataka,7,56845.0,826300.0,46200.0,677000
S02777,2023-12-18,V1036,D038,C01974,West Bengal,6,46644.0,1600200.0,188400.0,1448000
S02778,2022-03-12,V1123,D002,C02486,Rajasthan,6,61426.0,1035900.0,49300.0,1015000
S02779,2022-09-22,V1497,D004,C02267,Uttar Pradesh,4,84778.0,848000.0,14700.0,838000
S02780,2024-04-02,V1365,D028,C01321,Maharashtra,9,68416.0,450600.0,77200.0,374000
S02781,2022-09-04,V1044,D002,C02054,Uttar Pradesh,8,82334.0,1115100.0,134900.0,865000
S02782,2023-07-26,V1378,D019,C00504,Kerala,10,73774.0,524400.0,51700.0,458000
S02783,2022-07-01,V1485,D038,C00598,Gujarat,10,68742.0,1576000.0,211000.0,1339000
S02784,2025-03-10,V1049,D012,C00303,Maharashtra,7,106483.0,1123400.0,230700.0,831000
S02785,2024-07-10,V1208,D019,C02028,Karnataka,8,61487.0,1210100.0,120300.0,1184000
S02786,2025-02-19,V1235,D018,C02006,Karnataka,5,52794.0,1824400.0,154800.0,1834000
S02787,2022-03-18,V1066,D010,C00332,Rajasthan,8,80987.0,640100.0,68400.0,565000
S02788,2023-07-03,V1101,D036,C00491,Kerala,7,100423.0,667900.0,51600.0,557000
S02789,2023-01-26,V1087,D018,C00027,Uttar Pradesh,10,90325.0,921100.0,59100.0,825000
S02790,2024-06-28,V1093,D001,C02338,Maharashtra,5,109348.0,785800.0,85300.0,749000
S02791,2025-04-15,V1202,D001,C01604,West Bengal,8,82935.0,1535600.0,88200.0,1372000
S02792,2022-11-29,V1232,D040,C01421,West Bengal,6,41817.0,2063100.0,0.0,2074000
S02793,2025-01-29,V1119,D033,C02222,Rajasthan,5,62707.0,607400.0,50800.0,497000
S02794,2024-04-27,V1145,D008,C00160,West Bengal,8,90590.0,661400.0,115200.0,557000
S02795,2025-04-18,V1097,D001,C00282,Uttar Pradesh,8,128221.0,931100.0,55400.0,843000
S02796,2022-04-29,V1399,D018,C00954,Maharashtra,9,83605.0,1665500.0,134900.0,1493000
S02797,2025-12-18,V1106,D024,C01327,Gujarat,9,96890.0,648700.0,24800.0,652000
S02798,2023-09-27,V1454,D036,C01909,Tamil Nadu,6,80838.0,2028000.0,194800.0,1810000
S02799,2023-02-14,V1270,D005,C00279,Karnataka,6,81539.0,401500.0,14700.0,379000
S02800,2022-09-24,V1402,D014,C01895,Tamil Nadu,7,74602.0,1433700.0,153600.0,1225000
S02801,2025-12-09,V1319,D001,C00708,Telangana,8,60113.0,806700.0,27500.0,853000
S02802,2025-07-14,V1134,D031,C01267,Tamil Nadu,9,77646.0,1217900.0,106200.0,1031000
S02803,2022-07-11,V1301,D034,C01794,Maharashtra,9,87333.0,1451500.0,117300.0,1317000
S02804,2023-10-13,V1138,D038,C01755,Karnataka,7,67701.0,673600.0,86800.0,533000
S02805,2024-12-07,V1060,D027,C01333,Tamil Nadu,9,78918.0,1755600.0,247500.0,1543000
S02806,2024-05-13,V1128,D040,C00660,Delhi,5,52286.0,2038200.0,142100.0,1992000
S02807,2022-10-04,V1138,D009,C02426,Karnataka,9,72219.0,880500.0,72900.0,825000
S02808,2023-06-11,V1068,D002,C00276,Uttar Pradesh,7,30275.0,1657200.0,117900.0,1605000
S02809,2023-06-22,V1012,D040,C01772,Maharashtra,9,95887.0,595700.0,52500.0,460000
S02810,2023-02-26,V1472,D029,C01089,West Bengal,6,51361.0,1368400.0,95900.0,1210000
S02811,2025-11-04,V1257,D005,C01974,Telangana,8,75013.0,510100.0,18500.0,501000
S02812,2022-10-24,V1202,D003,C02182,Karnataka,6,93200.0,624200.0,65900.0,538000
S02813,2024-10-29,V1465,D027,C01589,West Bengal,9,78891.0,1162300.0,76000.0,973000
S02814,2025-08-25,V1113,D037,C01863,Delhi,3,107609.0,872600.0,44800.0,876000
S02815,2025-03-07,V1202,D011,C00703,Telangana,8,87295.0,820600.0,90400.0,736000
S02816,2025-03-14,V1424,D019,C02011,Tamil Nadu,8,36474.0,853800.0,57500.0,832000
S02817,2022-08-21,V1317,D029,C00083,Maharashtra,8,98634.0,1016800.0,215400.0,829000
S02818,2022-07-14,V1200,D018,C02369,Tamil Nadu,6,17390.0,792600.0,30600.0,789000
S02819,2025-02-17,V1128,D002,C02494,Telangana,5,52953.0,1117800.0,89600.0,1027000
S02820,2024-12-26,V1018,D037,C00110,Kerala,7,117727.0,504600.0,73300.0,438000
S02821,2024-12-19,V1043,D027,C00035,Telangana,6,91296.0,1020600.0,122500.0,934000
S02822,2023-09-04,V1081,D001,C00775,Kerala,8,119953.0,873800.0,222800.0,586000
S02823,2024-02-04,V1394,D035,C00635,West Bengal,8,90746.0,672200.0,77600.0,645000
S02824,2022-01-23,V1320,D033,C01211,Telangana,4,49140.0,2367200.0,151900.0,2160000
S02825,2023-03-02,V1217,D014,C00887,Kerala,6,104877.0,412800.0,69100.0,410000
S02826,2024-02-11,V1392,D016,C01746,Tamil Nadu,7,68309.0,925600.0,104100.0,805000
S02827,2022-07-03,V1081,D032,C00202,Rajasthan,10,113097.0,437700.0,71700.0,342000
S02828,2022-07-09,V1106,D014,C01164,Uttar Pradesh,5,77640.0,1072000.0,139200.0,989000
S02829,2022-03-08,V1197,D035,C01755,Delhi,9,98843.0,1455200.0,118100.0,1390000
S02830,2022-11-03,V1459,D024,C00195,Delhi,6,53441.0,1342100.0,134000.0,1190000
S02831,2025-12-21,V1308,D019,C00042,Karnataka,8,44466.0,1639500.0,155900.0,1409000
S02832,2024-10-13,V1426,D005,C00369,Kerala,7,67623.0,727200.0,49100.0,661000
S02833,2025-10-17,V1125,D032,C02295,Karnataka,5,81352.0,1400700.0,125700.0,1214000
S02834,2023-01-11,V1425,D026,C00750,Kerala,8,71572.0,1112100.0,23600.0,1100000
S02835,2024-05-24,V1037,D006,C00272,Uttar Pradesh,8,112207.0,397600.0,90500.0,294000
S02836,2025-07-27,V1114,D037,C01575,Uttar Pradesh,10,77684.0,1056100.0,81300.0,1033000
S02837,2023-05-30,V1262,D016,C01114,Delhi,7,92246.0,350800.0,45800.0,283000
S02838,2024-08-18,V1026,D023,C02058,Telangana,9,94318.0,687400.0,85400.0,673000
S02839,2024-10-09,V1430,D006,C00292,Kerala,4,68042.0,1359400.0,148800.0,1311000
S02840,2025-04-30,V1434,D004,C00883,Karnataka,7,67503.0,1153100.0,98100.0,952000
S02841,2025-11-17,V1271,D033,C01004,Tamil Nadu,5,75798.0,324200.0,24200.0,327000
S02842,2024-06-17,V1153,D025,C01219,Telangana,9,93522.0,752000.0,81600.0,662000
S02843,2024-05-01,V1050,D008,C02052,Tamil Nadu,7,98458.0,796400.0,152200.0,540000
S02844,2025-06-23,V1310,D025,C00788,Tamil Nadu,10,80946.0,1085700.0,96800.0,960000
S02845,2024-09-27,V1269,D011,C02485,Telangana,8,94814.0,245500.0,8000.0,241000
S02846,2023-06-13,V1380,D027,C01013,Gujarat,9,39386.0,467500.0,26600.0,477000
S02847,2024-07-09,V1302,D008,C00470,Tamil Nadu,7,69355.0,545300.0,54200.0,487000
S02848,2024-03-13,V1065,D003,C02296,Gujarat,9,84943.0,1738100.0,148300.0,1478000
S02849,2022-12-01,V1061,D037,C00218,Karnataka,6,90939.0,1767700.0,115000.0,1388000
S02850,2024-01-24,V1391,D037,C01831,Telangana,9,89111.0,1200200.0,119700.0,1012000
S02851,2024-06-30,V1080,D007,C00291,Delhi,5,50945.0,1251800.0,127300.0,1214000
S02852,2025-08-13,V1470,D018,C02331,West Bengal,9,50017.0,1155100.0,5400.0,1121000
S02853,2024-04-28,V1053,D005,C02228,Kerala,8,121159.0,1130300.0,133700.0,880000
S02854,2022-08-29,V1365,D037,C00147,Kerala,9,69023.0,499100.0,73400.0,436000
S02855,2025-12-13,V1488,D013,C00907,Uttar Pradesh,10,36121.0,1677800.0,95600.0,1477000
S02856,2024-04-24,V1221,D010,C01893,Tamil Nadu,6,75953.0,1300500.0,74300.0,1379000
S02857,2023-02-24,V1029,D024,C01987,Maharashtra,9,111324.0,690300.0,25900.0,621000
S02858,2025-01-07,V1439,D009,C01060,Rajasthan,10,30401.0,1463900.0,69500.0,1381000
S02859,2023-07-17,V1094,D028,C02195,Tamil Nadu,7,101362.0,772700.0,84100.0,746000
S02860,2023-06-25,V1264,D014,C02185,Rajasthan,6,55257.0,550400.0,47300.0,528000
S02861,2025-05-11,V1493,D016,C01862,Uttar Pradesh,9,99319.0,1548700.0,74100.0,1453000
S02862,2025-06-21,V1373,D013,C01495,Gujarat,9,60478.0,372700.0,17700.0,333000
S02863,2024-02-05,V1024,D032,C01521,Delhi,8,55200.0,1545100.0,10000.0,1606000
S02864,2023-06-29,V1411,D039,C00858,Uttar Pradesh,6,59816.0,958400.0,110500.0,768000
S02865,2025-06-15,V1081,D026,C00585,Maharashtra,7,116647.0,516600.0,77500.0,349000
S02866,2022-09-11,V1375,D019,C01378,Rajasthan,8,49144.0,552400.0,31500.0,492000
S02867,2024-12-27,V1311,D007,C02059,Gujarat,8,67678.0,1096500.0,114700.0,981000
S02868,2024-05-03,V1144,D028,C01096,Maharashtra,6,39728.0,1848900.0,222400.0,1557000
S02869,2025-06-01,V1212,D035,C02100,Delhi,10,74396.0,1367300.0,166800.0,1207000
S02870,2023-09-07,V1059,D007,C00378,Karnataka,9,83304.0,1498900.0,237700.0,1216000
S02871,2025-04-30,V1494,D038,C01083,Telangana,8,69006.0,635700.0,60600.0,557000
S02872,2022-01-23,V1120,D038,C00265,Tamil Nadu,10,68147.0,874000.0,125400.0,746000
S02873,2025-01-12,V1155,D033,C01831,Rajasthan,7,63922.0,1768800.0,0.0,1876000
S02874,2022-04-13,V1252,D007,C00112,Gujarat,6,32488.0,2454800.0,107600.0,2436000
S02875,2024-07-27,V1337,D003,C00190,Tamil Nadu,9,101060.0,706100.0,6600.0,766000
S02876,2022-10-13,V1253,D036,C01844,Rajasthan,8,95336.0,792600.0,83700.0,700000
S02877,2025-11-08,V1253,D006,C00387,Gujarat,8,74694.0,1153500.0,65700.0,1102000
S02878,2025-01-28,V1292,D035,C02133,Rajasthan,7,73772.0,477600.0,20900.0,436000
S02879,2022-06-02,V1429,D037,C01378,Kerala,9,72733.0,1064200.0,55400.0,905000
S02880,2025-07-27,V1198,D039,C02401,West Bengal,8,69492.0,839200.0,9900.0,762000
S02881,2023-01-04,V1417,D003,C00677,Gujarat,8,88318.0,587900.0,79300.0,476000
S02882,2024-03-08,V1394,D017,C00068,Rajasthan,9,86503.0,935500.0,49100.0,765000
S02883,2022-05-05,V1481,D014,C01529,Maharashtra,9,85602.0,1537800.0,86800.0,1295000
S02884,2022-06-04,V1457,D012,C01263,Maharashtra,7,97899.0,579700.0,23600.0,541000
S02885,2022-12-19,V1400,D016,C00074,Delhi,8,56314.0,2096600.0,240400.0,2082000
S02886,2024-02-20,V1124,D022,C01591,Maharashtra,10,51138.0,1257600.0,7300.0,1294000
S02887,2024-03-04,V1388,D035,C01348,Gujarat,9,76445.0,1619300.0,208000.0,1312000
S02888,2025-06-04,V1369,D033,C01521,Tamil Nadu,10,59662.0,439500.0,7700.0,456000
S02889,2022-08-30,V1145,D035,C00543,Tamil Nadu,6,101960.0,1245100.0,173500.0,1092000
S02890,2024-12-30,V1339,D025,C00356,Tamil Nadu,5,75327.0,1114200.0,106800.0,1074000
S02891,2022-01-09,V1127,D018,C00464,Kerala,5,62152.0,881900.0,5300.0,934000
S02892,2023-03-02,V1262,D009,C02144,Karnataka,7,79791.0,312900.0,37700.0,262000
S02893,2022-09-13,V1399,D032,C00115,Kerala,7,87320.0,776500.0,72600.0,656000
S02894,2022-07-01,V1095,D016,C01540,Gujarat,7,92278.0,691400.0,45900.0,609000
S02895,2024-05-03,V1169,D022,C01477,Karnataka,10,116608.0,359500.0,8700.0,334000
S02896,2025-08-08,V1398,D019,C02212,Telangana,7,104110.0,477900.0,45300.0,465000
S02897,2024-09-01,V1227,D037,C00567,Uttar Pradesh,7,52315.0,1570100.0,145500.0,1553000
S02898,2025-06-01,V1481,D020,C00174,Rajasthan,6,79069.0,1660400.0,255300.0,1196000
S02899_DUP,2024-05-14,V1004,D020,C01610,West Bengal,10,86364.0,1161100.0,135800.0,1205000
S02900,2022-03-20,V1361,D023,C00949,Tamil Nadu,6,69531.0,388400.0,20600.0,339000
S02901,2023-05-21,V1408,D016,C01829,Delhi,6,42037.0,1721300.0,189400.0,1414000
S02902,2025-04-18,V1459,D020,C01460,Uttar Pradesh,9,72259.0,2199400.0,183800.0,1937000
S02903,2022-03-06,V1079,D030,C01839,Maharashtra,10,54551.0,2556800.0,197900.0,2223000
S02904,2022-05-23,V1493,D021,C02285,Tamil Nadu,7,73688.0,1551600.0,128200.0,1584000
S02905,2025-05-03,V1197,D018,C01393,Rajasthan,3,79778.0,1660800.0,0.0,1804000
S02906,2022-04-03,V1177,D039,C01093,Karnataka,9,128214.0,646700.0,51600.0,480000
S02907,2025-11-02,V1178,D015,C02149,Tamil Nadu,10,101011.0,633500.0,40600.0,707000
S02908,2025-01-13,V1320,D027,C00638,Uttar Pradesh,9,42866.0,2422300.0,209000.0,2032000
S02909,2024-08-29,V1330,D019,C00759,West Bengal,7,90005.0,703100.0,82000.0,737000
S02910,2024-02-23,V1237,D004,C01660,Telangana,9,97205.0,1670000.0,105800.0,1791000
S02911,2022-05-11,V1036,D021,C00125,Kerala,10,45745.0,1334400.0,115600.0,1033000
S02912,2023-08-29,V1494,D013,C02013,Uttar Pradesh,9,82581.0,1976500.0,219300.0,1764000
S02913,2025-03-26,V1112,D025,C00582,Gujarat,6,56094.0,1329400.0,76200.0,1197000
S02914,2025-08-13,V1047,D019,C00935,Maharashtra,9,84229.0,979600.0,99200.0,708000
S02915,2023-10-16,V1299,D020,C02239,Tamil Nadu,6,83119.0,435100.0,60000.0,346000
S02916,2025-05-11,V1207,D016,C01234,Delhi,9,76134.0,1675400.0,107000.0,1797000
S02917,2025-02-08,V1308,D036,C01229,West Bengal,7,65699.0,1747000.0,48500.0,1704000
S02918,2022-03-26,V1438,D009,C01251,Karnataka,9,58228.0,590200.0,21900.0,582000
S02919,2024-06-25,V1049,D004,C01318,Kerala,10,112571.0,1297500.0,257900.0,1066000
S02920,2024-06-19,V1143,D025,C01790,Telangana,7,52062.0,674200.0,79100.0,593000
S02921,2024-03-04,V1259,D013,C01824,Tamil Nadu,4,37073.0,734700.0,38700.0,727000
S02922,2025-02-02,V1394,D006,C02403,Tamil Nadu,10,101542.0,936200.0,114000.0,735000
S02923,2025-07-23,V1301,D008,C02239,Maharashtra,8,89162.0,1725500.0,154000.0,1522000
S02924,2024-03-15,V1192,D030,C01175,Kerala,7,39454.0,1830600.0,61600.0,2003000
S02925,2023-04-14,V1306,D034,C01106,Delhi,9,92375.0,1203500.0,77000.0,1050000
S02926,2025-12-07,V1490,D020,C01571,Rajasthan,10,77119.0,602900.0,82900.0,528000
S02927,2025-11-08,V1241,D009,C02274,Telangana,7,70651.0,1728300.0,102400.0,1653000
S02928,2024-09-29,V1442,D025,C01527,West Bengal,8,74502.0,1232600.0,63400.0,1149000
S02929,2024-07-24,V1390,D035,C01853,Maharashtra,6,102398.0,986700.0,60000.0,768000
S02930,2022-06-02,V1151,D021,C01626,Rajasthan,7,87783.0,1861500.0,50800.0,1830000
S02931,2023-08-10,V1125,D001,C01086,Delhi,7,94456.0,559200.0,60200.0,498000
S02932,2022-10-17,V1386,D003,C00063,Uttar Pradesh,8,106173.0,1381300.0,281300.0,1056000
S02933,2024-01-23,V1104,D025,C00751,Rajasthan,6,50068.0,902400.0,32700.0,869000
S02934,2025-04-22,V1169,D022,C02366,Gujarat,9,120810.0,760300.0,147200.0,665000
S02935,2022-11-25,V1118,D040,C01607,Kerala,8,94181.0,636700.0,76000.0,555000
S02936,2025-12-27,V1304,D001,C02395,Delhi,4,37255.0,1246700.0,87400.0,1226000
S02937,2022-07-09,V1148,D024,C01821,Telangana,6,56381.0,1513800.0,47400.0,1296000
S02938,2022-05-24,V1330,D040,C01652,Karnataka,9,86476.0,1327600.0,25300.0,1288000
S02939,2025-11-24,V1468,D030,C00585,Karnataka,9,39886.0,1145700.0,130000.0,996000
S02940,2022-05-27,V1415,D040,C01674,Uttar Pradesh,8,62941.0,2260600.0,136100.0,2066000
S02941,2024-12-10,V1474,D024,C00061,Delhi,6,73217.0,658400.0,66300.0,630000
S02942,2025-01-20,V1013,D010,C00097,Karnataka,5,132680.0,457000.0,67000.0,431000
S02943,2023-04-28,V1228,D025,C00102,Gujarat,6,52199.0,922900.0,78400.0,809000
S02944,2022-04-05,V1111,D018,C00980,West Bengal,6,74099.0,747800.0,74900.0,636000
S02945,2023-03-27,V1459,D005,C00927,Maharashtra,9,77347.0,874600.0,79400.0,741000
S02946,2022-04-11,V1356,D024,C00903,Delhi,6,39075.0,2510400.0,227300.0,1996000
S02947,2024-09-09,V1161,D006,C02032,Delhi,3,122720.0,886500.0,144300.0,678000
S02948,2025-07-22,V1282,D028,C01631,West Bengal,7,103476.0,341900.0,11000.0,357000
S02949,2025-12-27,V1303,D012,C00489,Delhi,7,64687.0,1728400.0,200800.0,1491000
S02950,2025-03-15,V1248,D035,C01874,Uttar Pradesh,10,22461.0,2177300.0,90100.0,2016000
S02951,2025-02-05,V1238,D014,C02148,Rajasthan,6,87468.0,1519200.0,233300.0,1256000
S02952,2025-07-11,V1028,D020,C00191,Tamil Nadu,8,58945.0,1327300.0,49400.0,1249000
S02953,2025-01-29,V1227,D023,C00730,Kerala,8,58120.0,878500.0,24300.0,928000
S02954,2024-08-08,V1175,D032,C01873,West Bengal,5,82561.0,966800.0,12900.0,962000
S02955,2025-12-26,V1410,D029,C00973,West Bengal,9,59023.0,761000.0,31400.0,748000
S02956,2023-04-17,V1433,D035,C00651,Tamil Nadu,10,76330.0,1197800.0,14200.0,1195000
S02957,2023-08-27,V1376,D028,C02445,Uttar Pradesh,10,27956.0,591500.0,69300.0,542000
S02958,2025-08-17,V1016,D015,C01958,Rajasthan,9,86317.0,1053100.0,56300.0,919000
S02959,2023-03-31,V1421,D015,C00301,Uttar Pradesh,7,69492.0,442400.0,52700.0,387000
S02960,2023-03-13,V1199,D033,C02084,West Bengal,6,64504.0,1410300.0,158200.0,1208000
S02961,2022-08-11,V1209,D032,C01495,Telangana,5,110591.0,1381100.0,96100.0,1329000
S02962,2023-02-07,V1473,D018,C02414,Tamil Nadu,10,75101.0,1266700.0,283500.0,860000
S02963,2024-05-17,V1434,D018,C01084,Gujarat,7,65133.0,774400.0,20400.0,756000
S02964,2025-07-19,V1026,D005,C02309,Delhi,5,90553.0,520800.0,82600.0,394000
S02965,2022-07-19,V1180,D027,C01809,Uttar Pradesh,6,80065.0,1123600.0,88700.0,1007000
S02966,2024-09-21,V1375,D024,C00106,Telangana,4,49910.0,416700.0,10700.0,402000
S02967,2025-01-24,V1270,D032,C00413,Rajasthan,7,74195.0,295800.0,46300.0,264000
S02968,2025-08-01,V1129,D010,C02325,Maharashtra,6,74481.0,1599700.0,204400.0,1367000
S02969,2024-12-31,V1263,D026,C02490,Tamil Nadu,8,77755.0,494900.0,45400.0,445000
S02970,2022-08-16,V1434,D020,C01692,Karnataka,9,39072.0,629300.0,43000.0,563000
S02971,2023-12-16,V1112,D025,C01206,Kerala,8,58163.0,1063500.0,71700.0,905000
S02972,2025-10-23,V1374,D023,C01695,Gujarat,9,65437.0,499100.0,49200.0,458000
S02973,2025-08-20,V1368,D001,C01276,West Bengal,8,9869.0,474500.0,44300.0,420000
S02974,2024-06-14,V1443,D001,C00025,Uttar Pradesh,6,59365.0,1239000.0,112700.0,992000
S02975,2025-11-08,V1149,D006,C02117,Telangana,9,104188.0,1552700.0,94200.0,1543000
S02976,2024-09-02,V1108,D036,C02197,Uttar Pradesh,7,48726.0,1069000.0,102700.0,991000
S02977,2022-04-05,V1274,D036,C01358,Kerala,6,86682.0,411600.0,23600.0,409000
S02978,2025-08-28,V1266,D040,C00736,West Bengal,9,87746.0,343200.0,0.0,333000
S02979,2022-09-03,V1205,D023,C01250,Delhi,5,105543.0,713400.0,93800.0,578000
S02980,2023-07-11,V1390,D022,C01589,Gujarat,6,106203.0,866500.0,90100.0,697000
S02981,2022-12-14,V1400,D007,C02354,Telangana,10,80543.0,1400100.0,95900.0,1311000
S02982,2024-11-17,V1123,D016,C00519,Gujarat,10,53582.0,667000.0,83800.0,629000
S02983,2022-02-13,V1398,D001,C00896,West Bengal,8,99299.0,755500.0,41700.0,745000
S02984,2024-07-24,V1116,D004,C00054,KARNATAKA,5,63926.0,607400.0,36700.0,613000
S02985,2025-06-16,V1204,D040,C01590,Uttar Pradesh,6,58351.0,1250200.0,87600.0,1212000
S02986,2025-02-24,V1014,D025,C01313,Kerala,6,106356.0,650000.0,89700.0,506000
S02987,2023-03-25,V1171,D031,C00913,Maharashtra,9,79177.0,838800.0,107000.0,750000
S02988,2025-08-03,V1480,D017,C02394,Delhi,6,31716.0,914100.0,92800.0,860000
S02989,2023-06-13,V1222,D011,C00771,Telangana,7,67910.0,1706600.0,18900.0,1713000
S02990,2024-09-20,V1356,D031,C00604,Maharashtra,8,55575.0,2192500.0,198800.0,1991000
S02991,2024-01-11,V1054,D034,C00433,Uttar Pradesh,7,99287.0,828600.0,114500.0,655000
S02992,2022-04-09,V1318,D031,C01874,West Bengal,7,65410.0,980000.0,0.0,1066000
S02993,2022-01-05,V1186,D008,C01743,Karnataka,8,51761.0,1040900.0,45500.0,980000
S02994,2022-09-25,V1372,D019,C02290,Maharashtra,8,29444.0,596000.0,49400.0,599000
S02995,2025-09-27,V1465,D022,C00566,Maharashtra,10,58262.0,1129100.0,0.0,1072000
S02996,2025-10-25,V1266,D037,C01901,Karnataka,6,75826.0,317300.0,8600.0,342000
S02997,2023-08-23,V1052,D031,C00032,Rajasthan,6,76920.0,1035900.0,89400.0,1001000
S02998,2025-11-16,V1239,D029,C02475,Karnataka,6,64594.0,1708700.0,110200.0,1528000
S02999,2022-03-14,V1062,D026,C01642,West Bengal,7,69344.0,1399800.0,24300.0,1227000
S03000,2025-11-14,V1225,D028,C00273,Uttar Pradesh,10,85154.0,1626800.0,120700.0,1476000
S03001,2022-12-04,V1031,D014,C00643,Telangana,7,67573.0,1286600.0,67100.0,1222000
S03002,2022-02-23,V1321,D027,C00686,Tamil Nadu,8,103054.0,1446300.0,254000.0,1159000
S03003,2025-01-12,V1156,D040,C00874,Tamil Nadu,7,62485.0,1770300.0,275400.0,1404000
S03004,2023-07-13,V1101,D038,C01137,West Bengal,9,106902.0,912900.0,81700.0,814000
S03005,2023-03-04,V1009,D032,C01216,Gujarat,7,132219.0,620100.0,14100.0,607000
S03006,2025-01-14,V1445,D005,C01751,Uttar Pradesh,10,81803.0,1174700.0,93400.0,971000
S03007,2023-05-02,V1419,D037,C01782,Karnataka,7,44249.0,769500.0,77300.0,708000
S03008,2025-01-04,V1406,D006,C02494,West Bengal,7,77493.0,1874700.0,136400.0,1781000
S03009,2022-10-13,V1030,D026,C00254,Uttar Pradesh,7,80647.0,443400.0,41200.0,391000
S03010,2022-05-06,V1175,D028,C00971,Karnataka,5,78317.0,895200.0,50900.0,796000
S03011,2023-04-20,V1486,D032,C02200,Kerala,9,68685.0,1248500.0,123100.0,1149000
S03012,2024-06-09,V1290,D013,C00686,Kerala,8,92042.0,403100.0,17600.0,343000
S03013,2022-11-25,V1065,D021,C02088,Uttar Pradesh,7,84571.0,718100.0,51600.0,752000
S03014,2022-07-28,V1071,D039,C01169,Delhi,7,62632.0,1046300.0,95100.0,1003000
S03015,2024-12-30,V1132,D035,C01545,Tamil Nadu,10,18442.0,1190100.0,73000.0,1141000
S03016,2023-12-22,V1487,D015,C00145,West Bengal,5,41815.0,1280800.0,78500.0,1260000
S03017,2023-09-23,V1085,D012,C00475,Uttar Pradesh,8,114220.0,904000.0,123300.0,865000
S03018,2022-12-17,V1452,D003,C00487,Tamil Nadu,8,52803.0,1504100.0,138000.0,1282000
S03019,2022-01-26,V1340,D029,C01787,Maharashtra,8,59042.0,622700.0,74800.0,506000
S03020,2022-03-19,V1461,D010,C01005,Rajasthan,8,102637.0,1012900.0,119300.0,913000
S03021,2024-09-22,V1414,D022,C01898,Uttar Pradesh,8,74986.0,1149300.0,0.0,1163000
S03022,2022-04-27,V1167,D014,C00818,West Bengal,6,89416.0,1055100.0,95600.0,950000
S03023,2022-12-27,V1414,D014,C01906,Karnataka,7,70551.0,710300.0,75700.0,606000
S03024,2025-08-23,V1085,D021,C00322,Uttar Pradesh,10,118239.0,677600.0,21400.0,611000
S03025,2023-05-18,V1146,D010,C01064,Gujarat,8,77041.0,517700.0,36000.0,521000
S03026,2024-12-23,V1106,D007,C01111,Karnataka,7,79026.0,438700.0,44100.0,364000
S03027,2023-05-17,V1067,D011,C00930,West Bengal,9,65904.0,1566600.0,121700.0,1449000
S03028,2025-09-23,V1046,D029,C02485,Karnataka,8,96528.0,864000.0,29900.0,865000
S03029,2025-04-15,V1094,D003,C01020,Delhi,8,104048.0,911700.0,59900.0,805000
S03030,2023-11-18,V1061,D010,C02138,Gujarat,9,79510.0,1337800.0,86900.0,1304000
S03031,2024-09-26,V1191,D020,C02482,West Bengal,8,57653.0,1807200.0,142500.0,1670000
S03032,2023-08-27,V1036,D039,C00175,Tamil Nadu,9,67219.0,1111400.0,59500.0,1031000
S03033,2025-10-11,V1031,D008,C00725,Gujarat,8,82017.0,892100.0,151000.0,698000
S03034,2023-06-08,V1495,D002,C00876,Tamil Nadu,6,60478.0,1301400.0,193800.0,1126000
S03035,2025-05-07,V1044,D024,C01408,West Bengal,7,62238.0,1099400.0,84200.0,1060000
S03036,2024-06-19,V1038,D005,C01979,Delhi,7,80243.0,819800.0,40800.0,801000
S03037,2024-07-29,V1016,D017,C01932,Rajasthan,9,84564.0,1153800.0,69200.0,1094000
S03038,2023-05-29,V1067,D040,C00554,Gujarat,9,53828.0,2569000.0,0.0,2545000
S03039,2025-05-01,V1264,D033,C00152,Maharashtra,4,53749.0,414200.0,22300.0,388000
S03040,2024-12-26,V1414,D011,C01362,West Bengal,7,64299.0,1786700.0,5500.0,1727000
S03041,2025-04-06,V1368,D018,C00416,Tamil Nadu,7,37455.0,433500.0,43800.0,373000
S03042,2025-03-16,V1291,D030,C01059,Uttar Pradesh,8,96296.0,251100.0,32100.0,226000
S03043,2022-08-19,V1043,D008,C01155,West Bengal,8,85409.0,1342700.0,179300.0,1101000
S03044,2025-07-03,V1388,D028,C00793,Maharashtra,6,83884.0,1849400.0,217700.0,1594000
S03045,2025-05-14,V1019,D015,C01625,Telangana,8,106151.0,453800.0,56500.0,391000
S03046,2022-12-21,V1316,D039,C01546,West Bengal,8,46541.0,729200.0,63500.0,617000
S03047,2025-12-05,V1205,D006,C00175,West Bengal,6,103173.0,567500.0,15600.0,604000
S03048,2024-02-09,V1442,D014,C02234,Telangana,6,91352.0,563800.0,49600.0,520000
S03049,2023-04-16,V1154,D037,C02319,Kerala,8,79215.0,1614700.0,121300.0,1506000
S03050,2022-11-23,V1320,D004,C00106,Maharashtra,7,38085.0,1687900.0,34900.0,1701000
S03051,2023-06-17,V1220,D035,C02247,Karnataka,8,58035.0,625700.0,41800.0,554000
S03052,2022-02-24,V1262,D039,C00331,Rajasthan,9,91547.0,376700.0,21700.0,351000
S03053,2024-10-06,V1470,D039,C01697,Delhi,8,63977.0,985000.0,73800.0,892000
S03054,2024-10-31,V1357,D031,C01509,Tamil Nadu,9,73811.0,1091200.0,182200.0,888000
S03055,2024-09-02,V1208,D005,C01882,Gujarat,5,46183.0,1147100.0,64700.0,1115000
S03056,2024-03-13,V1224,D006,C02416,Tamil Nadu,8,46018.0,1323900.0,218500.0,1105000
S03057,2023-06-14,V1353,D040,C01763,Kerala,9,89708.0,1021700.0,93700.0,1027000
S03058,2024-11-23,V1174,D036,C00283,Gujarat,8,95656.0,721700.0,106200.0,639000
S03059,2025-06-27,V1084,D004,C01015,West Bengal,6,67830.0,838300.0,0.0,732000
S03060,2022-05-09,V1234,D025,C00875,Karnataka,9,70056.0,1884400.0,114400.0,1932000
S03061,2023-07-14,V1035,D039,C01678,West Bengal,6,69790.0,917800.0,87100.0,803000
S03062,2025-12-25,V1085,D019,C01659,Kerala,7,103517.0,768800.0,43300.0,707000
S03063,2025-06-13,V1211,D029,C00686,Tamil Nadu,8,75191.0,1585800.0,98700.0,1467000
S03064,2025-12-23,V1399,D032,C02020,Karnataka,5,89591.0,1663800.0,75700.0,1549000
S03065,2022-09-25,V1391,D008,C01492,Telangana,8,91113.0,1232100.0,35800.0,1230000
S03066,2023-11-11,V1131,D019,C02067,Karnataka,4,49926.0,2040800.0,164000.0,1983000
S03067,2022-07-10,V1211,D006,C01394,Uttar Pradesh,8,61039.0,1485800.0,191100.0,1186000
S03068,2025-06-19,V1077,D028,C01913,Uttar Pradesh,9,84662.0,2058100.0,340000.0,1581000
S03069,2024-01-28,V1378,D001,C00417,Karnataka,10,65505.0,467200.0,40100.0,441000
S03070,2022-12-22,V1124,D030,C02084,Maharashtra,8,52363.0,673300.0,11900.0,634000
S03071,2022-05-12,V1400,D022,C00719,Gujarat,6,71893.0,766600.0,51900.0,643000
S03072,2024-12-13,V1422,D037,C01301,Tamil Nadu,10,62212.0,732500.0,57300.0,676000
S03073,2025-04-01,V1345,D018,C00697,Kerala,8,81135.0,931600.0,87700.0,788000
S03074,2025-07-08,V1166,D024,C00142,Karnataka,8,87804.0,998700.0,0.0,953000
S03075,2025-11-20,V1477,D030,C00429,Delhi,10,77975.0,1158100.0,94800.0,1123000
S03076,2025-04-05,V1344,D012,C00195,Delhi,9,54685.0,1293100.0,85300.0,1310000
S03077,2025-02-22,V1323,D010,C01673,Karnataka,8,69044.0,1067300.0,27600.0,989000
S03078,2025-04-01,V1429,D031,C01411,Delhi,9,73496.0,486700.0,37500.0,416000
S03079,2025-12-30,V1441,D010,C00413,Maharashtra,10,74240.0,802200.0,17000.0,859000
S03080,2023-11-08,V1039,D021,C01603,Uttar Pradesh,9,73398.0,1005800.0,10600.0,1038000
S03081,2025-01-13,V1441,D016,C00616,Telangana,6,80435.0,699000.0,74100.0,580000
S03082,2025-04-13,V1383,D031,C02215,Delhi,7,91933.0,564500.0,59500.0,505000
S03083,2022-06-19,V1104,D016,C02486,Gujarat,6,64957.0,781800.0,18400.0,730000
S03084,2024-10-06,V1154,D015,C02291,Delhi,10,96229.0,751700.0,37100.0,687000
S03085,2023-05-11,V1377,D020,C00432,Uttar Pradesh,6,62940.0,467700.0,50000.0,371000
S03086,2022-07-13,V1109,D006,C01018,Kerala,5,104683.0,808200.0,107700.0,658000
S03087,2022-09-06,V1227,D034,C00231,Tamil Nadu,6,72587.0,2117300.0,102700.0,2035000
S03088,2022-06-16,V1345,D018,C01107,Gujarat,7,85560.0,1053200.0,65400.0,1063000
S03089,2025-08-04,V1326,D016,C01415,Uttar Pradesh,8,85878.0,471500.0,61800.0,363000
S03090,2025-02-01,V1455,D024,C00920,Kerala,5,55011.0,1382800.0,64900.0,1440000
S03091,2022-05-30,V1056,D036,C02161,Kerala,6,79160.0,1640400.0,240000.0,1485000
S03092,2024-07-02,V1148,D022,C02161,Kerala,7,80796.0,1687500.0,83600.0,1600000
S03093,2024-08-22,V1493,D006,C01461,Delhi,10,88033.0,1016600.0,74500.0,871000
S03094,2024-01-29,V1285,D006,C01741,West Bengal,4,114855.0,240400.0,20300.0,183000
S03095,2024-06-04,V1125,D036,C02160,West Bengal,10,99729.0,568800.0,28500.0,591000
S03096,2025-08-18,V1145,D008,C00115,Kerala,4,104923.0,438000.0,20700.0,432000
S03097,2024-01-29,V1170,D032,C00632,Tamil Nadu,7,89801.0,346300.0,23800.0,303000
S03098,2024-08-21,V1278,D026,C01288,West Bengal,9,85563.0,294000.0,45500.0,253000
S03099,2024-04-14,V1143,D005,C00468,Kerala,8,72802.0,1970600.0,218300.0,1937000
S03100,2023-08-02,V1311,D033,C00057,Kerala,8,54101.0,2289300.0,118100.0,2102000
S03101,2025-07-25,V1223,D023,C01907,Gujarat,7,51179.0,947800.0,79700.0,871000
S03102,2023-08-28,V1306,D001,C00719,Rajasthan,7,79515.0,1890000.0,108000.0,1824000
S03103,2025-03-14,V1078,D026,C01397,Rajasthan,7,64289.0,1581400.0,44000.0,1424000
S03104,2024-06-03,V1312,D010,C01533,Delhi,4,46789.0,1370200.0,32900.0,1392000
S03105,2024-09-27,V1463,D039,C02129,Karnataka,9,49059.0,1551100.0,28600.0,1443000
S03106,2025-01-15,V1068,D020,C00107,West Bengal,9,38709.0,889900.0,21300.0,869000
S03107,2024-12-11,V1164,D016,C00257,Kerala,9,79829.0,450900.0,22500.0,391000
S03108,2024-04-04,V1347,D039,C00810,Karnataka,7,47714.0,1758100.0,35500.0,1721000
S03109,2024-06-18,V1309,D030,C00524,Gujarat,7,89238.0,1501400.0,88700.0,1364000
S03110,2024-01-14,V1338,D026,C01695,Maharashtra,7,104206.0,798800.0,75000.0,715000
S03111,2023-05-11,V1280,D023,C00309,Uttar Pradesh,8,37988.0,378100.0,31400.0,329000
S03112,2024-11-28,V1342,D019,C02109,Rajasthan,6,64412.0,1996000.0,166500.0,1724000
S03113,2025-07-08,V1305,D009,C01923,Kerala,7,74360.0,1229400.0,154500.0,1174000
S03114,2024-10-27,V1038,D011,C00602,Telangana,8,102566.0,816100.0,18700.0,844000
S03115,2025-02-02,V1376,D011,C01070,Rajasthan,10,50466.0,413700.0,19800.0,402000
S03116,2025-04-28,V1224,D034,C01378,West Bengal,6,60097.0,1047600.0,63300.0,987000
S03117,2023-06-21,V1026,D005,C01518,Tamil Nadu,5,80036.0,960500.0,28200.0,1017000
S03118,2022-04-02,V1205,D024,C02249,Karnataka,6,97364.0,1236000.0,192200.0,1022000
S03119,2023-05-09,V1218,D034,C01348,Maharashtra,7,108689.0,1352400.0,78200.0,1312000
S03120,2025-01-07,V1044,D019,C02457,Kerala,7,74966.0,930200.0,74500.0,848000
S03121,2025-04-06,V1499,D022,C00148,Kerala,8,43702.0,968100.0,49700.0,839000
S03122,2024-01-21,V1112,D021,C02221,West Bengal,6,55159.0,831200.0,81700.0,796000
S03123,2025-02-11,V1166,D036,C02427,Telangana,7,103779.0,641500.0,37900.0,521000
S03124,2022-04-20,V1221,D015,C01921,Telangana,8,85592.0,750900.0,58500.0,676000
S03125,2024-07-30,V1417,D017,C01472,Gujarat,7,87462.0,1486300.0,37200.0,1497000
S03126,2024-09-19,V1372,D023,C00510,Tamil Nadu,7,25840.0,476900.0,43800.0,413000
S03127,2024-01-12,V1386,D037,C02320,Kerala,8,110045.0,1563600.0,254300.0,1570000
S03128,2024-11-12,V1119,D020,C01035,West Bengal,9,65383.0,618500.0,58300.0,658000
S03129,2023-12-20,V1423,D040,C02449,West Bengal,10,66033.0,874700.0,58900.0,866000
S03130,2024-02-05,V1415,D021,C00755,Uttar Pradesh,5,43572.0,627400.0,53700.0,589000
S03131,2024-06-01,V1232,D002,C02141,Maharashtra,6,45815.0,2278700.0,108300.0,2182000
S03132,2025-03-05,V1273,D017,C00929,Maharashtra,8,90045.0,273900.0,44100.0,208000
S03133,2022-12-30,V1019,D004,C02414,Kerala,8,97137.0,680000.0,61200.0,703000
S03134,2023-03-15,V1381,D016,C00240,Kerala,9,109459.0,472800.0,49800.0,373000
S03135,2023-09-04,V1481,D005,C01611,Gujarat,8,94461.0,464400.0,12100.0,433000
S03136,2022-10-22,V1237,D015,C00567,Kerala,6,76731.0,1424500.0,100300.0,1375000
S03137,2023-05-04,V1271,D004,C00104,Tamil Nadu,7,73889.0,297200.0,22200.0,281000
S03138,2023-05-28,V1250,D009,C01870,Gujarat,8,71591.0,1818500.0,123600.0,1637000
S03139,2023-04-05,V1042,D039,C01996,Telangana,6,95979.0,1429000.0,52800.0,1415000
S03140,2023-08-23,V1310,D009,C01382,Maharashtra,10,78168.0,1679500.0,154500.0,1461000
S03141,2024-01-08,V1361,D017,C02058,Maharashtra,6,68055.0,301700.0,17100.0,258000
S03142,2024-10-13,V1464,D023,C01002,Gujarat,7,14549.0,643900.0,51900.0,650000
S03143,2023-03-19,V1465,D011,C01643,Karnataka,8,74890.0,851000.0,66900.0,739000
S03144,2025-05-20,V1246,D037,C01652,Kerala,8,51754.0,1535500.0,66800.0,1531000
S03145,2023-12-02,V1480,D026,C00267,Delhi,7,30572.0,599400.0,0.0,580000
S03146,2024-11-19,V1265,D016,C01516,Maharashtra,8,96896.0,388600.0,23300.0,343000
S03147,2022-06-17,V1322,D027,C01323,Tamil Nadu,8,67999.0,640700.0,18800.0,620000
S03148,2022-09-12,V1301,D011,C01001,Maharashtra,8,70177.0,1046800.0,34400.0,1005000
S03149,2023-10-25,V1500,D028,C00653,Karnataka,8,36795.0,1936400.0,129600.0,1856000
S03150,2023-06-20,V1369,D028,C01773,Rajasthan,7,80530.0,524300.0,20700.0,473000
S03151,2023-12-26,V1061,D039,C00268,Gujarat,7,103592.0,1277200.0,127500.0,1072000
S03152,2022-08-20,V1036,D001,C02332,Karnataka,10,61851.0,1490700.0,128200.0,1381000
S03153,2023-11-23,V1205,D022,C01803,Tamil Nadu,9,79941.0,1031000.0,33400.0,1079000
S03154,2024-09-30,V1258,D033,C00016,Uttar Pradesh,8,62368.0,1179900.0,85500.0,1091000
S03155,2024-11-30,V1335,D001,C02031,West Bengal,7,67565.0,1442700.0,0.0,1492000
S03156,2022-12-29,V1241,D024,C00463,Gujarat,7,68115.0,1115100.0,107700.0,1041000
S03157,2023-05-19,V1258,D040,C02226,Telangana,7,83578.0,2033600.0,256100.0,1707000
S03158,2024-02-07,V1461,D015,C00165,Kerala,10,97531.0,778800.0,53400.0,740000
S03159,2024-01-27,V1168,D014,C01020,Maharashtra,6,96399.0,946200.0,59700.0,821000
S03160,2025-03-02,V1247,D039,C01418,Kerala,5,44774.0,1949200.0,166600.0,1923000
S03161,2023-07-25,V1279,D030,C00058,Uttar Pradesh,7,76047.0,478300.0,0.0,475000
S03162,2024-09-07,V1235,D039,C01919,Karnataka,7,55743.0,2036100.0,104900.0,2009000
S03163,2025-07-15,V1485,D015,C01242,Tamil Nadu,7,96583.0,1667300.0,234500.0,1398000
S03164,2023-03-12,V1482,D010,C00551,West Bengal,6,79457.0,1753800.0,186200.0,1462000
S03165,2025-04-17,V1257,D011,C00605,Delhi,6,76116.0,592300.0,53800.0,537000
S03166,2023-05-02,V1226,D032,C02263,West Bengal,9,74585.0,1521000.0,116900.0,1437000
S03167,2023-05-04,V1295,D010,C00366,Karnataka,7,83736.0,414900.0,61400.0,360000
S03168,2024-08-12,V1091,D007,C00787,Uttar Pradesh,7,95300.0,486200.0,12300.0,482000
S03169,2024-06-27,V1213,D013,C02261,West Bengal,4,100360.0,728400.0,24400.0,779000
S03170,2024-03-13,V1109,D029,C02241,Kerala,8,101571.0,401800.0,100500.0,338000
S03171,2022-12-04,V1073,D025,C00291,Gujarat,8,86104.0,1862200.0,139900.0,1763000
S03172,2022-05-21,V1048,D036,C00439,Kerala,7,58721.0,1920600.0,133400.0,1613000
S03173,2025-08-20,V1294,D006,C01126,Uttar Pradesh,4,99641.0,390900.0,60300.0,336000
S03174,2025-06-30,V1001,D029,C00254,Kerala,7,119163.0,713500.0,72300.0,563000
S03175,2025-07-19,V1324,D019,C01606,Rajasthan,6,51550.0,2255700.0,118000.0,2134000
S03176,2024-01-19,V1216,D017,C00616,Karnataka,10,58543.0,648800.0,11800.0,584000
S03177,2025-07-16,V1184,D036,C02261,West Bengal,8,47541.0,1226700.0,80800.0,1171000
S03178,2023-11-23,V1385,D037,C01113,Karnataka,6,100782.0,839900.0,77600.0,850000
S03179,2022-04-21,V1270,D008,C00280,Uttar Pradesh,8,81140.0,300500.0,47600.0,274000
S03180,2022-10-17,V1367,D037,C00785,Telangana,6,42996.0,429200.0,38600.0,389000
S03181,2023-02-03,V1355,D006,C01117,West Bengal,7,62966.0,1874500.0,32300.0,1969000
S03182,2023-07-05,V1017,D001,C02006,Rajasthan,6,134462.0,476100.0,33800.0,409000
S03183,2025-10-03,V1108,D003,C01982,Tamil Nadu,8,67959.0,1340300.0,120700.0,1297000
S03184,2023-05-02,V1285,D020,C00412,Uttar Pradesh,8,111802.0,409400.0,60200.0,359000
S03185,2024-06-14,V1488,D012,C00780,Delhi,9,43458.0,1317000.0,126400.0,1250000
S03186,2023-01-31,V1078,D016,C02065,West Bengal,9,77960.0,750800.0,62000.0,720000
S03187,2024-07-28,V1053,D030,C02394,Gujarat,5,116309.0,463600.0,38600.0,400000
S03188,2024-04-08,V1471,D014,C01003,Gujarat,5,34938.0,894600.0,23400.0,880000
S03189,2022-08-08,V1484,D001,C00987,Uttar Pradesh,10,36054.0,741900.0,60000.0,671000
S03190,2023-11-07,V1084,D020,C02230,Karnataka,10,71192.0,510900.0,4000.0,487000
S03191,2022-06-03,V1201,D012,C01204,Tamil Nadu,4,102371.0,1290200.0,79600.0,1278000
S03192,2025-07-23,V1314,D026,C01569,Uttar Pradesh,10,77122.0,1877900.0,153100.0,1792000
S03193,2024-10-25,V1098,D034,C01153,Tamil Nadu,10,98618.0,358900.0,33500.0,313000
S03194,2025-10-07,V1164,D031,C00872,Uttar Pradesh,10,60124.0,704100.0,48900.0,621000
S03195,2025-07-03,V1198,D009,C00582,Gujarat,7,81356.0,606200.0,0.0,651000
S03196,2022-11-17,V1321,D018,C02481,Delhi,8,114310.0,998500.0,3000.0,1051000
S03197,2024-10-30,V1155,D027,C02237,Kerala,7,78861.0,1631400.0,17300.0,1451000
S03198,2022-05-27,V1207,D004,C02251,West Bengal,8,80241.0,2062500.0,120600.0,2015000
S03199,2025-11-04,V1145,D012,C02420,Uttar Pradesh,7,96590.0,413500.0,39700.0,366000
S03200,2025-02-21,V1380,D026,C01166,Tamil Nadu,6,32757.0,363900.0,14900.0,352000
S03201,2024-09-21,V1077,D028,C02042,Tamil Nadu,10,96454.0,893900.0,114300.0,719000
S03202,2025-12-24,V1116,D009,C01728,Kerala,6,64615.0,1304800.0,24400.0,1226000
S03203,2025-05-22,V1125,D029,C01480,Kerala,6,84438.0,1583800.0,80500.0,1626000
S03204,2025-06-15,V1453,D020,C00143,Telangana,9,93892.0,1495100.0,213600.0,1158000
S03205,2022-05-27,V1473,D014,C01677,Kerala,7,67429.0,523200.0,39200.0,500000
S03206,2022-02-04,V1251,D029,C01318,Karnataka,7,36929.0,1564900.0,30000.0,1669000
S03207,2025-11-05,V1079,D030,C01421,Kerala,7,57275.0,1902000.0,159800.0,1696000
S03208,2023-01-03,V1379,D030,C00275,Rajasthan,7,53264.0,658600.0,36600.0,583000
S03209,2023-09-15,V1247,D038,C01569,Kerala,9,20871.0,781800.0,37200.0,787000
S03210,2022-03-05,V1425,D019,C00026,Delhi,8,72533.0,917800.0,78100.0,949000
S03211,2024-06-29,V1180,D033,C00821,Kerala,9,64317.0,1264300.0,69300.0,1083000
S03212,2025-04-14,V1500,D017,C00068,Delhi,6,43147.0,2315700.0,130800.0,2059000
S03213,2025-05-14,V1404,D010,C02377,Kerala,9,23211.0,2614200.0,144100.0,2324000
S03214,2024-04-29,V1112,D035,C01862,Uttar Pradesh,6,62388.0,1348700.0,74000.0,1286000
S03215,2024-08-24,V1363,D025,C01601,Karnataka,6,50685.0,689800.0,37200.0,618000
S03216,2024-01-21,V1144,D001,C00068,West Bengal,7,57301.0,1965000.0,164100.0,1697000
S03217,2023-10-14,V1175,D036,C02013,Maharashtra,6,77024.0,558400.0,45900.0,492000
S03218,2024-03-21,V1126,D037,C01395,Karnataka,6,72293.0,526200.0,69800.0,452000
S03219,2025-09-29,V1342,D033,C01141,Delhi,7,64725.0,1289700.0,96700.0,1300000
S03220,2023-01-04,V1132,D026,C00113,Karnataka,7,45864.0,2568300.0,19200.0,2495000
S03221,2023-11-18,V1320,D008,C02394,Rajasthan,8,34728.0,1145300.0,80400.0,1033000
S03222,2024-05-28,V1292,D030,C01688,Uttar Pradesh,8,84644.0,462800.0,36400.0,432000
S03223,2024-04-12,V1376,D012,C00346,Delhi,7,16372.0,492800.0,3100.0,504000
S03224,2022-02-14,V1497,D023,C00451,Uttar Pradesh,8,88887.0,1015700.0,109600.0,831000
S03225,2023-02-24,V1005,D021,C00797,Tamil Nadu,5,117873.0,427700.0,86100.0,261000
S03226,2024-08-01,V1496,D002,C02252,West Bengal,8,55379.0,1014100.0,122100.0,878000
S03227,2024-10-11,V1055,D025,C00240,Maharashtra,6,84795.0,1635900.0,92900.0,1594000
S03228,2024-12-09,V1264,D024,C01269,Karnataka,8,36730.0,337900.0,9600.0,355000
S03229,2025-12-19,V1171,D006,C01543,Karnataka,8,93112.0,651900.0,72000.0,573000
S03230,2024-09-10,V1320,D018,C00752,Tamil Nadu,8,42302.0,973000.0,46500.0,911000
S03231,2024-04-26,V1361,D036,C02133,West Bengal,9,67676.0,323800.0,45000.0,268000
S03232,2023-05-01,V1430,D019,C01222,West Bengal,8,51439.0,486500.0,23200.0,469000
S03233,2023-06-26,V1201,D035,C02380,Rajasthan,7,97953.0,766600.0,5700.0,799000
S03234,2025-04-22,V1467,D025,C01494,Maharashtra,9,50980.0,1511600.0,121200.0,1444000
S03235,2023-11-16,V1162,D034,C00628,Tamil Nadu,6,112931.0,790100.0,45000.0,707000
S03236,2024-11-11,V1102,D033,C01433,Karnataka,4,76402.0,952800.0,94100.0,777000
S03237,2022-07-01,V1190,D010,C02118,Tamil Nadu,9,75721.0,1339800.0,98800.0,1164000
S03238,2022-07-07,V1265,D013,C00635,Delhi,9,97923.0,408100.0,,375000
S03239,2022-11-11,V1335,D014,C02415,Uttar Pradesh,7,61560.0,1976600.0,0.0,1844000
S03240,2022-10-13,V1417,D035,C00518,West Bengal,9,98073.0,1294100.0,66300.0,1099000
S03241,2024-06-05,V1113,D017,C00501,Kerala,6,96946.0,974800.0,107300.0,878000
S03242,2024-07-19,V1152,D025,C02066,Maharashtra,8,48010.0,2255500.0,242400.0,2016000
S03243,2024-03-26,V1470,D040,C02182,Uttar Pradesh,8,63151.0,1028700.0,0.0,1091000
S03244,2023-02-27,V1220,D012,C01815,Kerala,9,44590.0,1696500.0,101300.0,1703000
S03245,2024-04-22,V1121,D004,C00703,Maharashtra,7,92130.0,839500.0,10600.0,864000
S03246,2022-06-24,V1493,D001,C01852,Kerala,8,86810.0,1522300.0,233600.0,1389000
S03247,2023-11-22,V1225,D020,C00625,Telangana,8,88528.0,1585600.0,198800.0,1277000
S03248,2022-08-15,V1493,D009,C02202,Rajasthan,7,105663.0,449100.0,22300.0,428000
S03249,2022-04-23,V1460,D040,C01653,Tamil Nadu,6,28991.0,811100.0,88900.0,725000
S03250,2022-08-30,V1454,D027,C00300,Maharashtra,7,66659.0,1232700.0,0.0,1160000
S03251,2022-06-12,V1291,D018,C02491,Kerala,6,87453.0,314300.0,47800.0,265000
S03252,2023-11-30,V1400,D025,C01947,Uttar Pradesh,10,70131.0,1713000.0,133100.0,1733000
S03253,2024-03-08,V1481,D029,C00887,Delhi,7,85740.0,763100.0,162200.0,556000
S03254,2024-06-06,V1135,D033,C01034,Rajasthan,8,51636.0,610300.0,41300.0,631000
S03255,2023-10-05,V1019,D028,C01635,Delhi,10,95217.0,946600.0,52700.0,860000
S03256,2022-09-15,V1161,D035,C00219,Rajasthan,8,114327.0,797300.0,94500.0,719000
S03257,2022-01-31,V1319,D015,C01059,Uttar Pradesh,8,43626.0,1543700.0,187400.0,1257000
S03258,2024-11-06,V1274,D006,C00656,Maharashtra,9,92048.0,279100.0,16700.0,264000
S03259,2025-12-06,V1041,D017,C01996,Maharashtra,8,111455.0,387400.0,32600.0,297000
S03260,2023-02-15,V1281,D021,C02001,Gujarat,9,115522.0,250000.0,12400.0,217000
S03261,2022-10-27,V1088,D031,C01594,Delhi,6,87805.0,903700.0,83500.0,930000
S03262,2023-04-01,V1253,D039,C00443,Kerala,7,71764.0,1751100.0,178400.0,1568000
S03263,2022-11-10,V1288,D033,C01169,Tamil Nadu,7,68848.0,350800.0,16700.0,356000
S03264,2022-11-23,V1319,D016,C02095,Gujarat,9,40107.0,1526200.0,118200.0,1309000
S03265,2023-12-24,V1207,D001,C02340,Kerala,5,75538.0,903300.0,78600.0,812000
S03266,2025-02-21,V1205,D006,C02379,Uttar Pradesh,9,98671.0,876900.0,133800.0,741000
S03267,2024-11-06,V1340,D023,C02371,Uttar Pradesh,7,48120.0,1257400.0,83500.0,1121000
S03268,2025-11-03,V1375,D039,C01704,Maharashtra,8,54172.0,359700.0,30600.0,347000
S03269,2023-06-07,V1404,D013,C01472,Karnataka,10,58712.0,906400.0,75000.0,878000
S03270,2023-12-21,V1167,D004,C00470,Tamil Nadu,10,93483.0,887600.0,71500.0,903000
S03271,2023-07-10,V1213,D003,C01203,West Bengal,8,106370.0,1363600.0,180400.0,1319000
S03272,2022-03-03,V1166,D034,C00893,West Bengal,9,100315.0,508900.0,13600.0,460000
S03273,2023-07-22,V1264,D018,C00595,West Bengal,6,67261.0,325200.0,18800.0,328000
S03274,2023-01-16,V1064,D017,C02438,Uttar Pradesh,9,53792.0,1576800.0,66200.0,1584000
S03275,2023-12-01,V1216,D025,C00555,Maharashtra,5,62019.0,1776100.0,199800.0,1661000
S03276,2022-08-19,V1095,D021,C01913,Maharashtra,9,89483.0,911800.0,0.0,983000
S03277,2024-12-19,V1267,D016,C00357,Uttar Pradesh,8,77027.0,498900.0,67800.0,438000
S03278,2025-05-16,V1426,D034,C02164,West Bengal,8,42107.0,1230100.0,106300.0,1199000
S03279,2025-11-04,V1493,D008,C01804,Rajasthan,7,88311.0,1553800.0,222400.0,1422000
S03280,2022-05-04,V1224,D033,C02402,Kerala,7,35012.0,748700.0,12200.0,753000
S03281,2022-06-21,V1029,D004,C01581,Rajasthan,8,88326.0,850200.0,61500.0,769000
S03282,2025-11-13,V1114,D034,C00994,Telangana,7,96524.0,1089200.0,107500.0,1056000
S03283,2025-05-24,V1053,D032,C00509,Gujarat,8,114405.0,653500.0,44400.0,530000
S03284,2024-05-09,V1380,D033,C00640,Rajasthan,6,13396.0,702900.0,60000.0,645000
S03285,2023-04-15,V1493,D005,C00134,Kerala,6,82833.0,1270300.0,39800.0,1290000
S03286,2024-01-27,V1277,D036,C01224,Uttar Pradesh,8,100460.0,429700.0,40200.0,412000
S03287,2024-02-22,V1089,D019,C01652,Telangana,7,109994.0,740700.0,65700.0,786000
S03288,2025-05-22,V1011,D001,C01547,West Bengal,8,86757.0,469900.0,89200.0,375000
S03289,2024-02-13,V1489,D004,C01155,Telangana,9,72749.0,1494200.0,220500.0,1282000
S03290,2022-02-10,V1159,D031,C01202,Tamil Nadu,8,72153.0,1543900.0,47300.0,1529000
S03291,2024-10-19,V1057,D034,C01661,Maharashtra,8,120177.0,1009700.0,0.0,918000
S03292,2025-02-09,V1089,D008,C01841,Delhi,10,113630.0,680400.0,30200.0,640000
S03293,2023-03-12,V1128,D012,C01381,Maharashtra,9,48119.0,1069500.0,82400.0,1051000
S03294,2022-06-20,V1328,D038,C02387,West Bengal,6,53697.0,1968100.0,131200.0,1822000
S03295,2022-07-27,V1446,D004,C01710,Telangana,7,67003.0,1413700.0,174200.0,1348000
S03296,2025-05-13,V1138,D022,C02406,Maharashtra,7,68837.0,1432900.0,160500.0,1249000
S03297,2023-10-16,V1344,D034,C02473,Karnataka,7,50611.0,1941800.0,125300.0,1827000
S03298,2024-02-13,V1033,D022,C01024,Tamil Nadu,6,107806.0,397800.0,46100.0,346000
S03299,2025-11-04,V1006,D035,C00777,Maharashtra,7,114099.0,749600.0,82400.0,714000
S03300,2022-03-31,V1028,D003,C00489,Tamil Nadu,8,79526.0,966600.0,46300.0,859000
S03301,2022-10-28,V1462,D038,C00246,Telangana,9,53154.0,1004400.0,35900.0,889000
S03302,2025-05-02,V1291,D010,C00777,Karnataka,7,85950.0,406100.0,75100.0,285000
S03303,2024-02-29,V1403,D014,C01922,Uttar Pradesh,8,53020.0,1739300.0,183500.0,1649000
S03304,2022-02-09,V1011,D014,C00993,Delhi,10,101111.0,1000000.0,147800.0,794000
S03305,2024-10-23,V1012,D007,C02462,Karnataka,6,83075.0,827700.0,0.0,780000
S03306,2022-07-22,V1425,D004,C02305,West Bengal,7,77369.0,515100.0,17200.0,474000
S03307,2025-02-16,V1052,D008,C01513,Telangana,9,57683.0,1718000.0,211800.0,1690000
S03308,2025-03-11,V1078,D010,C01719,Karnataka,7,73455.0,652700.0,61600.0,636000
S03309,2025-04-19,V1260,D006,C02276,Kerala,7,29842.0,2779000.0,290100.0,2160000
S03310,2023-11-11,V1304,D029,C02213,Kerala,9,38713.0,2053200.0,0.0,2038000
S03311,2023-01-27,V1115,D005,C00593,Rajasthan,8,86609.0,750400.0,54700.0,780000
S03312,2025-07-11,V1223,D004,C02414,Delhi,7,44615.0,2290500.0,68700.0,1939000
S03313,2024-03-27,V1338,D020,C02338,West Bengal,8,85895.0,1612600.0,241100.0,1403000
S03314,2024-07-17,V1222,D026,C01604,Tamil Nadu,8,68990.0,831300.0,60800.0,793000
S03315,2022-07-19,V1192,D027,C00884,Gujarat,7,57171.0,1969100.0,173200.0,1758000
S03316,2024-06-29,V1036,D001,C02195,Telangana,8,39007.0,553000.0,0.0,559000
S03317,2024-04-27,V1226,D022,C01974,Delhi,6,80821.0,1853600.0,170200.0,1769000
S03318,2023-03-03,V1402,D030,C01377,Delhi,8,71442.0,994000.0,77000.0,963000
S03319,2025-01-25,V1314,D036,C02089,Rajasthan,8,72520.0,1484600.0,206100.0,1166000
S03320,2022-07-15,V1447,D019,C02492,Gujarat,9,49152.0,1309100.0,246100.0,1018000
S03321,2024-11-17,V1064,D009,C01783,Telangana,8,36368.0,2641100.0,254500.0,2281000
S03322,2025-11-05,V1006,D039,C00700,Telangana,9,97934.0,630900.0,94400.0,436000
S03323,2024-04-08,V1275,D026,C02230,Gujarat,9,77491.0,331300.0,38000.0,288000
S03324,2022-06-03,V1090,D040,C01282,Kerala,9,104805.0,896600.0,92600.0,890000
S03325,2024-03-19,V1297,D033,C01331,Uttar Pradesh,6,129300.0,342000.0,47400.0,322000
S03326,2024-02-12,V1452,D015,C00916,Uttar Pradesh,8,54077.0,1849000.0,93100.0,1646000
S03327,2024-03-17,V1169,D022,C01512,Telangana,9,125430.0,623200.0,72600.0,560000
S03328,2023-02-03,V1275,D022,C01442,Karnataka,5,81130.0,421900.0,39300.0,453000
S03329,2024-07-03,V1341,D038,C02299,Tamil Nadu,7,89718.0,1250200.0,127100.0,1178000
S03330,2023-01-21,V1076,D001,C02134,Rajasthan,7,50611.0,1718600.0,110700.0,1641000
S03331,2024-03-26,V1449,D028,C01020,Telangana,5,84602.0,1322000.0,63000.0,1067000
S03332,2024-05-18,V1102,D012,C00762,Kerala,6,87796.0,1006000.0,142400.0,824000
S03333,2024-08-01,V1405,D040,C00932,Rajasthan,5,89453.0,1238100.0,179300.0,1029000
S03334,2025-03-11,V1330,D028,C00016,Karnataka,8,103672.0,1796300.0,178600.0,1455000
S03335,2025-07-13,V1071,D021,C01998,Delhi,9,55204.0,2529400.0,335700.0,2148000
S03336,2025-02-09,V1363,D020,C02226,Kerala,7,64922.0,687400.0,20500.0,687000
S03337,2025-03-08,V1099,D006,C01364,Gujarat,5,95469.0,896400.0,40700.0,933000
S03338,2025-06-23,V1300,D032,C01164,Gujarat,5,74332.0,451500.0,41700.0,441000
S03339,2022-12-21,V1480,D014,C01002,Uttar Pradesh,8,41711.0,1541000.0,57000.0,1402000
S03340,2023-03-04,V1477,D019,C00929,Karnataka,6,81256.0,1214100.0,104000.0,1183000
S03341,2024-02-18,V1436,D027,C00039,Telangana,9,22524.0,1778300.0,18000.0,1745000
S03342,2023-11-12,V1248,D016,C02208,Tamil Nadu,8,31521.0,2386900.0,230200.0,2155000
S03343,2024-10-22,V1280,D032,C00079,Kerala,8,49874.0,483800.0,30700.0,464000
S03344,2022-01-14,V1151,D038,C01622,Kerala,3,69133.0,1900000.0,161000.0,1611000
S03345,2022-07-23,V1461,D004,C02128,Karnataka,9,76268.0,1306700.0,214300.0,1133000
S03346,2024-12-27,V1239,D029,C00503,Maharashtra,5,63752.0,1609100.0,164400.0,1426000
S03347,2025-04-15,V1386,D035,C01744,Delhi,7,115267.0,1006300.0,95400.0,879000
S03348,2023-03-18,V1180,D022,C00662,Delhi,6,74876.0,1185100.0,62700.0,939000
S03349,2023-03-31,V1371,D013,C01096,Rajasthan,8,39517.0,409200.0,23800.0,401000
S03350,2024-03-31,V1113,D039,C01808,Uttar Pradesh,8,101731.0,455600.0,70000.0,353000
S03351,2023-11-29,V1367,D017,C02288,Maharashtra,7,45798.0,595100.0,0.0,583000
S03352,2022-09-05,V1023,D032,C00024,Telangana,5,71599.0,587400.0,46200.0,535000
S03353,2024-01-02,V1053,D001,C01278,Gujarat,7,106642.0,1409800.0,228700.0,1039000
S03354,2025-04-12,V1177,D035,C02169,Delhi,8,118247.0,342100.0,33100.0,284000
S03355,2024-12-01,V1242,D009,C01917,Karnataka,8,65098.0,1329900.0,149400.0,1170000
S03356,2025-04-09,V1356,D019,C00913,Uttar Pradesh,7,49365.0,2532300.0,119100.0,2360000
S03357,2024-07-29,V1180,D001,C01978,Gujarat,4,82937.0,911300.0,92900.0,768000
S03358,2025-07-05,V1010,D040,C01499,Tamil Nadu,8,125061.0,560800.0,11700.0,573000
S03359,2022-12-31,V1163,D031,C02008,Telangana,8,83302.0,754200.0,53700.0,802000
S03360,2022-03-09,V1220,D012,C00947,Delhi,9,68176.0,602000.0,39400.0,550000
S03361,2022-06-16,V1272,D008,C01052,Gujarat,8,58723.0,552900.0,20200.0,480000
S03362,2025-12-20,V1323,D036,C00338,West Bengal,6,76070.0,749600.0,51700.0,736000
S03363,2024-07-24,V1124,D009,C02403,Telangana,10,44544.0,1089000.0,79000.0,1049000
S03364,2022-12-29,V1306,D038,C01695,Karnataka,10,61735.0,1353500.0,189900.0,1149000
S03365,2025-06-01,V1316,D018,C00416,Kerala,10,47305.0,2542300.0,,2186000
S03366,2023-03-29,V1389,D024,C01600,Karnataka,8,117909.0,698200.0,142500.0,672000
S03367,2024-05-22,V1262,D032,C00824,Uttar Pradesh,9,98378.0,255200.0,26800.0,240000
S03368,2022-12-31,V1406,D003,C01427,Telangana,7,70691.0,864600.0,75600.0,782000
S03369,2022-05-19,V1111,D030,C00179,Gujarat,9,66534.0,641900.0,41500.0,580000
S03370,2023-01-26,V1356,D010,C00409,Delhi,7,49212.0,2288800.0,199700.0,2124000
S03371,2022-11-30,V1023,D018,C00681,West Bengal,10,79910.0,1125100.0,126600.0,938000
S03372,2024-03-18,V1052,D029,C02390,Uttar Pradesh,7,68137.0,1991200.0,36300.0,1951000
S03373,2022-01-31,V1433,D013,C00560,Maharashtra,9,67868.0,1316200.0,7300.0,1135000
S03374,2022-12-17,V1238,D010,C01010,Kerala,6,75637.0,1463000.0,103000.0,1361000
S03375,2024-04-09,V1311,D017,C01026,Tamil Nadu,5,57205.0,785500.0,79300.0,691000
S03376,2023-07-30,V1302,D020,C02310,Karnataka,8,81923.0,1487900.0,96800.0,1577000
S03377,2024-07-18,V1348,D022,C00919,Gujarat,8,47679.0,2479500.0,101300.0,2255000
S03378,2024-08-15,V1123,D001,C01591,Gujarat,8,56772.0,1965200.0,121400.0,1826000
S03379,2025-11-11,V1090,D017,C00944,Tamil Nadu,7,101788.0,515000.0,0.0,553000
S03380,2025-05-06,V1022,D019,C00059,Tamil Nadu,8,74983.0,1051900.0,167900.0,978000
S03381,2022-11-30,V1433,D021,C01735,Kerala,7,55494.0,1109500.0,99300.0,1066000
S03382,2024-10-09,V1112,D011,C01187,Gujarat,6,74364.0,805600.0,31500.0,746000
S03383,2024-07-05,V1288,D034,C01645,West Bengal,7,70416.0,426900.0,34700.0,372000
S03384,2024-05-18,V1228,D032,C02165,Uttar Pradesh,9,43447.0,2078900.0,79500.0,2029000
S03385,2025-03-13,V1082,D014,C00505,Rajasthan,7,125169.0,408300.0,13000.0,311000
S03386,2022-08-04,V1207,D040,C00460,Maharashtra,6,64359.0,2027200.0,63400.0,2080000
S03387,2023-07-03,V1042,D038,C01983,Uttar Pradesh,8,109857.0,498800.0,41000.0,519000
S03388,2025-04-07,V1089,D023,C00384,Kerala,8,114177.0,599000.0,65700.0,570000
S03389,2025-07-27,V1070,D019,C01543,Karnataka,9,74734.0,1323900.0,36800.0,1106000
S03390,2022-02-24,V1413,D001,C01296,Gujarat,9,79857.0,1126700.0,0.0,1093000
S03391,2023-11-20,V1284,D011,C01912,Karnataka,6,74102.0,422100.0,35500.0,411000
S03392,2023-01-21,V1463,D012,C01447,Maharashtra,9,36120.0,1556700.0,0.0,1540000
S03393,2022-09-03,V1218,D033,C01550,Maharashtra,5,81827.0,747600.0,61600.0,691000
S03394,2022-03-25,V1101,D040,C00782,Uttar Pradesh,7,101478.0,435500.0,11300.0,424000
S03395,2024-02-26,V1305,D039,C01241,Maharashtra,5,79183.0,909500.0,,720000
S03396,2024-09-02,V1465,D007,C01815,Karnataka,7,84610.0,1014400.0,92800.0,874000
S03397,2024-02-16,V1267,D023,C00064,Gujarat,3,75294.0,518300.0,53300.0,441000
S03398,2023-06-23,V1009,D018,C01115,Uttar Pradesh,9,133176.0,792300.0,74700.0,724000
S03399,2025-01-31,V1152,D029,C01232,Rajasthan,8,65295.0,982500.0,72900.0,1007000
S03400,2024-08-10,V1463,D014,C01015,Gujarat,8,20328.0,1533800.0,92600.0,1428000
S03401,2025-08-20,V1260,D040,C01007,West Bengal,5,19279.0,2318800.0,72800.0,2322000
S03402,2023-05-23,V1476,D019,C00924,Uttar Pradesh,6,47446.0,595300.0,44200.0,572000
S03403,2022-12-16,V1255,D005,C01971,West Bengal,8,41835.0,2193800.0,227700.0,1969000
S03404,2023-10-28,V1007,D014,C01870,West Bengal,5,110434.0,688500.0,41600.0,671000
S03405,2024-01-11,V1437,D003,C00606,Telangana,7,85850.0,1160200.0,121200.0,1027000
S03406,2023-11-01,V1382,D038,C02378,Telangana,8,116344.0,1134700.0,173000.0,1077000
S03407,2025-05-01,V1358,D031,C00884,Kerala,8,65787.0,1436700.0,121000.0,1332000
S03408,2022-03-08,V1486,D027,C01006,Maharashtra,6,72073.0,1785700.0,34500.0,1675000
S03409,2024-02-11,V1099,D009,C01880,Telangana,9,80359.0,1112200.0,0.0,989000
S03410,2023-09-21,V1453,D017,C01738,Maharashtra,10,94458.0,1795900.0,145100.0,1678000
S03411,2022-11-05,V1117,D007,C01334,Telangana,9,109161.0,454700.0,0.0,463000
S03412,2024-07-25,V1486,D025,C01665,Rajasthan,10,69102.0,688800.0,44300.0,631000
S03413,2025-03-16,V1096,D011,C01250,Delhi,8,90152.0,1248700.0,174300.0,1132000
S03414,2024-03-08,V1276,D003,C00772,Tamil Nadu,9,72574.0,329400.0,28500.0,296000
S03415,2022-05-05,V1395,D030,C00700,Delhi,9,70290.0,549900.0,55200.0,559000
S03416,2022-04-20,V1040,D017,C00107,Maharashtra,8,70622.0,957700.0,40300.0,879000
S03417,2023-09-09,V1034,D027,C00863,Karnataka,5,93579.0,512000.0,40900.0,501000
S03418,2024-09-03,V1425,D008,C00004,Maharashtra,8,72770.0,502900.0,55800.0,484000
S03419,2023-04-04,V1031,D034,C00051,Uttar Pradesh,10,79350.0,1426700.0,58200.0,1472000
S03420,2023-03-28,V1307,D006,C02421,Rajasthan,9,73739.0,830900.0,55800.0,849000
S03421,2025-06-10,V1470,D029,C02334,Delhi,8,53568.0,698400.0,96700.0,580000
S03422,2022-01-22,V1308,D005,C02060,Maharashtra,10,,1037500.0,27900.0,1009000
S03423,2022-04-27,V1241,D017,C00593,Telangana,7,77051.0,1421100.0,71500.0,1374000
S03424,2022-08-16,V1209,D019,C01070,West Bengal,9,103198.0,1040200.0,124300.0,826000
S03425,2025-12-08,V1320,D024,C00026,Uttar Pradesh,8,55435.0,2415300.0,181300.0,2132000
S03426_DUP,2023-12-28,V1286,D011,C02250,Rajasthan,7,108373.0,330800.0,19800.0,302000
S03427,2022-08-20,V1251,D027,C01466,Uttar Pradesh,9,56422.0,2180300.0,31900.0,2178000
S03428,2023-03-30,V1077,D033,C00147,Kerala,7,84349.0,1980700.0,113100.0,1866000
S03429,2025-11-17,V1332,D036,C02158,West Bengal,9,57834.0,2303800.0,115500.0,1949000
S03430,2024-10-11,V1370,D038,C00418,Maharashtra ,10,46454.0,650900.0,70400.0,581000
S03431,2022-11-23,V1355,D026,C01503,Gujarat,8,61610.0,2110900.0,17200.0,2097000
S03432,2022-12-18,V1038,D028,C00006,Uttar Pradesh,8,96651.0,1105700.0,138900.0,1032000
S03433,2022-04-20,V1352,D013,C00159,Uttar Pradesh,8,42649.0,2166300.0,150800.0,1938000
S03434,2025-02-03,V1365,D004,C00009,West Bengal,7,76727.0,321000.0,33200.0,316000
S03435,2022-07-20,V1092,D027,C00963,Kerala,7,69625.0,813100.0,79400.0,683000
S03436,2023-02-23,V1425,D029,C01630,Maharashtra,6,69441.0,442600.0,0.0,441000
S03437,2023-05-24,V1262,D021,C01054,West Bengal,5,81120.0,312000.0,41500.0,307000
S03438,2024-06-26,V1237,D023,C00329,Tamil Nadu,10,84201.0,996500.0,89700.0,922000
S03439,2024-06-04,V1362,D039,C01664,Maharashtra,9,40058.0,373800.0,6500.0,349000
S03440,2025-03-13,V1255,D023,C01272,Tamil Nadu,7,44140.0,2413300.0,188100.0,2256000
S03441,2023-03-11,V1273,D005,C00692,West Bengal,8,99612.0,275300.0,20700.0,294000
S03442,2023-07-18,V1157,D035,C02431,Delhi,9,117553.0,743200.0,59000.0,647000
S03443,2023-07-22,V1464,D038,C01287,Maharashtra,8,28640.0,573900.0,24300.0,598000
S03444,2022-03-10,V1485,D017,C00030,Tamil Nadu,9,99712.0,1480000.0,258500.0,1255000
S03445,2024-12-13,V1066,D001,C01635,West Bengal,6,74377.0,2239700.0,59000.0,1969000
S03446,2024-02-22,V1367,D028,C00674,Tamil Nadu,9,49049.0,441500.0,43300.0,443000
S03447,2023-11-26,V1012,D008,C00803,Tamil Nadu,7,87556.0,702300.0,113400.0,547000
S03448,2025-12-25,V1185,D012,C01743,Karnataka,6,75086.0,1171100.0,86100.0,1188000
S03449,2022-09-19,V1485,D004,C01316,Gujarat,7,77385.0,1130100.0,111000.0,1070000
S03450,2025-11-16,V1088,D032,C02483,Delhi,8,68266.0,1186100.0,33000.0,1241000
S03451,2024-09-21,V1189,D027,C01564,Delhi,9,105487.0,1314900.0,126400.0,1177000
S03452,2022-11-19,V1110,D033,C01073,Rajasthan,7,95196.0,909500.0,74500.0,918000
S03453,2024-09-18,V1365,D007,C00539,Rajasthan,9,72693.0,476400.0,32900.0,444000
S03454,2025-01-09,V1232,D003,C02360,Telangana,7,41388.0,1600700.0,157100.0,1462000
S03455,2023-06-14,V1297,D028,C01869,Gujarat,6,116647.0,340500.0,55500.0,316000
S03456,2023-05-19,V1472,D016,C00218,Maharashtra,7,15547.0,823200.0,38800.0,827000
S03457,2025-05-05,V1261,D005,C02234,West Bengal,5,108123.0,302700.0,6000.0,310000
S03458,2022-08-23,V1368,D023,C02067,Kerala,8,22212.0,657100.0,36100.0,632000
S03459,2022-01-20,V1049,D027,C00037,Delhi,8,106549.0,1458700.0,191300.0,1345000
S03460,2024-08-30,V1108,D007,C02233,Rajasthan,6,62443.0,829800.0,89700.0,725000
S03461,2025-08-17,V1474,D025,C01322,Tamil Nadu,8,66095.0,1136200.0,67700.0,1253000
S03462,2024-01-02,V1430,D035,C00089,Telangana,8,71236.0,1298900.0,9700.0,1318000
S03463,2022-07-17,V1329,D009,C00011,Maharashtra,7,92825.0,564600.0,4600.0,577000
S03464,2024-02-27,V1190,D033,C01197,Rajasthan,8,70098.0,1981200.0,400500.0,1698000
S03465,2023-01-04,V1100,D010,C01235,Uttar Pradesh,8,61355.0,451200.0,27600.0,408000
S03466,2025-04-23,V1426,D009,C00921,Rajasthan,5,62803.0,1336000.0,46200.0,1356000
S03467,2024-06-13,V1393,D001,C00678,Telangana,5,111585.0,384600.0,34800.0,331000
S03468,2023-05-07,V1121,D019,C00634,Tamil Nadu,8,79259.0,1822300.0,160800.0,1619000
S03469,2024-07-01,V1295,D022,C01336,Rajasthan,5,96881.0,363100.0,49100.0,351000
S03470,2024-09-01,V1310,D031,C01817,Tamil Nadu,7,76072.0,683900.0,33500.0,664000
S03471,2024-09-18,V1239,D021,C01849,Maharashtra,10,55890.0,1558000.0,109700.0,1332000
S03472,2023-06-20,V1464,D008,C00163,Maharashtra,6,32876.0,1573900.0,0.0,1616000
S03473,2024-04-13,V1063,D019,C00452,Kerala,7,49456.0,992600.0,51000.0,952000
S03474,2022-03-04,V1129,D003,C00740,Kerala,10,89995.0,1623200.0,88700.0,1579000
S03475,2023-08-13,V1048,D023,C02454,Telangana,7,81363.0,1331800.0,197800.0,974000
S03476,2023-07-07,V1347,D001,C00022,Karnataka,10,34106.0,1069300.0,101900.0,1037000
S03477,2024-02-21,V1323,D019,C01329,Gujarat,10,56692.0,1443100.0,130700.0,1397000
S03478,2025-10-20,V1494,D012,C00994,Telangana,8,66123.0,536600.0,27300.0,510000
S03479,2025-10-25,V1272,D009,C00291,Rajasthan,4,61265.0,344600.0,30200.0,300000
S03480,2023-12-08,V1076,D018,C02011,Tamil Nadu,8,33496.0,1653900.0,105900.0,1568000
S03481,2024-08-02,V1226,D010,C01247,Gujarat,8,80759.0,596300.0,58100.0,553000
S03482,2022-06-08,V1045,D016,C01798,Karnataka,6,117584.0,1468800.0,31500.0,1400000
S03483,2023-12-06,V1336,D019,C00649,Uttar Pradesh,7,44103.0,2106300.0,150400.0,1948000
S03484,2024-10-01,V1338,D031,C00398,Delhi,10,98195.0,1008900.0,184500.0,824000
S03485,2024-09-24,V1429,D003,C00136,Karnataka,7,78931.0,1038300.0,116700.0,963000
S03486,2025-11-08,V1170,D022,C02233,Uttar Pradesh,6,114248.0,713600.0,88100.0,585000
S03487,2023-11-13,V1156,D025,C01344,West Bengal,8,49813.0,1157300.0,144400.0,1000000
S03488,2025-08-19,V1036,D032,C02231,Karnataka,7,58954.0,657800.0,9900.0,652000
S03489,2025-11-30,V1208,D037,C02052,Rajasthan,10,62677.0,845600.0,38800.0,826000
S03490,2024-04-15,V1238,D023,C01860,Uttar Pradesh,8,71955.0,1495000.0,187200.0,1299000
S03491,2022-05-14,V1378,D021,C01130,Gujarat,3,58346.0,428100.0,33900.0,394000
S03492,2023-07-04,V1377,D011,C01300,Delhi,7,59368.0,276100.0,20400.0,239000
S03493,2025-01-22,V1071,D023,C01534,Delhi,10,68284.0,2557200.0,257000.0,2308000
S03494,2024-04-28,V1143,D018,C01758,Uttar Pradesh,6,78553.0,2016800.0,,2052000
S03495,2025-09-29,V1256,D019,C00987,Delhi,6,31269.0,1861900.0,125500.0,1936000
S03496,2025-04-07,V1168,D012,C02356,Tamil Nadu,9,73792.0,1004200.0,120100.0,823000
S03497,2022-04-03,V1013,D026,C01221,Maharashtra,5,142305.0,599000.0,44800.0,502000
S03498,2025-06-12,V1423,D031,C00692,Delhi,9,50839.0,970800.0,94900.0,816000
S03499,2023-06-07,V1366,D014,C01969,Tamil Nadu,6,58433.0,607600.0,0.0,637000
S03500,2025-04-11,V1261,D032,C02145,Uttar Pradesh,7,111766.0,205500.0,8000.0,191000
S03501,2024-01-12,V1159,D016,C01227,Gujarat,8,65985.0,1683800.0,27800.0,1708000
S03502,2023-10-28,V1422,D036,C00210,Rajasthan,7,53356.0,846700.0,94500.0,756000
S03503,2022-04-16,V1018,D008,C00853,Karnataka,9,121414.0,464100.0,0.0,464000
S03504,2022-06-23,V1224,D038,C01579,Gujarat,9,44753.0,1923200.0,192100.0,1746000
S03505,2024-05-19,V1401,D029,C00835,Kerala,7,77124.0,1565200.0,135100.0,1492000
S03506,2024-04-11,V1477,D019,C00032,Maharashtra,7,67170.0,534100.0,46100.0,436000
S03507,2024-03-21,V1126,D039,C02074,Karnataka,5,73911.0,1838900.0,172200.0,1723000
S03508,2022-08-17,V1326,D034,C00147,Gujarat,9,82189.0,1286100.0,22400.0,1344000
S03509,2024-01-16,V1095,D009,C00165,Telangana,7,81779.0,890200.0,6700.0,929000
S03510,2022-03-31,V1058,D006,C00599,Delhi,8,103699.0,1146800.0,28400.0,1161000
S03511,2022-07-30,V1177,D011,C00653,Gujarat,6,104299.0,487300.0,51000.0,434000
S03512,2023-12-30,V1443,D009,C02006,West Bengal,8,68491.0,836800.0,61800.0,749000
S03513,2024-06-20,V1345,D022,C01611,Delhi,8,94138.0,1633400.0,70400.0,1591000
S03514,2024-08-15,V1245,D009,C00459,Gujarat,4,81789.0,835100.0,74500.0,734000
S03515,2025-12-05,V1142,D019,C01765,Kerala,7,78566.0,622200.0,32500.0,546000
S03516,2025-06-01,V1071,D031,C00758,Delhi,8,63300.0,2117800.0,58200.0,2036000
S03517,2023-07-09,V1136,D003,C00973,Karnataka,7,47281.0,1961100.0,149200.0,1687000
S03518,2025-02-17,V1077,D034,C00965,Kerala,6,90973.0,627800.0,0.0,628000
S03519,2022-05-20,V1094,D019,C00880,Uttar Pradesh,9,106399.0,395300.0,7800.0,403000
S03520,2025-06-06,V1344,D005,C01367,Maharashtra,8,52299.0,1718400.0,72700.0,1642000
S03521,2023-07-19,V1067,D024,C00439,Karnataka,9,58953.0,1156800.0,61400.0,1093000
S03522,2025-01-15,V1024,D038,C00990,Uttar Pradesh,10,41876.0,1061900.0,92200.0,1016000
S03523,2025-11-19,V1272,D039,C01872,Tamil Nadu,7,75108.0,311600.0,40400.0,256000
S03524,2024-10-24,V1144,D037,C01170,Kerala,9,48468.0,1544500.0,143500.0,1343000
S03525,2025-09-06,V1228,D031,C01574,Uttar Pradesh,10,47526.0,1906900.0,93300.0,1826000
S03526,2022-01-15,V1070,D025,C01681,Telangana,10,70913.0,2376700.0,242500.0,2413000
S03527,2022-09-07,V1105,D025,C01455,West Bengal,7,86042.0,674100.0,96200.0,643000
S03528,2024-07-03,V1221,D033,C00511,Uttar Pradesh,6,89877.0,979000.0,55300.0,959000
S03529,2024-02-29,V1346,D029,C01845,Karnataka,9,75894.0,570800.0,50100.0,551000
S03530,2022-06-26,V1208,D036,C01581,Uttar Pradesh,10,64023.0,1794700.0,0.0,1729000
S03531,2024-11-15,V1271,D028,C01681,Uttar Pradesh,10,89221.0,514300.0,25400.0,459000
S03532,2022-03-27,V1261,D035,C02245,Rajasthan,6,108181.0,416600.0,74400.0,369000
S03533,2025-12-18,V1135,D025,C01467,Kerala,10,55792.0,1059000.0,106100.0,944000
S03534,2022-08-17,V1140,D008,C00286,Maharashtra,7,37557.0,2202600.0,181400.0,2098000
S03535,2023-10-13,V1213,D028,C01116,Maharashtra,6,103789.0,693600.0,123400.0,645000
S03536,2025-04-17,V1017,D019,C02442,Delhi,6,118243.0,629800.0,26900.0,620000
S03537,2024-01-22,V1343,D023,C02425,Telangana,6,48224.0,2010300.0,69500.0,2049000
S03538,2024-12-22,V1308,D023,C00722,Uttar Pradesh,7,37489.0,829000.0,72000.0,747000
S03539,2024-10-25,V1154,D007,C01620,Delhi,8,107500.0,947200.0,30200.0,945000
S03540,2025-10-18,V1187,D039,C02330,Kerala,10,77824.0,692400.0,55800.0,569000
S03541,2023-11-09,V1165,D013,C02151,Telangana,7,117936.0,822600.0,63300.0,750000
S03542,2025-12-01,V1326,D029,C01002,Delhi,7,72703.0,938100.0,163300.0,829000
S03543,2024-01-25,V1380,D003,C00390,Delhi,7,22196.0,517600.0,45500.0,495000
S03544,2025-07-29,V1055,D039,C00751,West Bengal,8,82885.0,1212600.0,103000.0,1154000
S03545,2024-12-06,V1207,D021,C01069,Gujarat,7,86588.0,1620600.0,180500.0,1440000
S03546,2022-07-14,V1007,D006,C01390,Kerala,8,113009.0,709200.0,17300.0,648000
S03547,2024-07-29,V1227,D017,C00459,Karnataka,10,41730.0,1118000.0,72000.0,1042000
S03548,2025-07-07,V1125,D035,C00033,Telangana,5,100803.0,1218500.0,196900.0,1044000
S03549,2022-07-07,V1168,D005,C00505,Maharashtra,8,81468.0,1108400.0,1400.0,1057000
S03550,2025-05-10,V1229,D020,C01870,Maharashtra,9,91097.0,1050000.0,135900.0,924000
S03551,2022-06-04,V1162,D024,C00106,Telangana,9,90228.0,557300.0,76200.0,462000
S03552,2025-06-26,V1198,D003,C02118,Tamil Nadu,8,79288.0,962700.0,116100.0,782000
S03553,2025-02-26,V1383,D006,C01192,Telangana,6,101101.0,520800.0,79100.0,407000
S03554,2022-08-10,V1406,D014,C02393,Karnataka,6,57566.0,1427900.0,104100.0,1325000
S03555,2024-11-27,V1003,D027,C01196,Karnataka,5,103841.0,718000.0,98400.0,505000
S03556,2022-06-20,V1189,D033,C01520,Telangana,7,75124.0,1399600.0,176200.0,1034000
S03557,2024-04-09,V1424,D036,C00222,West Bengal,8,24822.0,1627200.0,54900.0,1556000
S03558,2025-09-11,V1266,D001,C01477,Maharashtra,7,96003.0,465100.0,16200.0,396000
S03559,2022-10-28,V1103,D025,C00465,Tamil Nadu,7,71139.0,1206400.0,34200.0,1102000
S03560,2022-09-11,V1297,D022,C01455,Kerala,8,111206.0,271400.0,45500.0,236000
S03561,2023-09-10,V1073,D010,C01341,Telangana,6,92354.0,1993800.0,259500.0,1510000
S03562,2023-06-23,V1011,D040,C00496,Delhi,9,113666.0,923700.0,114700.0,841000
S03563,2022-03-12,V1317,D024,C00585,Telangana,6,85751.0,662100.0,74900.0,650000
S03564,2023-10-29,V1258,D008,C02205,Maharashtra,9,50787.0,1058600.0,98500.0,955000
S03565,2023-01-15,V1379,D017,C01212,Rajasthan,9,34327.0,530500.0,5600.0,535000
S03566,2022-07-01,V1173,D033,C00723,Gujarat,9,115898.0,448700.0,89000.0,408000
S03567,2023-02-08,V1428,D030,C01324,Maharashtra,6,27226.0,1386400.0,300.0,1395000
S03568,2022-01-31,V1211,D022,C00807,Uttar Pradesh,7,72875.0,914600.0,118800.0,739000
S03569,2025-08-29,V1370,D033,C01706,West Bengal,8,57723.0,305600.0,12300.0,300000
S03570,2025-12-23,V1051,D008,C01535,Tamil Nadu,8,93792.0,1844300.0,245000.0,1746000
S03571,2023-06-22,V1049,D029,C00561,West Bengal,7,104811.0,1151800.0,75300.0,1072000
S03572,2025-07-04,V1392,D026,C00181,West Bengal,6,79480.0,795600.0,32700.0,731000
S03573,2023-11-06,V1417,D010,C01585,Delhi,9,75688.0,1428900.0,120600.0,1238000
S03574,2025-08-25,V1472,D024,C01177,Gujarat,9,22812.0,1046100.0,35000.0,997000
S03575,2022-09-10,V1163,D003,C01971,Telangana,9,85407.0,781400.0,109500.0,693000
S03576,2023-02-20,V1012,D034,C01763,Kerala,9,96519.0,1045300.0,206800.0,737000
S03577,2024-12-16,V1490,D012,C00943,Gujarat,6,67979.0,1543800.0,143400.0,1339000
S03578,2022-11-18,V1301,D010,C00382,Rajasthan,9,91066.0,963500.0,74900.0,853000
S03579,2025-04-18,V1124,D028,C00052,Maharashtra,8,33818.0,1753700.0,103600.0,1563000
S03580,2023-09-15,V1382,D038,C01447,Rajasthan,7,79685.0,1342200.0,0.0,1426000
S03581,2023-08-14,V1452,D036,C02146,Rajasthan,9,37747.0,2294200.0,93100.0,2117000
S03582,2023-10-25,V1143,D017,C02235,Tamil Nadu,8,55825.0,1378400.0,69300.0,1346000
S03583,2025-03-11,V1385,D023,C02289,Rajasthan,7,124488.0,448800.0,68400.0,386000
S03584,2022-01-09,V1394,D023,C01003,Kerala,8,105355.0,1131400.0,148000.0,989000
S03585,2025-01-01,V1251,D030,C00760,Kerala,10,34608.0,1056500.0,58800.0,1031000
S03586,2025-02-12,V1317,D007,C00970,Maharashtra,8,85369.0,1076100.0,62300.0,1174000
S03587,2025-04-14,V1135,D003,C00853,West Bengal,6,59181.0,1635100.0,88400.0,1635000
S03588,2025-12-27,V1465,D028,C02406,Telangana,6,72210.0,1242400.0,12500.0,1203000
S03589,2025-02-16,V1492,D023,C01299,Rajasthan,8,34133.0,1200900.0,80000.0,1106000
S03590,2024-02-12,V1491,D014,C01069,Uttar Pradesh,8,62607.0,1005300.0,48200.0,1016000
S03591,2023-11-12,V1369,D015,C00549,Uttar Pradesh,9,68165.0,505500.0,9600.0,484000
S03592,2023-07-22,V1022,D040,C01132,Tamil Nadu,7,85491.0,1073800.0,74600.0,1068000
S03593,2025-04-23,V1184,D017,C01041,Telangana,9,43769.0,1602600.0,76800.0,1554000
S03594,2023-07-28,V1223,D019,C02268,Kerala,7,54216.0,1939600.0,80900.0,1795000
S03595,2024-04-16,V1480,D033,C00869,Gujarat,9,30179.0,1263800.0,25600.0,1248000
S03596,2022-05-21,V1274,D005,C02198,Tamil Nadu,9,99901.0,376900.0,1100.0,364000
S03597,2023-04-09,V1269,D007,C02394,Uttar Pradesh,7,89663.0,420900.0,94200.0,303000
S03598,2023-01-24,V1074,D013,C01430,Uttar Pradesh,8,64975.0,1714100.0,93900.0,1625000
S03599,2023-09-28,V1397,D019,C01401,Gujarat,7,113944.0,522800.0,78600.0,516000
S03600,2024-01-04,V1169,D028,C00302,Telangana,5,99599.0,772600.0,144600.0,722000
S03601,2024-11-12,V1046,D019,C01604,Maharashtra,5,108358.0,534900.0,53600.0,416000
S03602,2023-09-23,V1494,D039,C00998,Telangana,6,75533.0,768200.0,37500.0,622000
S03603,2022-08-08,V1096,D020,C01760,Delhi,7,74969.0,605900.0,57100.0,566000
S03604,2024-03-07,V1009,D017,C01414,Maharashtra ,8,126630.0,744900.0,31700.0,787000
S03605,2022-03-21,V1039,D031,C01846,Uttar Pradesh,6,79318.0,1184000.0,11900.0,1119000
S03606,2025-05-25,V1227,D026,C01783,Delhi,10,49823.0,2371300.0,178600.0,2442000
S03607,2025-01-30,V1052,D028,C01637,Kerala,7,88673.0,1678500.0,128400.0,1518000
S03608,2022-11-26,V1422,D011,C02492,Uttar Pradesh,8,41730.0,1360900.0,50700.0,1361000
S03609,2023-01-20,V1257,D030,C02324,Kerala,8,76121.0,973600.0,111900.0,781000
S03610,2022-02-10,V1162,D026,C00861,Kerala,4,90183.0,427100.0,43600.0,418000
S03611,2023-06-17,V1002,D017,C01175,Tamil Nadu,8,113047.0,429600.0,66700.0,355000
S03612,2022-02-25,V1240,D039,C01432,Kerala,6,47061.0,2539200.0,128400.0,2486000
S03613,2025-09-30,V1076,D014,C00148,Tamil Nadu,9,34973.0,850200.0,52800.0,846000
S03614,2022-07-16,V1490,D023,C01268,Maharashtra,7,58322.0,1057900.0,65900.0,1101000
S03615,2024-08-21,V1146,D031,C02413,Karnataka,6,82877.0,1371800.0,238900.0,1211000
S03616,2024-04-13,V1238,D034,C00465,Uttar Pradesh,6,66234.0,1359400.0,73900.0,1231000
S03617,2022-12-13,V1010,D013,C00675,Maharashtra,8,126978.0,416000.0,49400.0,344000
S03618,2025-03-26,V1066,D010,C00873,Maharashtra,8,81664.0,1459100.0,113800.0,1312000
S03619,2022-06-09,V1104,D034,C01505,Kerala,8,60620.0,926000.0,61800.0,842000
S03620,2025-07-19,V1026,D018,C00396,Delhi,7,102460.0,1134900.0,95100.0,853000
S03621,2024-12-17,V1363,D033,C01979,Karnataka,7,30680.0,646800.0,49100.0,589000
S03622,2024-07-16,V1473,D016,C02343,Rajasthan,7,70482.0,532000.0,39900.0,503000
S03623,2025-07-09,V1493,D011,C00314,Maharashtra,7,89143.0,1761800.0,357900.0,1399000
S03624,2023-08-12,V1133,D027,C00238,Delhi,7,91801.0,661400.0,77500.0,598000
S03625,2023-02-16,V1395,D040,C02315,Kerala,8,87120.0,730800.0,66600.0,647000
S03626,2022-08-14,V1253,D004,C02301,West Bengal,8,71333.0,950700.0,70700.0,840000
S03627,2025-09-12,V1023,D007,C02195,West Bengal,7,80294.0,1218500.0,125400.0,983000
S03628,2023-08-10,V1046,D038,C01681,Tamil Nadu,3,103274.0,1102600.0,160200.0,933000
S03629,2025-04-26,V1274,D007,C01399,Maharashtra,9,82220.0,264200.0,19100.0,211000
S03630,2023-05-01,V1212,D030,C00604,Rajasthan,9,57367.0,1337700.0,36200.0,1388000
S03631,2025-10-27,V1005,D037,C01441,Uttar Pradesh,6,132237.0,463400.0,43700.0,369000
S03632,2025-06-25,V1466,D025,C00768,West Bengal,9,73885.0,586200.0,16200.0,538000
S03633,2023-03-27,V1366,D015,C01364,Telangana,7,48820.0,391000.0,26500.0,362000
S03634,2023-12-13,V1252,D016,C02467,Telangana,8,43236.0,1407000.0,78800.0,1388000
S03635,2025-03-06,V1494,D012,C00882,Uttar Pradesh,6,70281.0,804600.0,53500.0,774000
S03636,2022-11-27,V1486,D020,C02461,West Bengal,8,73512.0,1942100.0,221200.0,1698000
S03637,2022-02-04,V1487,D028,C01067,Gujarat,7,61061.0,2182300.0,333600.0,1934000
S03638,2023-02-26,V1130,D020,C01205,Maharashtra,8,80694.0,1689500.0,132700.0,1553000
S03639,2024-05-12,V1441,D014,C02071,Karnataka,6,95995.0,705500.0,112600.0,685000
S03640,2022-07-19,V1253,D022,C02357,Gujarat,6,63478.0,625700.0,34200.0,624000
S03641,2023-05-03,V1364,D013,C00401,Delhi,10,31565.0,458200.0,41700.0,390000
S03642,2025-09-04,V1430,D001,C01476,Karnataka,10,49010.0,1265500.0,58200.0,3846400
S03643,2022-04-20,V1082,D030,C02366,Maharashtra,7,99290.0,628200.0,113000.0,465000
S03644,2022-03-15,V1225,D004,C02400,Gujarat,8,92183.0,498000.0,52100.0,449000
S03645,2023-09-12,V1065,D024,C01544,Karnataka,7,87257.0,1981300.0,187300.0,1908000
S03646,2022-01-19,V1140,D010,C00818,West Bengal,5,56832.0,1821400.0,116500.0,1678000
S03647,2022-02-10,V1207,D002,C00691,Karnataka,6,83191.0,1294000.0,134600.0,1220000
S03648,2022-09-25,V1428,D023,C00392,West Bengal,8,36199.0,651900.0,46000.0,584000
S03649,2022-05-30,V1432,D029,C02170,Kerala,7,30419.0,1732200.0,33700.0,1626000
S03650,2025-03-30,V1195,D034,C00889,Telangana,8,63802.0,1449000.0,88700.0,1334000
S03651,2022-06-29,V1165,D031,C00128,Gujarat,9,108441.0,437300.0,54900.0,355000
S03652,2024-02-04,V1266,D020,C00721,Delhi,10,91945.0,302600.0,18700.0,285000
S03653,2024-10-27,V1456,D018,C01122,Gujarat,8,40539.0,924800.0,26900.0,888000
S03654,2024-07-03,V1489,D025,C00410,West Bengal,6,75461.0,1638200.0,275000.0,1408000
S03655,2024-08-13,V1114,D023,C00319,Maharashtra,8,97582.0,469300.0,49100.0,471000
S03656,2023-06-07,V1094,D039,C01362,Karnataka,6,101884.0,624400.0,0.0,618000
S03657,2025-07-22,V1354,D030,C00455,Delhi,7,77107.0,2002800.0,77100.0,2145000
S03658,2022-04-11,V1151,D023,C00697,Delhi,9,75822.0,1633400.0,53500.0,1791000
S03659,2022-06-06,V1100,D033,C00010,Tamil Nadu,8,70517.0,1154700.0,86900.0,987000
S03660,2025-06-04,V1016,D013,C00865,Kerala,8,82710.0,491900.0,35200.0,483000
S03661,2022-04-10,V1202,D012,C01226,Delhi,6,79594.0,1684900.0,157200.0,1601000
S03662,2022-10-08,V1196,D008,C02432,Tamil Nadu,5,45071.0,1350800.0,140300.0,1086000
S03663,2022-09-11,V1282,D040,C00711,Maharashtra,5,102745.0,237000.0,35300.0,196000
S03664,2022-02-18,V1101,D015,C01408,Kerala,10,112881.0,548300.0,54500.0,506000
S03665,2022-06-20,V1358,D015,C00253,Telangana,8,68862.0,767500.0,13400.0,813000
S03666,2024-04-16,V1341,D040,C00777,Tamil Nadu,9,95313.0,833400.0,43200.0,844000
S03667,2024-08-24,V1232,D017,C02240,West Bengal,6,5186.0,1686600.0,59200.0,1671000
S03668,2022-05-02,V1091,D009,C00494,Uttar Pradesh,7,83139.0,621100.0,0.0,557000
S03669,2025-10-08,V1254,D027,C00173,Kerala,7,53191.0,1990000.0,86100.0,1822000
S03670,2022-05-20,V1338,D031,C00926,Uttar Pradesh,4,91794.0,1236200.0,80400.0,1132000
S03671,2024-09-30,V1187,D005,C00030,Tamil Nadu,8,48838.0,2187200.0,149400.0,1857000
S03672,2025-03-15,V1132,D006,C01716,Telangana,6,38739.0,784300.0,31100.0,744000
S03673,2024-01-31,V1254,D015,C02450,Kerala,6,57559.0,1618400.0,101600.0,1564000
S03674,2023-12-20,V1178,D003,C00385,Telangana,8,101411.0,820100.0,69300.0,828000
S03675,2022-06-09,V1201,D035,C01063,Karnataka,8,109147.0,546000.0,33200.0,476000
S03676,2022-12-19,V1175,D029,C00207,Rajasthan,8,86380.0,381600.0,26000.0,397000
S03677,2025-05-27,V1152,D006,C01039,West Bengal,8,70387.0,1514500.0,68500.0,1370000
S03678,2023-05-25,V1359,D033,C01082,West Bengal,9,51406.0,1557600.0,22500.0,1488000
S03679,2022-02-20,V1231,D023,C00637,Gujarat,5,59298.0,1099400.0,52100.0,945000
S03680,2024-12-01,V1234,D014,C01398,Maharashtra,8,77774.0,698300.0,51900.0,622000
S03681,2024-09-25,V1327,D006,C00617,Rajasthan,9,59102.0,1302400.0,29600.0,1183000
S03682,2022-04-07,V1181,D035,C01242,Rajasthan,8,88321.0,584800.0,36700.0,594000
S03683,2022-03-16,V1051,D007,C02181,Delhi,6,72197.0,596400.0,86500.0,567000
S03684,2022-06-20,V1427,D031,C01872,Maharashtra,6,34600.0,1143000.0,68800.0,1150000
S03685,2022-03-16,V1028,D039,C01033,Maharashtra,4,47497.0,1366100.0,158500.0,1225000
S03686,2024-06-19,V1286,D037,C01283,West Bengal,6,120148.0,415700.0,81900.0,307000
S03687,2022-07-13,V1133,D010,C00139,Maharashtra,7,92653.0,978900.0,124300.0,778000
S03688,2024-06-05,V1107,D012,C02088,Gujarat,7,80802.0,940200.0,0.0,981000
S03689,2022-09-15,V1021,D007,C00118,Rajasthan,9,94271.0,1052500.0,48000.0,975000
S03690,2025-11-21,V1451,D009,C01802,Delhi,8,62166.0,1706400.0,62200.0,1560000
S03691,2024-11-26,V1215,D026,C00661,Rajasthan,7,66134.0,1952900.0,175100.0,1669000
S03692,2023-07-02,V1172,D036,C00410,Telangana,9,60669.0,767600.0,0.0,741000
S03693,2023-09-19,V1371,D040,C01664,Uttar Pradesh,10,48537.0,673000.0,54700.0,609000
S03694,2022-04-06,V1020,D007,C01261,Karnataka,8,86671.0,896500.0,78100.0,905000
S03695,2022-03-22,V1283,D008,C01817,West Bengal,8,91401.0,418200.0,32800.0,384000
S03696,2024-02-25,V1248,D021,C00306,Tamil Nadu,7,22976.0,2722800.0,234600.0,2671000
S03697,2022-02-03,V1277,D004,C01908,Rajasthan,7,105679.0,203300.0,21400.0,176000
S03698,2024-07-21,V1062,D039,C00574,Delhi,6,74817.0,2022000.0,198700.0,1876000
S03699,2023-07-13,V1477,D033,C00839,Gujarat,8,84814.0,644700.0,0.0,604000
S03700,2022-07-23,V1120,D038,C00253,Maharashtra,7,50929.0,925500.0,84800.0,885000
S03701,2024-02-22,V1340,D018,C01498,Karnataka,5,58682.0,1086400.0,131300.0,1012000
S03702,2024-03-18,V1374,D018,C00971,West Bengal,7,63356.0,365800.0,42800.0,308000
S03703,2024-12-26,V1172,D038,C00668,Karnataka,8,71536.0,974000.0,66500.0,788000
S03704,2022-10-16,V1066,D027,C02335,West Bengal,8,42100.0,579800.0,55300.0,531000
S03705,2024-03-10,V1149,D040,C02379,West Bengal,8,103055.0,406100.0,46200.0,375000
S03706,2025-05-19,V1404,D003,C00121,Tamil Nadu,7,58736.0,2525700.0,141100.0,2496000
S03707,2023-01-30,V1454,D027,C01717,Tamil Nadu,9,77165.0,1543800.0,16900.0,1542000
S03708,2025-05-05,V1469,D024,C02168,West Bengal,10,75717.0,993000.0,54200.0,957000
S03709,2024-11-22,V1114,D014,C00827,Karnataka,9,89740.0,949700.0,124500.0,795000
S03710,2023-09-20,V1304,D004,C02268,Karnataka,7,48173.0,1636000.0,100700.0,1572000
S03711,2025-07-14,V1076,D001,C00474,Uttar Pradesh,9,39840.0,1184400.0,91300.0,1149000
S03712,2025-11-13,V1356,D026,C01885,West Bengal,9,29989.0,913300.0,25800.0,876000
S03713,2022-12-13,V1208,D009,C01773,Telangana,7,58783.0,831100.0,54500.0,823000
S03714,2025-12-02,V1357,D031,C02397,Delhi,7,86731.0,857800.0,177300.0,597000
S03715,2022-01-04,V1343,D013,C00360,Telangana,8,60067.0,1836400.0,83800.0,1838000
S03716,2022-07-08,V1497,D030,C01287,West Bengal,4,93170.0,690800.0,17400.0,685000
S03717,2022-03-05,V1245,D030,C01432,Rajasthan,6,81774.0,1282400.0,27800.0,1312000
S03718,2023-06-22,V1171,D011,C00017,West Bengal,10,72431.0,677400.0,34400.0,620000
S03719,2025-09-30,V1264,D014,C01947,Maharashtra,9,60697.0,479500.0,10600.0,423000
S03720,2024-05-27,V1082,D015,C00371,Uttar Pradesh,9,88735.0,957900.0,76700.0,938000
S03721,2024-06-19,V1056,D038,C02093,Kerala,6,79937.0,1481300.0,138600.0,1403000
S03722,2022-05-04,V1260,D017,C00616,Gujarat,7,34631.0,2503200.0,0.0,2422000
S03723,2024-01-25,V1413,D027,C00951,West Bengal,8,79584.0,1052000.0,35200.0,998000
S03724,2023-07-14,V1267,D004,C00828,Maharashtra,8,73091.0,370200.0,39500.0,302000
S03725,2023-12-02,V1391,D012,C01947,Telangana,8,75190.0,1022000.0,0.0,1083000
S03726,2023-01-17,V1089,D032,C00157,Rajasthan,7,110669.0,630100.0,63500.0,596000
S03727,2022-10-22,V1225,D021,C01996,Maharashtra,8,93067.0,1696800.0,53200.0,1640000
S03728,2025-10-22,V1307,D036,C01896,Telangana,8,77478.0,776400.0,58300.0,711000
S03729,2024-03-26,V1174,D016,C01093,Kerala,8,92572.0,841800.0,72300.0,723000
S03730,2023-08-25,V1008,D014,C01450,Karnataka,5,90890.0,846400.0,58000.0,683000
S03731,2022-04-18,V1037,D029,C00998,Karnataka,7,107720.0,914900.0,161000.0,640000
S03732,2025-01-19,V1464,D023,C00613,Delhi,9,52054.0,950800.0,37200.0,929000
S03733,2023-11-22,V1303,D011,C01084,West Bengal,7,40050.0,1394100.0,67000.0,1219000
S03734,2023-07-19,V1133,D013,C00889,Uttar Pradesh,9,81566.0,1288600.0,82600.0,1123000
S03735,2024-09-01,V1130,D012,C01849,Tamil Nadu,7,55273.0,921200.0,167200.0,861000
S03736,2022-07-12,V1020,D030,C02041,Karnataka,8,78955.0,741600.0,28500.0,785000
S03737,2024-02-19,V1473,D011,C00742,Karnataka,9,67334.0,874300.0,0.0,817000
S03738,2025-06-15,V1055,D036,C01522,Kerala,9,84866.0,1537400.0,96100.0,1567000
S03739,2023-11-09,V1380,D040,C00071,Kerala,8,24722.0,642000.0,12500.0,690000
S03740,2022-01-01,V1121,D017,C01842,Karnataka,9,76147.0,1478400.0,241000.0,1412000
S03741,2022-12-02,V1168,D031,C01108,Maharashtra,7,72072.0,645700.0,60100.0,589000
S03742,2022-03-23,V1137,D013,C01832,Kerala,7,80287.0,1275400.0,132000.0,1180000
S03743,2024-01-01,V1413,D018,C02149,Maharashtra,4,80918.0,547300.0,31600.0,527000
S03744,2023-06-17,V1017,D022,C00719,Maharashtra,10,122211.0,438600.0,70100.0,382000
S03745,2022-07-13,V1177,D011,C00574,Karnataka,3,118912.0,712100.0,31400.0,689000
S03746,2024-09-30,V1140,D025,C00481,Uttar Pradesh,6,55136.0,1149200.0,31400.0,1173000
S03747,2022-09-16,V1137,D005,C01700,Tamil Nadu,9,96612.0,1555000.0,90600.0,1494000
S03748,2023-05-15,V1097,D023,C01667,Maharashtra,9,126185.0,873100.0,65400.0,757000
S03749,2025-12-14,V1457,D039,C00730,Delhi,8,78747.0,705700.0,31900.0,699000
S03750,2022-04-07,V1190,D037,C02129,Rajasthan,9,68464.0,1715300.0,273200.0,1429000
S03751,2022-12-28,V1210,D006,C00331,Telangana,8,118289.0,1724800.0,118500.0,1752000
S03752,2023-04-10,V1193,D039,C00016,Gujarat,10,90069.0,1525100.0,108400.0,1506000
S03753,2024-01-14,V1491,D020,C01017,Tamil Nadu,4,74434.0,1951000.0,119500.0,1767000
S03754,2022-12-24,V1170,D040,C01014,Telangana,8,98488.0,426600.0,12800.0,443000
S03755,2025-11-18,V1171,D025,C01307,Kerala,7,87873.0,694000.0,74600.0,711000
S03756,2022-01-08,V1164,D002,C00807,Telangana,6,57000.0,866100.0,71300.0,822000
S03757,2025-10-17,V1164,D016,C00076,Uttar Pradesh,6,74771.0,528900.0,44300.0,499000
S03758,2024-02-21,V1045,D015,C00693,Karnataka,8,120325.0,1431200.0,4800.0,1549000
S03759,2022-02-25,V1303,D005,C00046,Rajasthan,6,76808.0,1881200.0,0.0,2030000
S03760,2022-06-20,V1013,D004,C00700,Uttar Pradesh,8,109275.0,945100.0,75300.0,911000
S03761,2022-05-31,V1113,D025,C01036,Delhi,4,114631.0,327400.0,43000.0,226000
S03762,2023-02-25,V1102,D012,C00507,Kerala,6,81512.0,673400.0,48000.0,642000
S03763,2023-05-02,V1146,D029,C02120,Maharashtra,8,91391.0,1308100.0,122000.0,1151000
S03764,2024-07-25,V1379,D015,C00658,Kerala,7,50446.0,632900.0,66200.0,542000
S03765,2023-03-31,V1300,D008,C00568,Karnataka,6,54995.0,491600.0,20500.0,483000
S03766,2024-11-25,V1496,D014,C01868,Karnataka,8,37662.0,1410900.0,50900.0,1382000
S03767,2023-03-06,V1176,D035,C00448,Tamil Nadu,7,75402.0,1140000.0,13700.0,1118000
S03768,2023-01-20,V1465,D022,C01424,Delhi,7,87521.0,682000.0,49600.0,671000
S03769,2023-02-07,V1023,D001,C01421,West Bengal,6,71553.0,462300.0,24900.0,422000
S03770,2023-04-26,V1253,D034,C02139,Telangana,6,70211.0,577500.0,25400.0,528000
S03771,2025-05-08,V1400,D008,C02062,Tamil Nadu,8,62458.0,757100.0,30700.0,817000
S03772,2022-12-27,V1266,D035,C00883,Kerala,6,89194.0,369200.0,30500.0,352000
S03773,2023-02-04,V1467,D020,C01522,Karnataka,9,23536.0,826700.0,13000.0,782000
S03774,2025-10-30,V1158,D029,C00744,Tamil Nadu,9,86205.0,506000.0,37600.0,456000
S03775,2024-08-13,V1017,D016,C00480,Uttar Pradesh,9,119590.0,747600.0,146400.0,561000
S03776,2022-10-06,V1387,D012,C01915,Telangana,7,83883.0,668800.0,95100.0,546000
S03777,2025-06-22,V1035,D014,C01385,Tamil Nadu,5,68372.0,1387300.0,168600.0,1263000
S03778,2022-09-25,V1383,D010,C00452,Karnataka,7,107451.0,1327500.0,165700.0,1160000
S03779,2022-08-25,V1367,D040,C01311,Gujarat,9,35793.0,434600.0,45700.0,362000
S03780,2023-10-13,V1423,D013,C01798,Kerala,9,28088.0,1516000.0,82200.0,1332000
S03781,2024-10-06,V1240,D005,C01266,Karnataka,8,39664.0,1603300.0,137200.0,1559000
S03782,2022-10-04,V1448,D025,C01778,Maharashtra,10,35201.0,2375700.0,253000.0,2119000
S03783,2025-01-05,V1085,D006,C00396,West Bengal,7,103336.0,559700.0,22900.0,612000
S03784,2022-08-17,V1218,D014,C01821,Kerala,6,71850.0,1083100.0,145000.0,968000
S03785,2025-02-16,V1061,D016,C01306,West Bengal,9,85404.0,995500.0,76200.0,880000
S03786,2022-05-21,V1384,D037,C02139,Kerala,8,81100.0,1833700.0,131100.0,1815000
S03787,2023-11-10,V1358,D027,C00420,Maharashtra,7,72181.0,1566700.0,141600.0,1382000
S03788,2024-07-24,V1404,D006,C01916,Karnataka,7,53118.0,1840900.0,58200.0,1932000
S03789,2023-01-24,V1383,D033,C02453,Rajasthan,5,97049.0,778800.0,119300.0,596000
S03790,2024-06-13,V1155,D025,C00087,Kerala,7,84526.0,1338200.0,115500.0,1296000
S03791,2024-10-03,V1035,D019,C00178,West Bengal,7,62499.0,862600.0,54500.0,906000
S03792,2024-08-07,V1465,D040,C01214,Kerala,8,79973.0,866200.0,82700.0,805000
S03793,2023-08-03,V1247,D016,C02228,Delhi,4,52643.0,1929800.0,128500.0,1880000
S03794,2025-02-03,V1048,D038,C00262,West Bengal,8,76142.0,710900.0,109000.0,627000
S03795,2024-12-04,V1464,D014,C00694,Kerala,8,40337.0,1519000.0,50200.0,1615000
S03796,2023-04-22,V1498,D012,C01135,Rajasthan,9,68487.0,1495800.0,65000.0,1403000
S03797,2024-12-07,V1223,D030,C01352,West Bengal,6,53226.0,1474600.0,179800.0,1276000
S03798,2025-09-03,V1386,D038,C00548,Maharashtra,9,93828.0,534400.0,41700.0,555000
S03799,2025-04-08,V1019,D035,C01942,Kerala,9,110301.0,625200.0,109600.0,590000
S03800,2024-12-07,V1047,D009,C00041,Uttar Pradesh,8,86522.0,519400.0,19400.0,515000
S03801,2025-01-24,V1139,D006,C01175,Kerala,8,59037.0,1917500.0,189100.0,1800000
S03802,2025-03-21,V1329,D037,C01752,Maharashtra,8,103013.0,1315600.0,38600.0,1157000
S03803,2023-02-27,V1067,D038,C00493,Rajasthan,7,52172.0,2286400.0,129100.0,2294000
S03804,2024-11-19,V1018,D022,C01868,Telangana,7,120189.0,744600.0,66400.0,624000
S03805,2022-10-19,V1335,D020,C01871,Maharashtra,8,44583.0,882300.0,98800.0,815000
S03806,2023-06-08,V1386,D040,C01862,Uttar Pradesh,7,121053.0,798000.0,26800.0,653000
S03807,2025-09-27,V1370,D006,C00407,Rajasthan,5,45801.0,427000.0,38600.0,368000
S03808,2023-02-18,V1400,D040,C02402,Kerala,8,71145.0,1884000.0,212100.0,1610000
S03809,2025-05-17,V1402,D019,C02020,Tamil Nadu,7,80436.0,1270900.0,97200.0,1234000
S03810,2023-09-10,V1302,D034,C02388,Maharashtra,8,72168.0,1320200.0,84800.0,1114000
S03811,2022-11-03,V1260,D002,C00101,Delhi,7,24125.0,2721200.0,38700.0,2672000
S03812,2022-05-22,V1429,D002,C00383,Kerala,7,58706.0,1045600.0,139700.0,918000
S03813,2024-03-11,V1175,D014,C01586,West Bengal,6,82302.0,415500.0,56900.0,410000
S03814,2023-10-22,V1049,D039,C02040,Kerala,7,118960.0,1482000.0,118900.0,1396000
S03815,2024-01-18,V1376,D020,C02333,Tamil Nadu,7,34960.0,379200.0,23000.0,371000
S03816,2022-03-05,V1138,D016,C00335,Tamil Nadu,9,59487.0,592600.0,51800.0,513000
S03817,2023-01-27,V1490,D005,C00117,Gujarat,4,66596.0,1591800.0,142800.0,1449000
S03818,2022-01-06,V1208,D031,C01330,Uttar Pradesh,6,47303.0,987500.0,39700.0,918000
S03819,2023-03-18,V1426,D038,C01034,Gujarat,7,48916.0,1099400.0,45400.0,1021000
S03820,2025-09-22,V1022,D002,C00759,Karnataka,6,97073.0,596100.0,71900.0,531000
S03821,2022-08-11,V1330,D027,C02216,Delhi,8,88113.0,1342600.0,117600.0,1266000
S03822,2024-10-04,V1225,D002,C02298,Tamil Nadu,7,80930.0,1645100.0,113000.0,1644000
S03823,2022-01-09,V1232,D032,C01251,Tamil Nadu,8,39527.0,2472300.0,258300.0,2300000
S03824,2024-03-31,V1133,D036,C01439,Karnataka,5,79575.0,953700.0,105500.0,745000
S03825,2025-09-07,V1486,D001,C01644,Delhi,10,78563.0,1805700.0,213500.0,1509000
S03826,2023-05-14,V1197,D015,C00331,Uttar Pradesh,8,74241.0,828200.0,86000.0,768000
S03827,2022-10-16,V1426,D011,C01536,Uttar Pradesh,6,54877.0,1050700.0,59200.0,1020000
S03828,2024-04-13,V1213,D005,C01960,Karnataka,8,98398.0,938000.0,65100.0,896000
S03829,2023-02-12,V1025,D040,C02208,Rajasthan,7,104674.0,742400.0,76900.0,633000
S03830,2025-07-26,V1440,D009,C00635,Delhi,7,23827.0,645000.0,21300.0,653000
S03831,2025-05-25,V1093,D023,C01561,Tamil Nadu,8,108613.0,854500.0,146400.0,659000
S03832,2024-08-11,V1136,D007,C00556,Tamil Nadu,8,45892.0,1224000.0,64600.0,1106000
S03833,2024-07-22,V1431,D007,C00411,Tamil Nadu,6,57364.0,1583700.0,130500.0,1420000
S03834,2024-05-30,V1447,D010,C01166,Karnataka,9,55740.0,859800.0,74600.0,801000
S03835,2024-12-10,V1459,D033,C00602,Karnataka,6,67990.0,669900.0,86500.0,574000
S03836,2023-11-04,V1213,D020,C00901,Rajasthan,8,117633.0,1268000.0,147900.0,1032000
S03837,2025-11-17,V1379,D019,C01118,Maharashtra,8,39303.0,591800.0,24300.0,565000
S03838,2023-05-21,V1164,D019,C01471,Maharashtra,7,80788.0,1009900.0,73600.0,953000
S03839,2022-01-14,V1371,D040,C01480,West Bengal,7,69089.0,410500.0,34000.0,387000
S03840,2024-10-17,V1252,D037,C01479,Tamil Nadu,9,25473.0,2620500.0,159000.0,2529000
S03841,2024-08-25,V1026,D040,C02375,Kerala,10,98394.0,617100.0,72300.0,528000
S03842,2025-12-04,V1209,D010,C00721,Delhi,10,106341.0,574600.0,62600.0,527000
S03843,2023-08-01,V1234,D032,C00254,Tamil Nadu,6,78055.0,820300.0,30700.0,784000
S03844,2023-09-13,V1129,D035,C01620,Rajasthan,9,97118.0,1161000.0,58000.0,1126000
S03845,2024-04-01,V1188,D034,C00427,West Bengal,9,42896.0,646400.0,67000.0,605000
S03846,2023-07-28,V1252,D001,C02153,Delhi,5,17343.0,1083200.0,95700.0,1060000
S03847,2025-02-20,V1025,D006,C00306,West Bengal,5,92708.0,722200.0,84200.0,608000
S03848,2023-09-18,V1076,D025,C00918,West Bengal,6,44652.0,1262700.0,74500.0,1214000
S03849,2025-02-18,V1384,D027,C00120,Tamil Nadu,9,60636.0,1354600.0,61800.0,1358000
S03850,2023-09-14,V1176,D016,C00834,Kerala,7,68063.0,902700.0,20600.0,907000
S03851,2022-11-25,V1305,D020,C01317,Delhi,9,82580.0,1538600.0,90100.0,1490000
S03852,2025-12-18,V1283,D036,C00692,Gujarat,6,84264.0,379000.0,50700.0,353000
S03853,2024-02-09,V1276,D019,C01434,Telangana,7,42653.0,612600.0,35500.0,598000
S03854,2024-10-29,V1207,D018,C00951,Tamil Nadu,6,67606.0,672400.0,0.0,651000
S03855,2024-05-13,V1242,D004,C01763,Tamil Nadu,7,51796.0,1680600.0,77500.0,1554000
S03856,2023-06-09,V1412,D001,C01331,Rajasthan,8,40508.0,1367300.0,102800.0,1245000
S03857,2025-11-21,V1483,D022,C01947,Delhi,9,42207.0,732700.0,21000.0,707000
S03858,2023-06-27,V1129,D029,C02002,Karnataka,5,88140.0,1126100.0,139200.0,1054000
S03859,2025-12-21,V1335,D036,C00626,West Bengal,8,80112.0,854200.0,37900.0,892000
S03860,2023-09-22,V1485,D025,C02094,Gujarat,8,90651.0,747400.0,57300.0,650000
S03861,2022-02-03,V1004,D013,C00165,Karnataka,5,86254.0,870700.0,113500.0,844000
S03862,2022-02-23,V1393,D020,C01532,Telangana,7,128589.0,1409300.0,98300.0,1433000
S03863,2025-11-23,V1249,D030,C02000,Tamil Nadu,6,70755.0,1364900.0,38800.0,1443000
S03864,2024-02-11,V1484,D019,C02327,Karnataka,7,39377.0,1304000.0,108400.0,1181000
S03865,2023-07-21,V1290,D008,C01083,Tamil Nadu,9,92926.0,386800.0,6200.0,356000
S03866,2025-03-31,V1420,D035,C00453,Kerala,7,44775.0,1922000.0,151900.0,1616000
S03867,2024-06-20,V1084,D001,C02144,Uttar Pradesh,7,55470.0,519300.0,53700.0,414000
S03868,2024-08-23,V1072,D038,C00826,Uttar Pradesh,7,50807.0,2655100.0,152900.0,2624000
S03869,2024-09-28,V1464,D016,C02160,Rajasthan,6,42595.0,670600.0,63500.0,631000
S03870_DUP,2022-10-17,V1264,D038,C01650,Gujarat,8,73289.0,360200.0,17900.0,347000
S03871,2022-05-09,V1280,D002,C00166,Uttar Pradesh,10,63551.0,426400.0,24700.0,403000
S03872,2024-11-29,V1085,D011,C02383,Delhi,7,122122.0,910900.0,120000.0,909000
S03873,2022-02-01,V1114,D039,C01922,Telangana,10,79433.0,1066400.0,97000.0,976000
S03874,2024-11-17,V1410,D031,C02188,West Bengal,6,95782.0,1675900.0,174800.0,1506000
S03875,2022-07-09,V1152,D031,C01528,Kerala,9,53003.0,1223800.0,99200.0,1151000
S03876,2023-01-19,V1293,D009,C02042,Rajasthan,7,134014.0,216300.0,39300.0,173000
S03877,2024-10-31,V1159,D006,C00262,Maharashtra,10,91427.0,925900.0,57200.0,950000
S03878,2024-06-29,V1132,D015,C02126,Telangana,6,34010.0,704500.0,12000.0,757000
S03879,2025-02-15,V1084,D002,C00296,Delhi,9,68190.0,746400.0,35400.0,800000
S03880,2024-06-11,V1465,D011,C00693,Maharashtra,6,59325.0,1014000.0,80200.0,881000
S03881,2022-03-11,V1471,D032,C01381,Tamil Nadu,7,35683.0,1071300.0,117500.0,991000
S03882,2025-05-11,V1058,D004,C01750,Uttar Pradesh,9,109682.0,500100.0,77200.0,418000
S03883,2022-11-12,V1177,D029,C01378,Rajasthan,7,112776.0,739200.0,35600.0,729000
S03884,2022-07-18,V1282,D036,C01998,Gujarat,7,108621.0,404600.0,9500.0,360000
S03885,2025-07-07,V1192,D031,C00528,Rajasthan,8,33880.0,1915100.0,174300.0,1873000
S03886,2022-10-12,V1361,D003,C01305,Uttar Pradesh,6,77131.0,398600.0,29900.0,348000
S03887,2024-02-23,V1131,D012,C00840,Uttar Pradesh,9,51931.0,1551400.0,198800.0,1340000
S03888,2023-12-12,V1030,D027,C01404,Maharashtra,8,104958.0,540500.0,34800.0,513000
S03889,2025-01-29,V1169,D014,C01193,Maharashtra,4,107037.0,739500.0,123600.0,723000
S03890,2022-03-06,V1299,D005,C00200,Karnataka,7,83653.0,354400.0,55300.0,330000
S03891,2022-06-05,V1091,D009,C00691,Kerala,6,97084.0,933000.0,95600.0,788000
S03892,2023-08-31,V1408,D004,C00710,Delhi,7,37317.0,1300900.0,67300.0,1317000
S03893,2023-11-23,V1007,D015,C02404,Uttar Pradesh,7,111244.0,669300.0,126900.0,467000
S03894,2025-02-25,V1034,D035,C00098,Rajasthan,7,88666.0,745700.0,77500.0,612000
S03895,2024-06-03,V1255,D002,C00217,West Bengal,7,36484.0,2431400.0,104200.0,2215000
S03896,2022-08-06,V1257,D038,C01164,Gujarat,7,66144.0,727700.0,97200.0,625000
S03897,2025-12-01,V1148,D011,C01101,Uttar Pradesh,8,65439.0,1885900.0,215400.0,1654000
S03898,2023-11-03,V1130,D026,C00185,Rajasthan,6,85661.0,1878300.0,145600.0,1792000
S03899,2025-11-10,V1035,D012,C01274,West Bengal,6,72442.0,984300.0,170900.0,906000
S03900,2025-12-17,V1332,D007,C00497,Kerala,7,57294.0,1422000.0,79300.0,1324000
S03901,2022-03-17,V1190,D039,C01453,Uttar Pradesh,8,71507.0,1624100.0,62100.0,1721000
S03902,2024-01-10,V1060,D019,C02137,Gujarat,5,66528.0,1992500.0,268000.0,1767000
S03903,2023-09-09,V1200,D036,C00120,KARNATAKA,8,41105.0,2557200.0,235100.0,2119000
S03904,2023-12-30,V1469,D021,C00422,Uttar Pradesh,7,56443.0,1222500.0,0.0,1218000
S03905,2023-03-29,V1131,D020,C02132,Karnataka,6,59203.0,1558100.0,183600.0,1386000
S03906,2024-03-27,V1448,D002,C01363,Telangana,10,42079.0,1295400.0,77900.0,1195000
S03907,2023-12-21,V1130,D013,C01931,Tamil Nadu,8,70435.0,1617000.0,20200.0,1592000
S03908,2022-09-29,V1093,D032,C02275,Tamil Nadu,10,109732.0,313300.0,4000.0,281000
S03909,2023-02-26,V1131,D004,C00879,Gujarat,6,47525.0,1950600.0,164100.0,1875000
S03910,2022-08-04,V1162,D025,C01416,West Bengal,8,102789.0,804200.0,46300.0,804000
S03911,2025-05-17,V1061,D005,C01070,Uttar Pradesh,5,80065.0,683800.0,125600.0,542000
S03912,2024-09-16,V1294,D027,C01641,Kerala,9,107089.0,214700.0,13100.0,222000
S03913,2023-07-21,V1167,D010,C00326,Delhi,7,92406.0,790100.0,108700.0,601000
S03914,2023-08-02,V1360,D026,C00229,Telangana,7,52989.0,1409900.0,111800.0,1439000
S03915,2022-04-26,V1246,D021,C00821,Tamil Nadu,8,66064.0,1032400.0,121300.0,916000
S03916,2023-02-28,V1222,D003,C00878,Maharashtra,9,59482.0,1133800.0,29500.0,1154000
S03917,2025-09-12,V1236,D017,C01231,West Bengal,9,41508.0,1235100.0,61700.0,1252000
S03918,2022-02-15,V1079,D029,C00618,Uttar Pradesh,8,64117.0,1039200.0,57600.0,976000
S03919,2022-08-02,V1357,D013,C01037,Tamil Nadu,9,88763.0,1568100.0,210200.0,1426000
S03920,2025-05-21,V1053,D021,C00024,Telangana,9,120154.0,1144100.0,126300.0,1111000
S03921,2024-01-31,V1361,D003,C02072,Telangana,7,74765.0,318300.0,31500.0,287000
S03922,2022-02-17,V1500,D022,C01484,Tamil Nadu,5,40841.0,1586900.0,119700.0,1595000
S03923,2023-12-17,V1382,D013,C00345,Kerala,6,90064.0,785800.0,25900.0,797000
S03924,2024-12-31,V1228,D007,C00965,Maharashtra,8,44494.0,767600.0,38600.0,692000
S03925,2023-05-20,V1158,D003,C00155,Maharashtra,10,82146.0,1494600.0,77500.0,1377000
S03926,2023-07-13,V1437,D011,C00966,Uttar Pradesh,8,65871.0,1254300.0,23200.0,1240000
S03927,2024-07-11,V1129,D028,C00855,Tamil Nadu,3,78971.0,592400.0,51900.0,478000
S03928,2024-05-24,V1242,D006,C02456,Maharashtra,9,49974.0,905800.0,51300.0,843000
S03929,2025-08-12,V1386,D016,C00458,Gujarat,7,99949.0,637400.0,76700.0,484000
S03930,2022-12-28,V1462,D013,C01851,Tamil Nadu,8,55065.0,611800.0,60600.0,525000
S03931,2023-02-08,V1461,D036,C01309,Delhi,7,82122.0,973500.0,163500.0,804000
S03932,2022-08-16,V1044,D023,C00459,Karnataka,7,100806.0,1609800.0,8800.0,1805000
S03933,2024-08-29,V1450,D027,C02223,Rajasthan,10,64144.0,1492400.0,90500.0,1291000
S03934,2024-02-19,V1058,D006,C02089,Uttar Pradesh,10,96883.0,1285000.0,0.0,1348000
S03935,2023-05-22,V1293,D012,C01003,Karnataka,7,109168.0,368400.0,17000.0,370000
S03936,2024-10-13,V1465,D035,C01251,Maharashtra,10,60078.0,785000.0,2000.0,820000
S03937,2023-07-05,V1328,D019,C00177,Tamil Nadu,6,48230.0,603000.0,55800.0,547000
S03938,2022-10-13,V1474,D035,C00076,Delhi,7,67028.0,945100.0,28400.0,945000
S03939,2024-02-28,V1173,D011,C01100,Rajasthan,10,118094.0,452800.0,31000.0,422000
S03940,2023-09-30,V1158,D009,C01107,West Bengal,7,79762.0,1387700.0,202600.0,1114000
S03941,2023-08-16,V1164,D021,C00233,Gujarat,6,81747.0,602500.0,52800.0,575000
S03942,2023-10-12,V1178,D007,C00421,Tamil Nadu,7,91638.0,809300.0,97500.0,721000
S03943,2025-08-28,V1342,D008,C01542,Telangana,8,75317.0,1273800.0,167700.0,1126000
S03944,2022-11-12,V1227,D019,C01892,Maharashtra,6,56936.0,1210200.0,9600.0,1166000
S03945,2023-02-07,V1369,D012,C00707,Karnataka,7,76476.0,555600.0,28900.0,493000
S03946,2024-04-05,V1209,D030,C01878,Rajasthan,8,118660.0,412400.0,12200.0,395000
S03947,2022-03-10,V1154,D007,C01581,Uttar Pradesh,10,85440.0,1172700.0,0.0,1158000
S03948,2022-08-02,V1096,D006,C02195,Telangana,6,91935.0,1231100.0,111000.0,1106000
S03949,2024-04-07,V1276,D014,C00356,West Bengal,8,46758.0,405600.0,38500.0,343000
S03950,2024-01-15,V1450,D005,C00726,West Bengal,4,72821.0,885400.0,87800.0,846000
S03951,2024-08-11,V1430,D029,C00399,Maharashtra,7,52065.0,1051500.0,26900.0,995000
S03952,2022-06-15,V1127,D028,C01417,Rajasthan,8,52181.0,1549800.0,125100.0,1359000
S03953,2025-06-01,V1239,D003,C01346,Telangana,5,66603.0,2262300.0,95900.0,2136000
S03954,2023-12-11,V1353,D017,C02206,Delhi,8,82054.0,1363000.0,113000.0,1288000
S03955,2022-08-15,V1307,D035,C00869,Uttar Pradesh,6,60411.0,2138400.0,132800.0,1778000
S03956,2023-04-01,V1034,D001,C00984,Uttar Pradesh,7,94957.0,959400.0,39700.0,831000
S03957,2022-11-29,V1296,D012,C00962,Uttar Pradesh,7,65321.0,290900.0,0.0,247000
S03958,2023-10-23,V1020,D030,C01519,Delhi,8,100906.0,952500.0,76900.0,892000
S03959,2023-11-17,V1059,D003,C02476,Maharashtra,9,98158.0,798700.0,136100.0,640000
S03960,2023-09-26,V1327,D005,C01460,Gujarat,9,66676.0,1183000.0,101100.0,1010000
S03961,2023-11-05,V1052,D015,C01982,Delhi,10,77437.0,1402000.0,0.0,1402000
S03962,2025-08-19,V1170,D037,C02290,Uttar Pradesh,8,92847.0,978000.0,127400.0,772000
S03963,2025-11-02,V1295,D022,C00778,Gujarat,8,87282.0,263400.0,22100.0,243000
S03964,2023-12-17,V1328,D029,C01867,Tamil Nadu,10,63438.0,726700.0,54400.0,627000
S03965,2025-11-07,V1223,D016,C00816,West Bengal,9,67305.0,1831500.0,228300.0,1498000
S03966,2025-04-10,V1048,D007,C01194,West Bengal,6,83480.0,1982800.0,66700.0,1915000
S03967,2025-04-12,V1400,D034,C01764,West Bengal,9,83417.0,1525100.0,178900.0,1339000
S03968,2022-11-26,V1475,D032,C01226,Delhi,8,51471.0,1124700.0,17800.0,1051000
S03969,2023-10-03,V1445,D020,C02247,Uttar Pradesh,6,83214.0,1259000.0,170000.0,1172000
S03970,2023-05-30,V1375,D006,C00312,Rajasthan,7,45669.0,414700.0,17100.0,372000
S03971,2022-05-21,V1202,D001,C02086,Gujarat,9,84784.0,1187500.0,169500.0,940000
S03972,2022-04-20,V1439,D039,C00982,Maharashtra,7,52687.0,1324000.0,154500.0,1214000
S03973,2024-06-28,V1245,D012,C01504,West Bengal,8,68665.0,778500.0,45900.0,722000
S03974,2023-09-07,V1069,D035,C01410,Uttar Pradesh,8,78907.0,860900.0,100600.0,855000
S03975,2025-04-21,V1426,D024,C01283,West Bengal,7,61106.0,1225900.0,136200.0,1105000
S03976,2024-09-03,V1161,D003,C02136,Delhi,6,107149.0,601900.0,,522000
S03977,2022-05-05,V1470,D033,C02238,Uttar Pradesh,6,51199.0,1152500.0,40500.0,1160000
S03978,2025-05-09,V1185,D032,C00983,Gujarat,6,80317.0,1153400.0,27900.0,1137000
S03979,2023-12-26,V1435,D015,C02113,Rajasthan,8,53014.0,1549500.0,40100.0,1486000
S03980,2024-04-06,V1269,D016,C02062,Maharashtra,7,97234.0,333800.0,30100.0,300000
S03981,2025-11-11,V1234,D028,C01672,Telangana,5,73320.0,727600.0,111000.0,609000
S03982,2024-07-24,V1149,D027,C01844,Karnataka,7,87859.0,1513600.0,94600.0,1411000
S03983,2022-02-02,V1418,D035,C00372,West Bengal,7,72904.0,1998500.0,86000.0,1902000
S03984,2022-09-16,V1031,D022,C00427,Maharashtra,6,62867.0,640000.0,31000.0,661000
S03985,2023-09-15,V1235,D017,C00179,West Bengal,7,68504.0,1326400.0,186900.0,1110000
S03986,2022-02-24,V1185,D016,C00479,Gujarat,8,72730.0,1173600.0,97400.0,1111000
S03987,2022-09-02,V1272,D024,C00129,Tamil Nadu,5,58842.0,341400.0,41200.0,296000
S03988,2025-03-02,V1128,D004,C02298,Delhi,9,42995.0,1921000.0,85400.0,1663000
S03989,2022-07-28,V1333,D035,C01609,West Bengal,7,116047.0,894300.0,0.0,779000
S03990,2022-09-02,V1193,D012,C02182,Rajasthan,8,89303.0,1773800.0,69400.0,1635000
S03991,2024-01-08,V1095,D040,C01927,Kerala,8,81751.0,387400.0,39400.0,372000
S03992,2022-05-14,V1099,D016,C00006,Tamil Nadu,7,78558.0,1060700.0,76200.0,1017000
S03993,2023-01-09,V1349,D001,C02374,Maharashtra,7,103000.0,624100.0,75300.0,578000
S03994,2025-10-01,V1131,D025,C01615,Tamil Nadu,8,57598.0,655100.0,14300.0,627000
S03995,2024-07-11,V1154,D039,C02347,Gujarat,7,83414.0,1546300.0,30600.0,1589000
S03996,2025-11-08,V1314,D025,C02343,Telangana,8,81710.0,1466500.0,126000.0,1304000
S03997,2023-06-02,V1165,D015,C01997,West Bengal,10,126501.0,511800.0,59400.0,472000
S03998,2024-06-19,V1195,D036,C01816,Telangana,7,48896.0,1182100.0,101400.0,1119000
S03999,2022-12-15,V1123,D001,C00710,Telangana,9,57533.0,1280200.0,63800.0,1170000
S04000,2023-07-08,V1173,D025,C01174,Gujarat,8,113079.0,486200.0,39100.0,412000
S04001,2022-09-13,V1347,D012,C02274,Tamil Nadu,9,57032.0,1834900.0,118600.0,1699000
S04002,2025-05-02,V1267,D024,C00050,Karnataka,8,58380.0,480500.0,60500.0,417000
S04003,2022-09-26,V1499,D029,C00345,Maharashtra,9,43018.0,981000.0,75100.0,884000
S04004,2022-10-27,V1386,D009,C00827,Delhi,7,106647.0,824500.0,68900.0,783000
S04005,2023-11-09,V1009,D010,C01097,Kerala,8,125633.0,785700.0,38500.0,808000
S04006,2023-09-20,V1190,D012,C02287,Tamil Nadu,7,76365.0,516200.0,68900.0,466000
S04007,2023-04-04,V1145,D001,C01814,West Bengal,5,91490.0,918900.0,69500.0,953000
S04008,2023-06-06,V1294,D009,C02260,Telangana,6,101135.0,403500.0,61000.0,373000
S04009,2023-03-08,V1133,D022,C01850,Kerala,7,93149.0,1774900.0,352200.0,1282000
S04010,2025-08-26,V1484,D039,C01914,Uttar Pradesh,8,56137.0,2246300.0,160800.0,2017000
S04011,2024-04-27,V1150,D002,C00950,Maharashtra,8,68333.0,896300.0,71500.0,831000
S04012,2025-09-05,V1261,D037,C01727,West Bengal,4,102345.0,217200.0,23700.0,230000
S04013,2025-12-12,V1062,D025,C01458,Kerala,8,73349.0,1288000.0,191200.0,1013000
S04014,2024-08-08,V1455,D018,C01178,Uttar Pradesh,7,57364.0,1945700.0,198500.0,1797000
S04015,2025-04-21,V1456,D024,C00082,Kerala,7,47733.0,1499500.0,75300.0,1338000
S04016,2022-06-11,V1397,D018,C00468,Gujarat,7,104153.0,1354100.0,137000.0,1192000
S04017,2025-10-19,V1176,D029,C01462,Karnataka,6,74934.0,1070700.0,59200.0,959000
S04018,2023-12-06,V1030,D030,C01926,Telangana,5,90567.0,1050700.0,0.0,954000
S04019,2024-11-08,V1356,D036,C01448,Tamil Nadu,7,30147.0,1237100.0,78000.0,1225000
S04020,2022-12-25,V1215,D036,C02419,Delhi,6,65017.0,1790400.0,197000.0,1443000
S04021,2022-05-20,V1496,D002,C01697,Rajasthan,9,47465.0,2464900.0,141600.0,2258000
S04022,2025-07-16,V1350,D014,C00798,Telangana,10,75742.0,1055400.0,94600.0,997000
S04023,2023-10-19,V1270,D024,C02195,Gujarat,8,86835.0,294800.0,13100.0,260000
S04024,2022-07-22,V1494,D020,C00532,Kerala,7,71427.0,1510100.0,140100.0,1425000
S04025,2024-08-20,V1401,D012,C01151,Kerala,7,102779.0,1234900.0,71800.0,1030000
S04026,2022-03-21,V1230,D032,C01456,Uttar Pradesh,8,93560.0,1034700.0,69500.0,1028000
S04027,2023-10-21,V1010,D007,C01888,Maharashtra,9,123493.0,487800.0,72000.0,289000
S04028,2024-10-26,V1047,D027,C00265,Uttar Pradesh,7,95797.0,482400.0,46200.0,420000
S04029,2024-11-18,V1222,D014,C01987,Tamil Nadu,7,71323.0,1808200.0,299900.0,1442000
S04030,2023-10-25,V1282,D037,C00578,Rajasthan,5,97165.0,419500.0,32100.0,392000
S04031,2023-06-25,V1016,D001,C01597,Tamil Nadu,4,86367.0,1063100.0,113500.0,974000
S04032,2025-05-09,V1064,D022,C02161,Rajasthan,9,38104.0,1054000.0,97400.0,1012000
S04033,2022-09-27,V1353,D039,C01314,Tamil Nadu,6,73483.0,795000.0,99600.0,721000
S04034,2022-04-20,V1376,D035,C00328,Rajasthan,6,29695.0,370600.0,13200.0,374000
S04035,2022-08-18,V1015,D033,C00768,Delhi,8,100817.0,673500.0,70400.0,619000
S04036,2025-03-16,V1254,D033,C00676,Telangana,8,54812.0,769400.0,56500.0,698000
S04037,2023-11-18,V1041,D001,C00755,Kerala,7,105310.0,1226200.0,228000.0,1193000
S04038,2022-02-24,V1362,D023,C00348,Karnataka,6,38574.0,326400.0,41100.0,285000
S04039,2022-09-04,V1418,D020,C02421,West Bengal,7,99135.0,1887800.0,100900.0,1823000
S04040,2022-02-11,V1435,D003,C00582,West Bengal,7,42131.0,1423900.0,0.0,1419000
S04041,2025-04-04,V1300,D019,C01526,West Bengal,10,78901.0,442500.0,51800.0,390000
S04042,2023-11-05,V1315,D011,C01640,Telangana,9,61534.0,2133700.0,20400.0,2234000
S04043,2022-04-10,V1464,D007,C00052,Uttar Pradesh,8,33373.0,684900.0,65100.0,606000
S04044,2022-11-20,V1307,D033,C00766,Delhi,8,52321.0,2049300.0,144400.0,1844000
S04045,2024-06-19,V1224,D040,C01713,Telangana,8,26215.0,1406100.0,102500.0,1283000
S04046,2024-05-17,V1378,D030,C01084,Telangana,7,69461.0,549900.0,1000.0,521000
S04047,2025-04-11,V1296,D011,C00891,Rajasthan,9,77028.0,544400.0,15800.0,515000
S04048,2022-02-07,V1422,D013,C02034,Kerala,5,63262.0,491600.0,57800.0,429000
S04049,2022-04-12,V1263,D014,C01940,Delhi,4,55858.0,389000.0,29700.0,352000
S04050,2022-02-21,V1435,D021,C00914,Kerala,9,40597.0,1427800.0,37800.0,1263000
S04051,2023-07-30,V1023,D039,C01457,Telangana,5,73668.0,1226100.0,16500.0,1219000
S04052,2024-11-28,V1019,D003,C02459,Telangana,9,103356.0,368600.0,18800.0,321000
S04053,2024-08-26,V1050,D005,C01964,West Bengal,7,102949.0,1411600.0,259500.0,1180000
S04054,2022-11-04,V1279,D002,C02383,Kerala,8,77109.0,471400.0,25600.0,451000
S04055,2024-08-18,V1355,D014,C02361,Telangana,9,52685.0,1562500.0,207200.0,1286000
S04056,2024-08-17,V1109,D030,C01170,West Bengal,9,91763.0,739500.0,75500.0,664000
S04057,2022-10-07,V1078,D027,C00451,Karnataka,6,60884.0,1337200.0,10200.0,1463000
S04058,2024-12-31,V1431,D005,C01124,Rajasthan,10,31077.0,1001400.0,19600.0,967000
S04059,2023-09-09,V1376,D027,C02419,Karnataka,6,42899.0,551400.0,19500.0,508000
S04060,2022-03-28,V1325,D037,C02143,Karnataka,9,92492.0,981200.0,88800.0,816000
S04061,2023-07-25,V1245,D002,C00605,Karnataka,10,83921.0,1047000.0,14000.0,953000
S04062,2025-01-29,V1211,D036,C00322,Gujarat,9,73106.0,1665100.0,162700.0,1287000
S04063,2024-10-14,V1011,D009,C02143,West Bengal,7,112615.0,716400.0,19200.0,691000
S04064,2023-01-28,V1095,D019,C02043,Rajasthan,8,87822.0,587000.0,43100.0,510000
S04065,2025-01-10,V1449,D004,C00214,Karnataka,5,96898.0,994900.0,43300.0,856000
S04066,2023-07-24,V1170,D003,C01517,Delhi,6,105531.0,497200.0,88600.0,413000
S04067,2023-11-04,V1353,D039,C01312,Kerala,8,69297.0,1541900.0,41400.0,1332000
S04068,2022-05-07,V1352,D020,C01102,Telangana,9,38425.0,853900.0,13600.0,902000
S04069,2025-12-27,V1155,D002,C00566,Tamil Nadu,8,73060.0,686600.0,47300.0,653000
S04070,2025-05-10,V1103,D015,C02074,Uttar Pradesh,8,71703.0,1133100.0,133300.0,1158000
S04071,2022-10-12,V1346,D019,C02324,Tamil Nadu,9,83906.0,681900.0,118500.0,497000
S04072,2024-03-30,V1047,D010,C02472,Kerala,8,82078.0,562700.0,0.0,562000
S04073,2025-02-14,V1248,D028,C00795,Gujarat,7,20928.0,2300100.0,124500.0,2096000
S04074,2024-01-08,V1445,D006,C02165,Maharashtra,8,90727.0,1784600.0,288800.0,1606000
S04075,2022-11-04,V1356,D001,C01796,Gujarat,6,56332.0,1584500.0,22500.0,1564000
S04076,2025-11-16,V1383,D028,C02337,Tamil Nadu,9,85770.0,803300.0,89600.0,726000
S04077,2023-01-28,V1042,D027,C02064,Maharashtra,10,107315.0,1176600.0,243900.0,837000
S04078,2023-05-04,V1100,D028,C00886,Delhi,7,79704.0,1143400.0,124800.0,925000
S04079,2023-06-27,V1138,D040,C02103,Karnataka,8,55940.0,596100.0,37800.0,574000
S04080,2025-07-25,V1147,D003,C00762,Delhi,8,72656.0,1429100.0,118700.0,1310000
S04081,2024-01-01,V1098,D010,C01478,Telangana,8,114267.0,861900.0,117800.0,842000
S04082,2024-11-17,V1487,D007,C01353,Kerala,6,51133.0,2295800.0,133300.0,2409000
S04083,2025-08-09,V1083,D024,C01217,Telangana,8,69643.0,1104200.0,93300.0,970000
S04084,2025-09-18,V1355,D005,C00712,Delhi,7,80660.0,844800.0,34600.0,751000
S04085,2025-06-05,V1294,D010,C01451,Kerala,8,121583.0,320400.0,7000.0,309000
S04086,2025-08-19,V1306,D037,C00504,Maharashtra,6,79090.0,1156900.0,89100.0,981000
S04087,2025-10-17,V1108,D023,C00785,Delhi,5,60047.0,1133600.0,136700.0,1038000
S04088,2025-12-18,V1154,D029,C02494,West Bengal,8,84058.0,1142700.0,41200.0,1149000
S04089,2024-07-28,V1304,D028,C01590,Delhi,6,38956.0,1818100.0,193400.0,1691000
S04090,2022-07-12,V1150,D001,C00540,West Bengal,10,70658.0,638500.0,76200.0,541000
S04091,2022-06-15,V1348,D024,C00638,Rajasthan,9,57752.0,1713900.0,24400.0,1770000
S04092,2025-03-08,V1020,D037,C00625,Karnataka,9,93317.0,973600.0,63100.0,972000
S04093,2023-04-07,V1037,D006,C00778,Karnataka,7,104241.0,596500.0,39200.0,564000
S04094,2025-03-21,V1365,D021,C00873,Rajasthan,8,84641.0,523600.0,60600.0,510000
S04095,2025-09-27,V1309,D022,C00080,Delhi,8,85993.0,1653100.0,149600.0,1460000
S04096,2024-07-30,V1022,D029,C01862,Tamil Nadu,9,82556.0,657900.0,45400.0,582000
S04097,2025-01-21,V1450,D008,C01529,Telangana,8,83816.0,553100.0,14000.0,538000
S04098,2023-02-12,V1003,D025,C01027,Tamil Nadu,7,107902.0,989300.0,86700.0,938000
S04099,2023-09-27,V1478,D001,C00054,Rajasthan,9,60471.0,1399800.0,52300.0,1337000
S04100,2025-11-11,V1365,D010,C01231,Uttar Pradesh,8,79811.0,283200.0,38100.0,261000
S04101,2025-04-08,V1495,D021,C00269,West Bengal,9,61507.0,1312200.0,86100.0,1167000
S04102,2022-10-26,V1475,D038,C00862,Maharashtra,4,49740.0,631400.0,28000.0,618000
S04103,2025-09-29,V1157,D028,C00115,West Bengal,5,99012.0,464000.0,29300.0,434000
S04104,2023-12-31,V1379,D012,C00354,Telangana,9,49536.0,670000.0,36100.0,654000
S04105,2025-05-17,V1106,D029,C01101,Tamil Nadu,8,76193.0,838300.0,54900.0,841000
S04106,2024-02-01,V1236,D003,C00317,Kerala,8,35718.0,1772000.0,103400.0,1551000
S04107,2024-06-01,V1121,D008,C00259,West Bengal,7,75576.0,592300.0,53400.0,584000
S04108,2022-08-25,V1244,D038,C01520,Tamil Nadu,9,35336.0,1114600.0,40000.0,1052000
S04109,2023-05-10,V1437,D015,C02173,Kerala,8,82247.0,1313100.0,77200.0,1127000
S04110,2024-11-21,V1219,D031,C02490,Karnataka,6,60642.0,1439300.0,135600.0,1392000
S04111,2025-05-15,V1047,D039,C00522,Delhi,5,80685.0,784900.0,59200.0,752000
S04112,2022-05-10,V1163,D014,C01899,Maharashtra,9,93288.0,783100.0,97300.0,790000
S04113,2022-04-23,V1394,D001,C01022,Delhi,6,100580.0,848200.0,119700.0,803000
S04114,2024-10-09,V1261,D024,C00582,Uttar Pradesh,6,96299.0,257700.0,35700.0,232000
S04115,2023-10-16,V1281,D018,C00268,Telangana,9,116129.0,313800.0,27200.0,259000
S04116,2025-05-24,V1216,D030,C00368,West Bengal,6,43192.0,853400.0,44800.0,821000
S04117,2022-04-10,V1147,D006,C01265,Delhi,7,67654.0,1689700.0,173200.0,1499000
S04118,2023-05-26,V1300,D039,C01397,Karnataka,7,69556.0,401700.0,24800.0,329000
S04119,2022-02-21,V1317,D020,C00172,Kerala,9,87374.0,1232700.0,184400.0,1091000
S04120,2024-11-02,V1450,D017,C01652,Gujarat,8,55245.0,1656400.0,91900.0,1450000
S04121,2025-06-07,V1309,D024,C00291,Tamil Nadu,8,85542.0,1215400.0,122000.0,1050000
S04122,2022-08-18,V1498,D001,C01241,Tamil Nadu,9,83661.0,1177600.0,49800.0,1031000
S04123,2023-04-19,V1414,D024,C00149,Delhi,6,72011.0,1207400.0,8800.0,1169000
S04124,2025-05-20,V1040,D034,C01467,Telangana,8,74129.0,1428300.0,153800.0,1291000
S04125,2022-03-02,V1197,D026,C02303,Delhi,5,88380.0,1055400.0,109900.0,1010000
S04126,2025-10-22,V1193,D003,C01838,Telangana,6,82337.0,1426400.0,123400.0,1235000
S04127,2025-07-19,V1002,D001,C00733,West Bengal,7,116002.0,729700.0,36600.0,723000
S04128,2022-08-12,V1091,D040,C00847,Tamil Nadu,9,102733.0,1125900.0,107400.0,992000
S04129,2022-07-22,V1382,D029,C00708,West Bengal,7,110212.0,1321500.0,72500.0,1178000
S04130,2024-10-07,V1177,D016,C01079,Telangana,9,102027.0,522100.0,55000.0,547000
S04131,2022-01-15,V1074,D037,C01805,Rajasthan,4,73415.0,2202000.0,227900.0,2052000
S04132,2024-01-10,V1144,D021,C02217,Rajasthan,8,48146.0,612400.0,42800.0,544000
S04133,2022-04-07,V1138,D037,C01062,Telangana,8,77827.0,1743300.0,91900.0,1715000
S04134,2024-02-16,V1088,D010,C00038,Gujarat,8,60081.0,729100.0,51400.0,617000
S04135,2023-05-27,V1051,D013,C01423,Telangana,6,65916.0,767600.0,97000.0,636000
S04136,2024-10-29,V1383,D025,C00162,Maharashtra,9,75101.0,536200.0,41000.0,505000
S04137,2025-07-10,V1413,D003,C01703,Kerala,8,91810.0,1349100.0,232700.0,1356000
S04138,2023-12-16,V1249,D026,C00996,Delhi,7,58213.0,767700.0,56700.0,760000
S04139,2024-07-26,V1308,D014,C00640,West Bengal,7,46851.0,952700.0,135100.0,781000
S04140,2024-05-27,V1460,D031,C01428,West Bengal,7,39317.0,1752100.0,270300.0,1544000
S04141,2025-12-09,V1422,D024,C01197,Rajasthan,8,58521.0,843400.0,50800.0,782000
S04142,2022-12-04,V1017,D025,C01314,Maharashtra,7,138396.0,320600.0,17100.0,275000
S04143,2022-12-16,V1477,D016,C02345,Kerala,9,72801.0,460900.0,69900.0,411000
S04144,2023-07-07,V1034,D005,C00771,Rajasthan,5,90248.0,1066000.0,194900.0,704000
S04145,2024-12-12,V1014,D040,C00237,Telangana,7,116715.0,912000.0,135800.0,792000
S04146,2025-06-18,V1202,D033,C00244,Gujarat,9,84184.0,1036200.0,63900.0,890000
S04147,2023-02-11,V1373,D026,C01293,Delhi,4,77378.0,408500.0,24300.0,377000
S04148,2022-06-10,V1041,D006,C02410,Maharashtra,10,122292.0,811300.0,93900.0,790000
S04149,2024-06-08,V1147,D035,C00948,Gujarat,8,73655.0,1971000.0,225000.0,1698000
S04150,2024-05-23,V1132,D033,C02349,West Bengal,4,47609.0,811100.0,72000.0,782000
S04151,2023-07-02,V1199,D029,C01814,West Bengal,7,64638.0,2151000.0,92900.0,2020000
S04152,2022-09-27,V1494,D004,C01958,Kerala,8,57327.0,709100.0,38100.0,678000
S04153,2025-05-26,V1166,D027,C02376,Maharashtra,8,96445.0,797800.0,59200.0,685000
S04154,2025-05-21,V1105,D032,C01896,Telangana,6,93303.0,866800.0,97500.0,770000
S04155,2024-12-28,V1062,D025,C00480,Telangana,6,64409.0,1917200.0,227300.0,1673000
S04156,2024-04-25,V1100,D029,C00028,Telangana,5,71451.0,667800.0,81600.0,607000
S04157,2023-01-17,V1067,D008,C02225,Maharashtra,7,58623.0,2017600.0,28400.0,2073000
S04158,2023-08-12,V1287,D010,C01346,Uttar Pradesh,7,85831.0,442100.0,68100.0,391000
S04159,2022-04-10,V1211,D038,C00249,Telangana,7,73635.0,1769700.0,208100.0,1742000
S04160,2022-12-31,V1249,D032,C00729,KARNATAKA,8,62682.0,1867500.0,,1883000
S04161,2023-10-21,V1417,D006,C02301,Rajasthan,6,88968.0,1385900.0,206400.0,1181000
S04162,2023-10-01,V1291,D039,C01294,Uttar Pradesh,8,82052.0,480300.0,67500.0,375000
S04163,2022-04-28,V1078,D037,C01647,Uttar Pradesh,7,77456.0,1959000.0,186700.0,1894000
S04164,2025-10-31,V1189,D036,C01129,West Bengal,8,85287.0,682500.0,59700.0,646000
S04165,2023-01-27,V1157,D021,C01528,Telangana,6,104277.0,1266700.0,71600.0,1329000
S04166,2024-01-14,V1414,D024,C01342,West Bengal,9,80453.0,557500.0,41300.0,566000
S04167,2023-11-11,V1154,D018,C00323,Maharashtra,6,90644.0,897500.0,37600.0,861000
S04168,2023-11-17,V1070,D009,C00019,Gujarat,10,60061.0,883100.0,73300.0,824000
S04169,2025-05-19,V1369,D016,C01280,Maharashtra,8,67419.0,289100.0,44200.0,234000
S04170,2024-12-26,V1215,D018,C02218,Delhi,5,78548.0,1958500.0,95000.0,1770000
S04171,2025-06-21,V1048,D036,C01994,West Bengal,8,72736.0,1958800.0,84800.0,1924000
S04172,2023-07-08,V1345,D006,C01862,Maharashtra,5,105259.0,462800.0,53700.0,415000
S04173,2023-01-23,V1106,D014,C00596,Uttar Pradesh,9,90138.0,449300.0,23000.0,410000
S04174,2023-09-17,V1435,D002,C00776,Gujarat,8,49045.0,921200.0,39800.0,905000
S04175,2024-03-31,V1417,D038,C00910,Gujarat,8,105729.0,898200.0,64200.0,684000
S04176,2023-05-08,V1185,D004,C00202,Gujarat,6,95377.0,1396200.0,174100.0,1255000
S04177,2023-11-04,V1278,D025,C00836,Karnataka,8,106749.0,378600.0,42800.0,350000
S04178,2022-08-09,V1284,D022,C01689,West Bengal,10,58476.0,499300.0,55300.0,461000
S04179,2024-05-02,V1327,D023,C01285,Karnataka,7,60612.0,1946600.0,177400.0,1675000
S04180,2024-11-08,V1035,D022,C02062,Karnataka,6,79671.0,939700.0,85000.0,869000
S04181,2024-02-10,V1163,D031,C01520,Delhi,10,80375.0,704600.0,34200.0,749000
S04182,2025-06-29,V1086,D004,C00689,Delhi,5,95792.0,953000.0,102900.0,859000
S04183,2025-12-25,V1349,D015,C02284,Kerala,6,100569.0,819600.0,63500.0,772000
S04184,2025-08-16,V1035,D038,C01259,Gujarat,6,62459.0,1188400.0,47300.0,1117000
S04185,2022-05-16,V1259,D022,C02268,Uttar Pradesh,7,57550.0,1584400.0,88800.0,1488000
S04186,2025-07-10,V1364,D007,C02259,Telangana,8,28976.0,701900.0,17400.0,707000
S04187,2023-05-03,V1475,D027,C00471,Gujarat,8,57373.0,1590700.0,135000.0,1453000
S04188,2023-10-23,V1145,D034,C00590,Uttar Pradesh,7,106496.0,1004000.0,75200.0,870000
S04189,2023-08-25,V1004,D014,C00849,West Bengal,7,81062.0,972600.0,31300.0,861000
S04190,2023-02-20,V1362,D017,C02119,Uttar Pradesh,9,60783.0,367800.0,20000.0,325000
S04191,2025-07-05,V1001,D018,C01914,Maharashtra,8,139487.0,535900.0,49300.0,527000
S04192,2024-07-21,V1034,D014,C02074,Maharashtra,8,96743.0,1251300.0,97600.0,1156000
S04193,2025-11-13,V1496,D035,C02301,Uttar Pradesh,10,37413.0,821300.0,7700.0,745000
S04194,2025-10-26,V1432,D026,C01344,Gujarat,8,17927.0,1418400.0,112800.0,1282000
S04195,2023-09-06,V1354,D006,C01285,Gujarat,7,75785.0,1528500.0,190900.0,1438000
S04196,2024-11-28,V1418,D037,C01364,Tamil Nadu,5,72327.0,756700.0,30900.0,781000
S04197,2024-01-04,V1038,D006,C01168,Tamil Nadu,7,80920.0,1230400.0,141600.0,1112000
S04198,2023-12-24,V1045,D001,C01711,Tamil Nadu,8,96408.0,880700.0,78600.0,875000
S04199,2024-12-16,V1151,D018,C00927,Delhi,7,77186.0,2072800.0,116900.0,2114000
S04200,2024-10-03,V1012,D010,C02364,Telangana,4,92949.0,1034300.0,57200.0,943000
S04201,2025-08-25,V1445,D014,C00359,West Bengal,5,66502.0,1589300.0,238500.0,1464000
S04202,2025-02-02,V1029,D025,C00585,Rajasthan,10,99378.0,913300.0,29300.0,969000
S04203,2024-06-27,V1273,D008,C00870,Delhi,4,98770.0,288200.0,8600.0,309000
S04204,2025-09-05,V1427,D007,C00773,Delhi,8,48199.0,1389400.0,81500.0,1265000
S04205,2022-05-30,V1368,D010,C01044,Karnataka,5,44103.0,724800.0,44300.0,670000
S04206,2025-01-20,V1118,D038,C01820,Rajasthan,6,90375.0,898000.0,74800.0,835000
S04207,2023-07-28,V1236,D023,C02191,Rajasthan,7,28637.0,1939400.0,154800.0,1783000
S04208,2023-09-25,V1275,D022,C00441,Delhi,10,72843.0,568700.0,48700.0,483000
S04209,2025-02-16,V1384,D034,C02464,Karnataka,8,80621.0,955700.0,67500.0,850000
S04210,2023-02-04,V1214,D031,C01479,Telangana,6,100077.0,1550400.0,208600.0,1150000
S04211,2025-07-14,V1143,D014,C00919,Gujarat,8,65303.0,1631300.0,85700.0,1637000
S04212,2024-01-01,V1398,D035,C02314,Maharashtra,5,109791.0,1430700.0,220800.0,1281000
S04213,2023-05-25,V1444,D020,C01457,Rajasthan,8,35524.0,1045500.0,52400.0,1136000
S04214,2023-04-25,V1245,D037,C00446,Telangana,6,78942.0,1072500.0,150500.0,889000
S04215,2023-09-07,V1015,D039,C00370,Uttar Pradesh,5,89274.0,478700.0,16900.0,483000
S04216,2025-10-09,V1251,D004,C00735,Telangana,5,47601.0,2446600.0,78700.0,2273000
S04217,2022-05-30,V1445,D027,C01834,Tamil Nadu,7,84749.0,1014300.0,78200.0,983000
S04218,2024-01-13,V1495,D026,C00019,Telangana,10,45790.0,1438400.0,111700.0,1313000
S04219,2025-05-04,V1201,D009,C01213,Rajasthan,6,108302.0,1054200.0,147800.0,1115000
S04220,2023-11-21,V1076,D005,C01586,Tamil Nadu,6,43032.0,1503200.0,69300.0,1447000
S04221,2024-04-06,V1287,D019,C01591,Telangana,7,96664.0,308600.0,39200.0,289000
S04222,2023-05-24,V1416,D008,C00695,Uttar Pradesh,7,36216.0,2427400.0,91000.0,2404000
S04223,2022-07-19,V1473,D027,C00179,Uttar Pradesh,6,61221.0,560500.0,16900.0,543000
S04224,2024-07-23,V1026,D025,C00934,Maharashtra,10,97060.0,745200.0,94400.0,729000
S04225,2025-09-06,V1146,D002,C02472,Uttar Pradesh,10,99141.0,1006600.0,112800.0,951000
S04226,2024-01-30,V1239,D021,C00082,Tamil Nadu,9,44841.0,1022400.0,47800.0,1056000
S04227,2023-09-24,V1050,D003,C01792,Gujarat,8,100747.0,870100.0,60900.0,754000
S04228,2022-07-08,V1444,D035,C00507,Delhi,8,49863.0,2040600.0,160900.0,2015000
S04229,2025-10-12,V1057,D018,C00522,Maharashtra,8,107473.0,1133700.0,103300.0,1085000
S04230,2025-06-23,V1333,D014,C00995,Maharashtra,8,100337.0,889200.0,166900.0,748000
S04231,2025-08-10,V1460,D034,C00997,Delhi,7,30461.0,1119400.0,20500.0,1108000
S04232,2023-06-09,V1343,D016,C02030,Delhi,8,54865.0,1545600.0,91400.0,1474000
S04233,2024-07-02,V1382,D020,C01530,Gujarat,7,103764.0,1396200.0,76100.0,1435000
S04234,2023-09-24,V1132,D034,C00248,West Bengal,7,46056.0,1919600.0,146800.0,1569000
S04235,2022-12-09,V1414,D002,C01737,Maharashtra,9,63998.0,1911400.0,139400.0,1712000
S04236,2022-10-28,V1210,D033,C01270,Tamil Nadu,8,72316.0,1080700.0,42000.0,1001000
S04237,2023-07-15,V1031,D012,C01217,Uttar Pradesh,8,63211.0,841700.0,39300.0,835000
S04238,2024-03-19,V1184,D035,C02207,West Bengal,7,28336.0,1658700.0,153200.0,1445000
S04239,2022-06-28,V1175,D004,C00460,Telangana,5,84923.0,851400.0,24500.0,789000
S04240,2024-10-22,V1261,D020,C02303,West Bengal,6,95673.0,229100.0,14600.0,176000
S04241,2023-10-31,V1133,D013,C02195,West Bengal,8,73865.0,1846400.0,51900.0,1876000
S04242,2025-07-11,V1232,D015,C02093,Karnataka,8,37926.0,696000.0,34100.0,670000
S04243,2023-02-12,V1214,D036,C00657,Uttar Pradesh,8,84413.0,1631700.0,272300.0,1348000
S04244,2022-03-17,V1164,D022,C00663, telangana ,6,76637.0,1212500.0,117000.0,1246000
S04245,2023-04-01,V1349,D013,C00785,Gujarat,9,80787.0,1116300.0,28400.0,1014000
S04246,2025-11-23,V1153,D029,C00670,Rajasthan,7,116590.0,723800.0,54400.0,605000
S04247,2023-04-16,V1383,D024,C00254,Rajasthan,6,71656.0,1784900.0,158600.0,1720000
S04248,2024-10-25,V1126,D032,C02160,Maharashtra,9,54529.0,837600.0,11200.0,856000
S04249,2025-05-17,V1433,D018,C01465,Telangana,10,63296.0,888800.0,27700.0,846000
S04250,2023-02-20,V1183,D027,C02040,Maharashtra,8,62892.0,1320300.0,167700.0,1119000
S04251,2024-07-27,V1021,D024,C02335,West Bengal,7,99595.0,393600.0,0.0,396000
S04252,2022-10-26,V1075,D036,C00694,Maharashtra,5,62077.0,1703600.0,119900.0,1711000
S04253,2023-06-14,V1404,D015,C01141,Tamil Nadu,6,52727.0,1514900.0,158000.0,1497000
S04254,2023-03-09,V1437,D024,C00383,Tamil Nadu,8,72941.0,1266300.0,127600.0,1297000
S04255,2024-09-09,V1106,D006,C02469,Delhi,8,85658.0,470100.0,45500.0,419000
S04256,2025-07-03,V1302,D018,C00356,Kerala,7,75097.0,868500.0,74900.0,804000
S04257,2023-01-04,V1288,D008,C02075,Delhi,8,90461.0,302600.0,39900.0,285000
S04258,2023-03-02,V1067,D023,C01211,Tamil Nadu,6,47753.0,2470400.0,257800.0,2406000
S04259,2025-04-14,V1226,D004,C00127,Kerala,8,77618.0,1800500.0,0.0,1834000
S04260,2023-11-08,V1347,D016,C00762,Telangana,6,48319.0,1253100.0,50200.0,1106000
S04261,2024-01-20,V1484,D027,C01029,Karnataka,5,48258.0,1215600.0,37900.0,1068000
S04262,2024-10-28,V1424,D020,C01006,Gujarat,8,15765.0,845100.0,61300.0,787000
S04263,2022-07-21,V1049,D033,C01636,Tamil Nadu,6,125316.0,460900.0,37900.0,422000
S04264,2025-06-27,V1119,D034,C00770,Tamil Nadu,5,75619.0,1199400.0,98800.0,992000
S04265,2023-06-18,V1219,D023,C01907,Uttar Pradesh,7,65437.0,1282200.0,157300.0,1155000
S04266,2024-08-20,V1076,D004,C00819,Rajasthan,10,43349.0,1382700.0,101300.0,1351000
S04267,2023-09-24,V1286,D001,C00372,Karnataka,7,105999.0,423100.0,81200.0,332000
S04268,2025-01-05,V1005,D036,C01119,Delhi,10,130117.0,462500.0,90300.0,360000
S04269,2024-06-12,V1057,D014,C01945,Rajasthan,6,115077.0,981700.0,157000.0,807000
S04270,2022-09-11,V1024,D029,C00263,Maharashtra,10,51925.0,1081700.0,48100.0,1008000
S04271,2022-10-02,V1148,D026,C02070,Telangana,6,51570.0,1194800.0,39100.0,1212000
S04272,2025-07-05,V1382,D035,C00111,Kerala,4,97383.0,827600.0,144100.0,650000
S04273,2024-01-30,V1089,D009,C02354,Tamil Nadu,6,129914.0,827300.0,229200.0,591000
S04274,2023-02-07,V1494,D025,C01929,West Bengal,6,79901.0,1853900.0,142100.0,1691000
S04275,2022-07-29,V1135,D006,C00514,Karnataka,7,49697.0,1678700.0,50000.0,1646000
S04276,2022-07-07,V1023,D026,C00129,Telangana,8,74666.0,1177400.0,77000.0,1112000
S04277,2025-09-05,V1168,D023,C01250,Karnataka,8,60753.0,730300.0,57400.0,662000
S04278,2025-11-27,V1375,D020,C00502,Maharashtra,9,50866.0,339000.0,32500.0,300000
S04279,2023-07-29,V1054,D028,C01809,Maharashtra,7,102554.0,1490000.0,137700.0,1514000
S04280,2022-10-22,V1036,D027,C01523,Uttar Pradesh,9,70059.0,1583200.0,123300.0,1514000
S04281,2023-09-04,V1425,D033,C00312,Maharashtra,8,76880.0,653400.0,37300.0,681000
S04282,2022-07-19,V1297,D018,C02486,Tamil Nadu,8,133247.0,390300.0,0.0,397000
S04283,2024-03-14,V1172,D005,C01661,Maharashtra,6,69162.0,521400.0,40500.0,488000
S04284,2024-07-03,V1379,D030,C00015,West Bengal,7,42921.0,479300.0,29800.0,431000
S04285,2025-12-10,V1423,D023,C01591,KARNATAKA,6,47124.0,1085000.0,32100.0,1089000
S04286,2023-04-11,V1180,D021,C01247,Karnataka,7,70403.0,1131900.0,142100.0,887000
S04287,2022-10-17,V1281,D018,C00486,Rajasthan,9,128091.0,321200.0,32000.0,255000
S04288,2022-07-14,V1006,D038,C01025,Telangana,7,113014.0,415500.0,53400.0,363000
S04289,2023-07-06,V1154,D005,C01069,Delhi,9,96430.0,1480700.0,51500.0,1390000
S04290,2024-05-28,V1298,D023,C00563,Gujarat,7,90549.0,210000.0,41600.0,163000
S04291,2022-04-08,V1099,D036,C01182,Maharashtra,10,104526.0,1158500.0,16000.0,1130000
S04292,2025-01-13,V1496,D004,C01345,Delhi,5,36405.0,2154700.0,157300.0,1936000
S04293,2023-11-04,V1486,D014,C00781,Telangana,8,60443.0,673200.0,93700.0,553000
S04294,2025-03-04,V1129,D020,C02250,Delhi,7,82883.0,1617200.0,109100.0,1368000
S04295,2023-11-09,V1199,D036,C02425,Karnataka,7,67057.0,1781000.0,158800.0,1564000
S04296,2022-08-16,V1095,D020,C00915,Maharashtra,7,96004.0,994900.0,122700.0,772000
S04297,2022-02-01,V1252,D018,C00431,Gujarat,6,36244.0,1016000.0,118800.0,914000
S04298,2024-03-24,V1062,D027,C02231,Tamil Nadu,8,76854.0,865200.0,36100.0,793000
S04299,2024-02-28,V1196,D001,C01562, telangana ,4,40743.0,1968200.0,145900.0,1925000
S04300,2025-04-03,V1278,D019,C01761,Gujarat,8,88085.0,441600.0,45000.0,391000
S04301,2025-07-05,V1306,D025,C02141,Delhi,10,50978.0,1187400.0,114900.0,1094000
S04302,2022-08-24,V1299,D013,C00646,Delhi,8,99069.0,328400.0,31400.0,314000
S04303,2023-04-05,V1111,D010,C01976,Telangana,9,69678.0,829900.0,102200.0,649000
S04304,2022-10-31,V1397,D003,C00584,Maharashtra,8,106694.0,917000.0,195300.0,712000
S04305,2022-06-05,V1346,D016,C00610,Telangana,8,67440.0,944900.0,159800.0,851000
S04306,2022-01-04,V1377,D023,C00355,West Bengal,7,95148.0,447400.0,27800.0,447000
S04307,2022-05-01,V1234,D018,C00714,Maharashtra,7,91487.0,1653300.0,201900.0,1251000
S04308,2024-02-06,V1447,D019,C00121,Maharashtra,8,70585.0,1551500.0,181800.0,1396000
S04309,2022-08-10,V1195,D039,C01046,Uttar Pradesh,5,74446.0,2210800.0,90300.0,2151000
S04310,2022-10-12,V1403,D040,C01706,Uttar Pradesh,8,57051.0,1979400.0,121300.0,2015000
S04311,2022-06-22,V1102,D023,C00204,Karnataka,8,72264.0,844600.0,97100.0,785000
S04312,2024-11-24,V1124,D024,C02151,Karnataka,10,34656.0,2326800.0,190300.0,2049000
S04313,2024-07-17,V1264,D018,C02350,Uttar Pradesh,7,54913.0,330700.0,27500.0,319000
S04314,2025-11-06,V1278,D022,C01578,Telangana,6,86003.0,429900.0,38300.0,365000
S04315,2022-06-12,V1374,D017,C00917,Telangana,8,69020.0,391900.0,20000.0,389000
S04316,2022-11-01,V1149,D014,C01766,Tamil Nadu,6,95110.0,1291200.0,15400.0,1345000
S04317,2023-10-28,V1437,D038,C00502,Rajasthan,5,69212.0,420300.0,57500.0,378000
S04318,2024-08-06,V1165,D015,C01164,Maharashtra,4,106090.0,548900.0,69800.0,480000
S04319,2022-07-10,V1268,D004,C01838,Uttar Pradesh,6,61364.0,586300.0,71200.0,569000
S04320,2022-11-06,V1466,D015,C01778,Uttar Pradesh,7,63327.0,1339300.0,86500.0,1237000
S04321,2023-09-08,V1270,D024,C02387,West Bengal,8,90719.0,305700.0,35800.0,284000
S04322,2022-01-27,V1341,D020,C01288,Uttar Pradesh,7,84292.0,1761600.0,215600.0,1699000
S04323,2023-08-01,V1455,D038,C00329,Gujarat,5,63312.0,1751700.0,61200.0,1630000
S04324,2025-01-13,V1488,D017,C01448,Karnataka,10,49003.0,1146100.0,97300.0,1040000
S04325,2024-02-09,V1250,D002,C02377,Uttar Pradesh,5,41644.0,1032700.0,103300.0,989000
S04326,2023-09-27,V1209,D012,C02023,West Bengal,5,107944.0,519900.0,29900.0,499000
S04327,2023-12-14,V1099,D031,C00681,Kerala,9,101171.0,548900.0,0.0,540000
S04328,2025-10-15,V1269,D033,C01348,West Bengal,3,108888.0,242800.0,38800.0,169000
S04329,2024-01-31,V1460,D011,C00415,Karnataka,6,44409.0,2528100.0,200200.0,2154000
S04330,2024-02-20,V1244,D004,C02171,Delhi,6,30869.0,2032700.0,154900.0,2001000
S04331,2025-09-21,V1175,D004,C01026,Telangana,7,83628.0,772600.0,30900.0,765000
S04332,2022-08-19,V1054,D018,C01632,Karnataka,7,105391.0,519300.0,48200.0,394000
S04333,2022-05-21,V1195,D012,C01947,Rajasthan,9,66740.0,2042100.0,0.0,2126000
S04334,2023-10-20,V1119,D005,C01822,Kerala,6,82808.0,477200.0,23400.0,411000
S04335,2023-04-11,V1489,D025,C00644,Maharashtra,6,81510.0,556000.0,36100.0,546000
S04336,2022-10-24,V1264,D034,C01100,Rajasthan,5,62948.0,548800.0,42900.0,487000
S04337,2022-06-24,V1069,D007,C02434,Karnataka,8,95475.0,1853500.0,243700.0,1558000
S04338,2025-07-06,V1034,D037,C00993,Delhi,6,87218.0,441200.0,50900.0,391000
S04339,2024-06-16,V1426,D012,C02142,Uttar Pradesh,7,71943.0,965500.0,75100.0,866000
S04340,2024-10-06,V1466,D006,C01814,Tamil Nadu,7,66483.0,752300.0,53200.0,633000
S04341,2022-06-22,V1382,D028,C02270,Gujarat,9,97224.0,963200.0,98600.0,863000
S04342,2023-05-14,V1062,D026,C02376,Telangana,10,74515.0,846900.0,70800.0,742000
S04343,2024-06-26,V1050,D016,C00100,Kerala,9,88140.0,1558700.0,80900.0,1285000
S04344,2024-02-11,V1099,D005,C01967,Tamil Nadu,6,91783.0,883700.0,101700.0,795000
S04345,2024-10-12,V1376,D020,C01931,Rajasthan,6,19322.0,370900.0,27200.0,338000
S04346,2024-09-05,V1383,D014,C00565,Rajasthan,7,84081.0,699400.0,61500.0,667000
S04347,2023-08-27,V1419,D039,C01596,Karnataka,8,65027.0,771400.0,50600.0,761000
S04348,2025-02-17,V1049,D009,C00565,Gujarat,7,118207.0,421000.0,68500.0,357000
S04349,2023-01-15,V1077,D008,C00971,Telangana,9,83924.0,1171300.0,96000.0,1097000
S04350,2022-04-28,V1451,D003,C02050,Uttar Pradesh,10,55761.0,594100.0,47000.0,542000
S04351,2025-08-27,V1465,D027,C00283,Gujarat,7,73532.0,1167800.0,75400.0,1114000
S04352,2022-02-02,V1363,D016,C00093,West Bengal,7,38954.0,433000.0,27900.0,405000
S04353,2023-02-19,V1054,D036,C00133,Kerala,10,100178.0,1531700.0,160300.0,1249000
S04354,2022-06-17,V1035,D018,C01616,Rajasthan,8,69569.0,1160500.0,0.0,1307000
S04355,2022-12-05,V1028,D031,C01444,Telangana,6,67432.0,1090400.0,58800.0,988000
S04356,2023-08-01,V1346,D029,C01092,Delhi,9,86061.0,1763700.0,60900.0,1640000
S04357,2022-07-09,V1423,D033,C02218,Delhi,10,34504.0,1073700.0,48200.0,1038000
S04358,2023-11-13,V1316,D020,C00808,Uttar Pradesh,4,33401.0,2245300.0,91600.0,2049000
S04359,2025-09-16,V1132,D012,C00729,Gujarat,10,40996.0,1822700.0,26300.0,1620000
S04360,2022-07-19,V1379,D023,C02066,Karnataka,7,52102.0,521500.0,29400.0,482000
S04361,2025-09-15,V1030,D012,C00205,Delhi,9,97337.0,1217500.0,85900.0,1135000
S04362,2023-08-24,V1415,D030,C01666,West Bengal,7,61366.0,807700.0,30300.0,824000
S04363,2024-05-15,V1446,D033,C01110,Delhi,7,83568.0,1334100.0,0.0,1475000
S04364,2023-10-08,V1360,D017,C01570,Maharashtra,8,58376.0,2015200.0,186300.0,2037000
S04365,2023-04-08,V1440,D040,C00816,Rajasthan,5,24331.0,574200.0,73500.0,513000
S04366,2022-06-09,V1294,D002,C01110,West Bengal,7,95122.0,301600.0,20900.0,217000
S04367,2024-05-16,V1235,D019,C00512,Karnataka,7,56823.0,1742100.0,152300.0,1671000
S04368,2025-09-01,V1162,D038,C01503,West Bengal,8,113599.0,694600.0,118200.0,705000
S04369,2024-01-31,V1461,D022,C01845,Kerala,6,94046.0,511200.0,49100.0,479000
S04370,2024-05-25,V1349,D024,C00995,Uttar Pradesh,8,90111.0,583000.0,107200.0,439000
S04371,2024-07-29,V1096,D008,C00500,Uttar Pradesh,7,71025.0,545200.0,34300.0,527000
S04372,2023-07-22,V1479,D009,C00287,Uttar Pradesh,8,30879.0,1159400.0,92800.0,1131000
S04373,2022-06-26,V1030,D027,C00022,Uttar Pradesh,5,92828.0,416900.0,56400.0,341000
S04374,2024-01-11,V1294,D008,C01300,Gujarat,7,109521.0,303700.0,35600.0,273000
S04375,2025-06-23,V1096,D009,C00155,Kerala,8,72744.0,744900.0,9100.0,789000
S04376,2023-04-05,V1333,D001,C01312,Karnataka,8,107866.0,1024000.0,104000.0,868000
S04377,2025-06-27,V1207,D032,C02489,Karnataka,6,75499.0,501800.0,21500.0,452000
S04378,2025-06-02,V1219,D035,C01603,Uttar Pradesh,9,81688.0,987700.0,70200.0,934000
S04379,2022-12-24,V1336,D007,C01584,Gujarat,9,72057.0,1681300.0,127900.0,1741000
S04380,2024-04-20,V1379,D040,C02158,Uttar Pradesh,6,61750.0,661500.0,55900.0,622000
S04381,2024-12-28,V1191,D013,C00615,Tamil Nadu,6,59246.0,2232100.0,139900.0,1862000
S04382,2023-12-25,V1499,D002,C02276,Karnataka,6,59393.0,2015800.0,212300.0,1893000
S04383,2024-10-18,V1250,D014,C02108,Kerala,9,56668.0,758400.0,19200.0,715000
S04384,2025-08-23,V1081,D031,C00089,Maharashtra,9,108655.0,752600.0,156700.0,591000
S04385,2024-07-05,V1004,D012,C00387,Karnataka,7,96341.0,946600.0,41700.0,908000
S04386,2025-05-09,V1102,D033,C00300,West Bengal,9,112770.0,757300.0,80200.0,709000
S04387,2025-03-16,V1346,D028,C00294,Gujarat,7,82973.0,1460500.0,148000.0,1367000
S04388,2025-04-02,V1270,D037,C00874,Gujarat,9,80465.0,476700.0,34900.0,488000
S04389,2025-05-30,V1169,D020,C00058,West Bengal,9,123536.0,338300.0,9700.0,348000
S04390,2022-11-26,V1241,D003,C01509,Uttar Pradesh,8,56021.0,512600.0,19300.0,515000
S04391,2022-01-27,V1420,D028,C02198,Maharashtra,6,44718.0,1545700.0,48100.0,1590000
S04392,2022-08-12,V1286,D014,C01940,Uttar Pradesh,9,86887.0,359700.0,35600.0,339000
S04393,2022-12-31,V1030,D012,C00833,Delhi,8,96439.0,816900.0,93700.0,744000
S04394,2024-10-05,V1025,D024,C00758,West Bengal,5,106437.0,956100.0,119800.0,941000
S04395,2024-01-16,V1242,D039,C00475,Rajasthan,8,41121.0,1978800.0,102500.0,1634000
S04396,2023-11-16,V1203,D011,C00205,Gujarat,6,66480.0,1123000.0,119100.0,908000
S04397,2022-01-14,V1426,D025,C02387,Maharashtra,5,69037.0,754400.0,90700.0,642000
S04398,2024-09-25,V1292,D006,C01465,West Bengal,7,76550.0,362400.0,59100.0,296000
S04399,2023-06-17,V1379,D034,C00569,Tamil Nadu,5,43280.0,648400.0,37100.0,657000
S04400,2025-01-16,V1293,D006,C02283,Uttar Pradesh,7,126074.0,378400.0,42100.0,370000
S04401,2022-06-14,V1173,D029,C02418,Kerala,6,112215.0,722100.0,108900.0,667000
S04402,2023-03-08,V1329,D003,C00549,Tamil Nadu,8,98993.0,791400.0,66300.0,844000
S04403,2022-03-21,V1311,D026,C00604, telangana ,8,46961.0,1534900.0,30800.0,1498000
S04404,2023-02-20,V1361,D030,C01703,Delhi,7,83507.0,550600.0,38500.0,533000
S04405,2025-09-11,V1095,D025,C01515,Telangana,9,79243.0,481300.0,52500.0,352000
S04406,2023-12-19,V1321,D003,C02282,Karnataka,7,92726.0,402900.0,16700.0,403000
S04407,2023-10-05,V1143,D033,C02201,Rajasthan,8,77521.0,1662100.0,98500.0,1438000
S04408,2023-02-04,V1396,D011,C01115,Gujarat,7,76702.0,708900.0,91500.0,585000
S04409,2023-01-22,V1400,D008,C01335,Telangana,8,61098.0,695800.0,38300.0,627000
S04410,2024-09-01,V1313,D002,C02273,Rajasthan,10,87766.0,1606500.0,100200.0,1379000
S04411,2025-12-10,V1474,D007,C01691,Kerala,7,50035.0,699500.0,68000.0,610000
S04412,2024-12-26,V1269,D034,C00496,Rajasthan,9,119439.0,251700.0,13000.0,255000
S04413,2024-12-12,V1013,D012,C01496,Maharashtra,8,141084.0,676100.0,19900.0,601000
S04414,2023-11-21,V1304,D036,C00039,Delhi,6,34582.0,638400.0,25100.0,561000
S04415,2022-05-25,V1389,D028,C00859,West Bengal,8,117501.0,513300.0,106700.0,440000
S04416,2024-11-23,V1051,D026,C00016,Delhi,7,87896.0,1689600.0,300900.0,1381000
S04417,2025-03-27,V1053,D009,C00664,Delhi,9,117390.0,1425500.0,0.0,1573000
S04418,2024-01-16,V1137,D006,C00755,Telangana,4,88006.0,1230800.0,76600.0,1281000
S04419,2022-05-14,V1423,D009,C01403,Maharashtra,9,21368.0,592500.0,45500.0,512000
S04420,2024-11-07,V1264,D017,C02248,Gujarat,10,41984.0,513800.0,42100.0,529000
S04421,2025-09-07,V1489,D004,C02160,Gujarat,8,94459.0,963300.0,112100.0,828000
S04422,2022-11-25,V1437,D023,C01030,Karnataka,5,59419.0,1025800.0,54000.0,1064000
S04423,2022-08-21,V1278,D029,C01962,Uttar Pradesh,9,89027.0,399400.0,0.0,368000
S04424,2024-12-15,V1340,D030,C00227,Delhi,6,59694.0,1829500.0,,1800000
S04425,2023-04-30,V1166,D033,C01998,Maharashtra,6,118869.0,476000.0,17600.0,468000
S04426,2024-11-10,V1046,D034,C00510,Kerala,8,109253.0,769700.0,93600.0,666000
S04427,2024-10-24,V1200,D015,C01697,Telangana,7,41720.0,733600.0,46700.0,638000
S04428,2023-01-25,V1297,D012,C01739,Telangana,9,110969.0,297800.0,59200.0,268000
S04429,2022-03-03,V1092,D009,C00304,Telangana,10,83959.0,1128000.0,127700.0,1074000
S04430,2024-03-23,V1111,D031,C00227,Gujarat,6,73974.0,566600.0,33400.0,528000
S04431,2023-08-19,V1008,D012,C01865,Rajasthan,10,88402.0,1171100.0,19400.0,1166000
S04432,2025-06-03,V1368,D019,C01732,Maharashtra,7,20386.0,697600.0,22800.0,655000
S04433,2023-06-08,V1450,D001,C00584,Karnataka,8,68774.0,1984600.0,166800.0,2006000
S04434,2022-12-31,V1414,D006,C00789,Maharashtra,7,68109.0,1200800.0,34500.0,1172000
S04435,2025-06-10,V1190,D033,C01933,Telangana,7,69481.0,1408300.0,121400.0,1309000
S04436,2024-12-11,V1297,D020,C00083,Delhi,6,118226.0,312100.0,60000.0,214000
S04437,2024-06-22,V1481,D029,C01055,Kerala,9,92653.0,1191400.0,103200.0,1126000
S04438,2025-10-25,V1296,D003,C01419,Telangana,8,68828.0,481600.0,33200.0,471000
S04439,2025-02-17,V1148,D014,C00652,West Bengal,9,49154.0,1617400.0,132500.0,1329000
S04440,2025-06-19,V1170,D032,C01745,Kerala,5,104495.0,511200.0,20200.0,494000
S04441,2025-03-13,V1364,D035,C00874,Kerala,6,20308.0,650000.0,56600.0,617000
S04442,2023-08-10,V1224,D017,C01524,Delhi,8,40302.0,2041000.0,83500.0,1963000
S04443,2022-04-02,V1419,D003,C00548,West Bengal,7,45374.0,1219500.0,75500.0,1172000
S04444,2024-06-06,V1433,D011,C01493,Delhi,8,57360.0,1150500.0,45000.0,1119000
S04445,2025-01-22,V1018,D034,C02094,Delhi,8,107858.0,949000.0,17500.0,876000
S04446,2025-12-19,V1362,D009,C01122,Delhi,7,64590.0,618900.0,25300.0,608000
S04447,2024-09-22,V1185,D008,C01956,Kerala,6,89528.0,1372400.0,127400.0,1372000
S04448,2024-04-10,V1260,D013,C02470,Telangana,7,21796.0,1441700.0,43600.0,1399000
S04449,2024-04-21,V1133,D019,C00073,Delhi,9,91351.0,1185800.0,31800.0,1170000
S04450,2022-06-18,V1185,D014,C01393,West Bengal,7,96710.0,1153400.0,109200.0,921000
S04451,2022-01-11,V1166,D027,C00572,Telangana,5,99995.0,881100.0,133800.0,624000
S04452,2022-03-08,V1026,D025,C00763,Maharashtra,10,80392.0,1293600.0,142800.0,1177000
S04453,2025-08-15,V1392,D036,C01242,Telangana,10,56155.0,672200.0,55200.0,592000
S04454,2025-02-28,V1072,D028,C01481,Karnataka,6,29548.0,2481600.0,169900.0,2396000
S04455,2023-01-16,V1188,D026,C01722,Rajasthan,10,51926.0,1955600.0,202600.0,1551000
S04456,2023-09-11,V1097,D002,C00745,Maharashtra ,6,114034.0,349200.0,9500.0,317000
S04457,2023-12-08,V1081,D006,C00364,Kerala,6,111974.0,499000.0,83300.0,343000
S04458,2022-12-27,V1187,D018,C01015,Tamil Nadu,7,48416.0,2147400.0,268000.0,1783000
S04459,2023-09-10,V1460,D014,C01659,Gujarat,6,52957.0,1103800.0,58100.0,1108000
S04460,2023-05-23,V1473,D001,C01281,Karnataka,7,69618.0,684100.0,67100.0,626000
S04461,2024-10-12,V1191,D002,C01809,Delhi,7,51455.0,963400.0,66300.0,876000
S04462,2025-01-11,V1253,D027,C01875,Telangana,9,76308.0,1130600.0,181600.0,958000
S04463,2022-05-24,V1493,D008,C02449,Maharashtra,8,96030.0,1026500.0,152700.0,805000
S04464,2023-11-11,V1118,D031,C01759,Karnataka,7,97896.0,900200.0,97200.0,730000
S04465,2025-12-19,V1473,D036,C00215,Maharashtra,6,73197.0,1036200.0,29700.0,980000
S04466,2025-06-22,V1053,D035,C00194,Kerala,5,131063.0,890100.0,100600.0,795000
S04467,2025-03-05,V1113,D038,C01082,Uttar Pradesh,5,95987.0,707300.0,57400.0,575000
S04468,2024-12-09,V1170,D004,C00195,Rajasthan,8,101398.0,833300.0,86800.0,818000
S04469,2022-01-07,V1019,D033,C01510,Rajasthan,8,95078.0,442100.0,31400.0,473000
S04470,2025-11-24,V1408,D001,C02156,Gujarat,6,39394.0,1761300.0,111400.0,1685000
S04471,2024-12-10,V1428,D020,C01543,Telangana,8,28094.0,1333700.0,99200.0,1287000
S04472,2025-07-22,V1192,D024,C00868,Uttar Pradesh,9,47944.0,1686200.0,204900.0,1482000
S04473,2025-08-20,V1419,D019,C00834,Tamil Nadu,6,65272.0,686000.0,18200.0,697000
S04474,2023-01-07,V1387,D019,C02257,Maharashtra,3,86264.0,1697500.0,172500.0,1251000
S04475,2022-01-21,V1401,D026,C02245,Telangana,7,99087.0,1596300.0,148400.0,1410000
S04476,2024-08-20,V1402,D035,C01346,Karnataka,6,68105.0,1902300.0,49400.0,1802000
S04477,2023-11-02,V1287,D038,C01917,Gujarat,5,90878.0,296800.0,20400.0,288000
S04478,2022-01-31,V1056,D020,C00634,Delhi,6,80938.0,986700.0,0.0,977000
S04479,2023-01-31,V1462,D026,C01276,Rajasthan,8,44536.0,1095400.0,0.0,1035000
S04480,2025-12-19,V1305,D034,C00727,Maharashtra,8,82599.0,1841900.0,42700.0,1826000
S04481,2023-06-15,V1451,D001,C02139,Tamil Nadu,7,48453.0,1312100.0,147200.0,1229000
S04482,2023-01-17,V1480,D034,C01808,Maharashtra,7,38178.0,1571000.0,89600.0,1569000
S04483,2024-08-14,V1094,D036,C02139,Gujarat,10,103431.0,832000.0,115200.0,668000
S04484,2024-08-29,V1202,D001,C00255,Rajasthan,7,96200.0,602400.0,64800.0,548000
S04485,2023-05-01,V1097,D037,C02494,Maharashtra,5,114658.0,313100.0,69700.0,235000
S04486,2025-05-25,V1026,D009,C01431,Karnataka,6,90059.0,670700.0,99600.0,499000
S04487,2024-04-27,V1484,D014,C01705,West Bengal,5,40443.0,2283500.0,11500.0,2334000
S04488,2022-08-23,V1462,D034,C00698,Delhi,7,43463.0,503400.0,41500.0,475000
S04489,2023-04-20,V1466,D011,C02393,Gujarat,8,63362.0,1402600.0,130300.0,1339000
S04490,2025-05-23,V1442,D004,C00740,Telangana,8,87169.0,1491300.0,167500.0,1271000
S04491,2022-05-11,V1325,D008,C01666,West Bengal,8,89769.0,1327500.0,226700.0,981000
S04492,2022-01-18,V1262,D040,C01619,Uttar Pradesh,8,88076.0,343600.0,30400.0,316000
S04493,2024-08-17,V1496,D014,C01319,Rajasthan,6,29549.0,1605600.0,154200.0,1532000
S04494,2023-10-08,V1277,D010,C00347,Telangana,4,99261.0,320600.0,0.0,325000
S04495,2023-01-05,V1322,D020,C01844,West Bengal,7,77947.0,487500.0,43000.0,443000
S04496,2023-11-21,V1106,D004,C00215,Delhi,9,86004.0,972500.0,76400.0,863000
S04497,2022-09-26,V1374,D011,C01645,Maharashtra,9,47474.0,591800.0,47200.0,578000
S04498,2023-07-01,V1410,D012,C00670,Gujarat,9,76361.0,1991300.0,168700.0,1867000
S04499,2022-12-08,V1340,D008,C01217,Uttar Pradesh,5,63360.0,1973300.0,144600.0,1877000
S04500,2024-05-06,V1250,D031,C00238,Tamil Nadu,9,65665.0,1033800.0,40300.0,1020000
S04501,2024-09-11,V1099,D016,C00593,Delhi,10,83625.0,1182300.0,155700.0,976000
S04502,2025-08-29,V1017,D013,C00052,Tamil Nadu,8,134979.0,645600.0,48700.0,599000
S04503,2022-04-09,V1314,D018,C00201,Telangana,6,65102.0,622400.0,36500.0,675000
S04504,2023-04-23,V1342,D022,C02414,Karnataka,8,74963.0,1623200.0,168800.0,1460000
S04505,2023-01-22,V1387,D027,C01032,Kerala,10,82972.0,1672000.0,43600.0,1574000
S04506,2024-04-26,V1476,D019,C01513,Rajasthan,9,11367.0,698000.0,27200.0,658000
S04507,2024-02-18,V1249,D020,C00415,Karnataka,6,86561.0,1061600.0,74700.0,1086000
S04508,2025-07-05,V1415,D012,C01829,Tamil Nadu,9,59424.0,1705200.0,126200.0,1635000
S04509,2025-09-04,V1359,D021,C00260,Kerala,7,71241.0,1126000.0,93900.0,1073000
S04510,2025-02-03,V1139,D004,C01531,Kerala,5,58854.0,1478000.0,16000.0,1511000
S04511,2022-10-18,V1423,D003,C01382,Maharashtra,7,42015.0,921900.0,0.0,962000
S04512,2022-03-01,V1027,D004,C02001,Uttar Pradesh,6,77129.0,749600.0,98400.0,630000
S04513,2025-08-06,V1300,D035,C01158,Maharashtra,10,79703.0,389800.0,0.0,398000
S04514,2025-10-09,V1471,D008,C01453,Telangana,7,54809.0,727800.0,46100.0,680000
S04515,2023-01-01,V1330,D005,C01027,Karnataka,7,87960.0,1703600.0,141200.0,1695000
S04516,2022-03-10,V1469,D008,C00760,Karnataka,4,85853.0,504900.0,19700.0,478000
S04517,2024-09-21,V1029,D015,C01454,Delhi,8,88714.0,753600.0,132100.0,614000
S04518,2024-05-10,V1267,D030,C00985,Uttar Pradesh,7,63530.0,414900.0,23900.0,392000
S04519,2025-07-22,V1391,D018,C01083,Karnataka,8,92824.0,1440900.0,104200.0,1535000
S04520,2024-04-20,V1322,D040,C00255,Uttar Pradesh,5,71996.0,666700.0,68600.0,651000
S04521,2025-01-15,V1441,D018,C01309,Maharashtra,8,86977.0,510800.0,29400.0,438000
S04522,2025-02-22,V1232,D033,C01591,Maharashtra,8,33998.0,2442800.0,173600.0,2297000
S04523,2022-01-15,V1342,D007,C02329,Maharashtra,8,71795.0,943600.0,0.0,908000
S04524,2022-08-05,V1210,D035,C02088,Kerala,8,76218.0,1321000.0,102500.0,1219000
S04525,2025-02-13,V1437,D019,C01972,Delhi,10,77335.0,1176200.0,86400.0,1190000
S04526,2022-09-20,V1060,D036,C02177,Kerala,4,83945.0,513900.0,55300.0,384000
S04527,2022-10-29,V1128,D040,C01994,Karnataka,9,44182.0,1677600.0,24700.0,1655000
S04528,2025-01-03,V1049,D039,C00983,Kerala,8,129478.0,1297100.0,105500.0,1090000
S04529,2022-10-26,V1352,D014,C02145,Karnataka,7,48225.0,2298600.0,130700.0,2115000
S04530,2022-08-07,V1117,D015,C01914,Tamil Nadu,8,105873.0,777100.0,123200.0,640000
S04531,2022-01-20,V1159,D032,C02084,Maharashtra,7,75570.0,1984600.0,82100.0,1939000
S04532,2023-11-17,V1419,D032,C00296,Rajasthan,7,45196.0,1436800.0,169300.0,1274000
S04533,2024-07-19,V1181,D024,C01145,Rajasthan,6,96100.0,830600.0,146100.0,601000
S04534,2024-12-04,V1073,D016,C00278,Karnataka,5,89028.0,837600.0,57000.0,818000
S04535,2025-08-16,V1011,D014,C02382,Gujarat,7,115560.0,570500.0,51400.0,557000
S04536,2024-08-09,V1114,D035,C00908,Delhi,9,90031.0,463000.0,13200.0,443000
S04537,2025-01-10,V1458,D033,C02241,Tamil Nadu,7,76556.0,1157600.0,61400.0,1106000
S04538,2022-11-04,V1275,D017,C00711,Tamil Nadu,10,72914.0,506500.0,32600.0,504000
S04539,2023-05-13,V1498,D021,C01308,Delhi,6,83232.0,1972200.0,273300.0,1637000
S04540,2023-03-21,V1108,D006,C01745,Uttar Pradesh,6,57016.0,1183200.0,66800.0,1044000
S04541,2022-04-06,V1176,D006,C01529,Rajasthan,8,65624.0,784700.0,61400.0,694000
S04542,2025-11-16,V1082,D001,C01426,Tamil Nadu,5,104404.0,850200.0,115300.0,726000
S04543,2022-12-19,V1200,D034,C01646,Telangana,9,32605.0,1414500.0,117600.0,1318000
S04544,2023-10-18,V1282,D011,C01392,West Bengal,10,104632.0,355700.0,16400.0,328000
S04545,2023-06-06,V1405,D019,C00209,West Bengal,6,88080.0,1453300.0,216000.0,1335000
S04546,2022-03-06,V1185,D029,C00834,Rajasthan,4,85491.0,728400.0,93700.0,622000
S04547,2025-08-12,V1386,D005,C00701,Delhi,7,108431.0,640500.0,57400.0,615000
S04548,2022-11-17,V1314,D007,C00548,West Bengal,6,61197.0,834000.0,85200.0,734000
S04549,2022-05-27,V1146,D008,C01527,Tamil Nadu,9,79694.0,877100.0,93700.0,771000
S04550,2023-05-16,V1457,D025,C02003,Kerala,8,81378.0,1179500.0,84000.0,1108000
S04551,2022-07-30,V1218,D024,C02059,Maharashtra,9,91651.0,1307500.0,101600.0,1141000
S04552,2025-12-31,V1076,D002,C01123,Kerala,6,29316.0,1996100.0,125300.0,1847000
S04553,2022-10-04,V1482,D026,C01268,Gujarat,8,71769.0,877500.0,23700.0,908000
S04554,2023-03-19,V1457,D023,C01587,Tamil Nadu,7,79548.0,1097800.0,224200.0,917000
S04555,2023-02-01,V1025,D011,C01618,Gujarat,7,104429.0,436100.0,29800.0,406000
S04556,2022-02-08,V1452,D040,C02176,Rajasthan,8,37752.0,838600.0,66900.0,760000
S04557,2022-01-19,V1474,D040,C00084,Karnataka,8,78281.0,632100.0,42700.0,595000
S04558,2024-01-20,V1415,D035,C01134,Telangana,6,66614.0,1213000.0,97600.0,1113000
S04559,2022-12-07,V1128,D028,C01549,West Bengal,6,29988.0,1842800.0,95300.0,1758000
S04560,2022-05-03,V1316,D006,C00104,Delhi,7,49069.0,2097600.0,148200.0,1886000
S04561,2023-03-02,V1270,D029,C02441,Maharashtra,6,84919.0,400000.0,37600.0,349000
S04562,2023-02-05,V1311,D013,C01292,Rajasthan,6,57731.0,615400.0,39000.0,574000
S04563,2023-09-12,V1309,D025,C01264,Karnataka,8,83842.0,546900.0,39800.0,511000
S04564,2025-12-20,V1320,D036,C00117,Uttar Pradesh,8,37039.0,1682000.0,40200.0,1571000
S04565,2023-03-25,V1258,D034,C00696,Rajasthan,5,62531.0,1599200.0,188800.0,1458000
S04566,2024-10-26,V1346,D010,C01302,Karnataka,5,71720.0,518600.0,22300.0,425000
S04567,2025-01-27,V1264,D032,C01755,West Bengal,7,56839.0,444300.0,22200.0,433000
S04568,2022-03-16,V1009,D022,C01607,Gujarat,5,132622.0,344200.0,15300.0,295000
S04569,2024-01-03,V1018,D033,C00156,Rajasthan,7,119356.0,309300.0,39500.0,234000
S04570,2023-10-18,V1480,D001,C00532,Uttar Pradesh,7,35922.0,1277300.0,58500.0,1336000
S04571,2024-01-12,V1455,D004,C01086,Kerala,7,56337.0,1698200.0,76600.0,1633000
S04572,2022-09-08,V1293,D014,C02393,West Bengal,9,121149.0,322200.0,30800.0,305000
S04573,2023-11-11,V1088,D028,C01678,Delhi,8,91692.0,993400.0,87200.0,848000
S04574,2022-06-29,V1391,D002,C01265,Rajasthan,6,89147.0,1742100.0,146600.0,1449000
S04575,2025-10-13,V1072,D025,C00394,Delhi,7,47924.0,2084500.0,2700.0,1972000
S04576,2024-05-07,V1189,D014,C01202,Rajasthan,8,87409.0,616000.0,0.0,653000
S04577,2022-02-20,V1165,D030,C01461,Gujarat,6,133818.0,798300.0,156700.0,661000
S04578,2024-01-09,V1007,D031,C02109,Delhi,6,81036.0,509900.0,15100.0,463000
S04579,2025-09-15,V1404,D011,C00632,Kerala,7,43242.0,1394200.0,29100.0,1281000
S04580,2024-12-21,V1255,D028,C00976,Karnataka,8,58255.0,1867100.0,111600.0,1915000
S04581,2023-02-03,V1159,D009,C00995,Karnataka,9,78977.0,866800.0,35700.0,885000
S04582,2025-07-27,V1254,D036,C00352,Telangana,9,61537.0,1981100.0,30200.0,2164000
S04583,2022-09-29,V1001,D030,C01050,Uttar Pradesh,6,139043.0,640900.0,29600.0,654000
S04584,2022-12-27,V1219,D008,C01586,West Bengal,7,63600.0,1760500.0,150400.0,1649000
S04585,2022-08-15,V1260,D036,C00892,Delhi,9,20110.0,2441900.0,195400.0,2092000
S04586,2025-09-10,V1170,D032,C01212,Telangana,9,90074.0,786100.0,112400.0,641000
S04587,2024-11-13,V1416,D026,C01095,West Bengal,10,32970.0,1757000.0,129000.0,1578000
S04588,2024-01-27,V1125,D040,C02283,Uttar Pradesh,8,83533.0,862800.0,115900.0,733000
S04589,2024-09-02,V1069,D033,C00052,West Bengal,10,67276.0,550400.0,55600.0,494000
S04590,2023-01-14,V1264,D021,C00305,Telangana,8,61672.0,599600.0,79200.0,434000
S04591,2022-04-14,V1444,D013,C01235,Rajasthan,5,43930.0,2268800.0,249600.0,2120000
S04592,2025-05-20,V1188,D015,C01681,Uttar Pradesh,9,49219.0,1584600.0,172100.0,1299000
S04593,2025-11-09,V1024,D016,C01869,West Bengal,9,72504.0,1389600.0,55000.0,1306000
S04594,2022-02-21,V1485,D003,C01546,Delhi,7,91272.0,1758200.0,78500.0,1581000
S04595,2022-03-17,V1223,D038,C02183,Tamil Nadu,7,62732.0,725600.0,100700.0,602000
S04596,2024-03-28,V1087,D011,C02188,West Bengal,5,96578.0,1123900.0,103300.0,1034000
S04597,2022-03-04,V1308,D017,C01046,Kerala,5,43315.0,1210300.0,81200.0,1137000
S04598,2024-11-20,V1160,D029,C00549,Uttar Pradesh,8,52787.0,842500.0,27000.0,776000
S04599,2025-10-13,V1469,D022,C00827,Gujarat,6,68490.0,870100.0,112400.0,742000
S04600,2023-02-14,V1147,D015,C01207,West Bengal,9,75061.0,694000.0,84800.0,630000
S04601,2023-03-07,V1276,D034,C02195,Karnataka,10,54066.0,509000.0,26300.0,484000
S04602,2025-06-15,V1272,D033,C00005,Uttar Pradesh,7,58232.0,558300.0,49200.0,490000
S04603,2023-06-05,V1122,D013,C01453,Maharashtra,10,59970.0,1333700.0,133600.0,1132000
S04604,2022-12-18,V1250,D038,C00301,Uttar Pradesh,10,62662.0,1094100.0,44000.0,1079000
S04605,2022-05-04,V1055,D010,C00434,Tamil Nadu,7,90660.0,1553700.0,148600.0,1413000
S04606,2025-05-12,V1322,D015,C00236,Gujarat,6,74862.0,971800.0,45200.0,886000
S04607,2025-09-14,V1380,D036,C01805,Rajasthan,8,25318.0,735700.0,76300.0,648000
S04608,2022-04-25,V1476,D039,C01983,Kerala,3,39866.0,545300.0,30000.0,487000
S04609,2025-03-19,V1163,D011,C00686,Karnataka,9,81161.0,1056600.0,22000.0,1044000
S04610,2022-08-22,V1143,D038,C01478,Rajasthan,7,72681.0,1172300.0,136600.0,1128000
S04611,2022-07-22,V1275,D010,C00161,Gujarat,10,81618.0,347000.0,17100.0,360000
S04612_DUP,2023-07-11,V1347,D015,C01235,Uttar Pradesh,9,70998.0,1360200.0,113100.0,1103000
S04613,2023-10-01,V1497,D007,C01232,Rajasthan,8,85390.0,1587300.0,140900.0,1292000
S04614,2025-06-01,V1013,D032,C01585,Uttar Pradesh,10,120104.0,373200.0,40800.0,341000
S04615,2024-10-19,V1120,D006,C01357,Kerala,6,58494.0,641500.0,34800.0,686000
S04616,2022-07-31,V1132,D008,C00753,Karnataka,6,44357.0,2021800.0,56400.0,1770000
S04617,2024-05-03,V1128,D027,C01015,Telangana,7,40803.0,1423900.0,87300.0,1256000
S04618,2025-07-03,V1232,D010,C02497,Rajasthan,7,51544.0,2478200.0,94200.0,2344000
S04619,2024-08-25,V1437,D013,C00435,Karnataka,6,79999.0,654900.0,27100.0,607000
S04620,2022-12-02,V1016,D022,C00879,Uttar Pradesh,5,76530.0,367200.0,39400.0,344000
S04621,2022-07-08,V1408,D032,C00808,Delhi,7,45442.0,1667200.0,31000.0,1643000
S04622,2023-10-24,V1309,D009,C02059,Gujarat,8,90076.0,1163900.0,37800.0,982000
S04623,2023-11-21,V1308,D012,C00395,Rajasthan,9,33767.0,1130100.0,151600.0,928000
S04624,2023-05-31,V1340,D014,C02278,Karnataka,8,65742.0,1033900.0,108500.0,965000
S04625,2022-06-09,V1058,D002,C02285,Tamil Nadu,8,98431.0,783200.0,119600.0,671000
S04626,2022-06-22,V1374,D037,C02083,Delhi,6,43852.0,329500.0,34900.0,318000
S04627,2024-02-12,V1125,D018,C00897,Uttar Pradesh,5,81406.0,1702600.0,156600.0,1344000
S04628,2025-10-11,V1259,D036,C01944,Rajasthan,7,39843.0,2502100.0,43900.0,2432000
S04629,2024-05-23,V1339,D031,C00249,Kerala,7,70664.0,1026600.0,113200.0,908000
S04630,2023-10-03,V1302,D019,C00511,Maharashtra,6,71703.0,1743700.0,276400.0,1533000
S04631,2025-09-22,V1162,D027,C01902,Karnataka,8,104823.0,897100.0,103500.0,857000
S04632,2024-10-05,V1199,D030,C00773,West Bengal,5,74349.0,1104000.0,61000.0,1040000
S04633,2024-11-14,V1239,D027,C00671,Karnataka,8,51891.0,2055000.0,172200.0,1890000
S04634,2024-04-20,V1021,D025,C02068,Rajasthan,10,112145.0,531200.0,72100.0,504000
S04635,2025-01-19,V1364,D005,C01375,Maharashtra,4,18029.0,701500.0,88900.0,649000
S04636,2024-01-04,V1050,D009,C00775,Rajasthan,7,107781.0,1504800.0,57400.0,1390000
S04637,2024-06-27,V1230,D001,C00905,Telangana,7,63503.0,1670900.0,198600.0,1348000
S04638,2024-06-19,V1328,D017,C01652,Karnataka,6,54672.0,2294900.0,166600.0,2071000
S04639,2025-01-04,V1041,D010,C01710,Uttar Pradesh,8,119301.0,1007300.0,96700.0,1034000
S04640,2025-08-05,V1498,D020,C01831,Uttar Pradesh,4,71115.0,1621800.0,121600.0,1489000
S04641,2023-03-06,V1189,D004,C01838,Tamil Nadu,9,99468.0,1061800.0,68800.0,928000
S04642,2024-10-18,V1008,D038,C01494,Gujarat,9,95996.0,1048200.0,0.0,881000
S04643,2022-02-16,V1330,D027,C01439,Karnataka,7,86703.0,822100.0,61100.0,762000
S04644,2024-02-17,V1279,D011,C01022,Kerala,6,55697.0,535200.0,37000.0,524000
S04645,2025-08-06,V1321,D026,C02220,Delhi,9,110724.0,1501900.0,288000.0,1471000
S04646,2024-07-31,V1376,D009,C00833,Uttar Pradesh,8,41960.0,632900.0,14600.0,625000
S04647,2023-01-27,V1238,D039,C00180,Kerala,7,75930.0,1134500.0,183100.0,983000
S04648,2024-06-04,V1414,D008,C00586,Karnataka,7,70782.0,1684200.0,65800.0,1632000
S04649,2023-06-07,V1186,D009,C01239,Kerala,7,62054.0,1911400.0,114100.0,1923000
S04650,2023-09-25,V1273,D020,C01456,Kerala,8,88013.0,227400.0,18700.0,213000
S04651,2022-11-30,V1080,D002,C01098,Telangana,8,35296.0,1982400.0,210400.0,1740000
S04652,2024-07-01,V1310,D001,C00978,West Bengal,7,80746.0,893900.0,64500.0,859000
S04653,2022-10-17,V1131,D011,C00432,Kerala,7,49953.0,1376600.0,116200.0,1310000
S04654,2023-10-11,V1349,D037,C02238,Karnataka,6,89998.0,1491500.0,70800.0,1495000
S04655,2025-10-04,V1401,D007,C01515,Delhi,6,84316.0,1037400.0,159300.0,937000
S04656,2025-01-11,V1430,D012,C00555,Karnataka,6,58201.0,898800.0,40800.0,850000
S04657,2023-08-29,V1465,D025,C01117,Maharashtra,9,92296.0,1188400.0,117800.0,1065000
S04658,2025-11-16,V1062,D020,C01465,West Bengal,6,92012.0,1363900.0,62800.0,1355000
S04659,2022-01-21,V1069,D015,C01374,Delhi,6,74026.0,1523300.0,221400.0,1175000
S04660,2025-11-03,V1464,D004,C00482,Tamil Nadu,9,40432.0,1333200.0,41000.0,1369000
S04661,2023-05-30,V1191,D005,C01614,West Bengal,6,52039.0,730300.0,47400.0,650000
S04662,2025-04-14,V1014,D005,C00219,Delhi,6,109975.0,636800.0,43500.0,643000
S04663,2025-10-16,V1144,D001,C01233,Rajasthan,6,65045.0,1016700.0,138900.0,876000
S04664,2024-05-29,V1419,D035,C01828,Karnataka,7,50271.0,1766600.0,59600.0,1716000
S04665,2024-06-10,V1178,D040,C01558,Kerala,8,97454.0,663100.0,27500.0,687000
S04666,2024-12-30,V1039,D031,C00297,Kerala,8,83580.0,1433900.0,39700.0,1328000
S04667,2022-12-17,V1362,D014,C01404,Kerala,8,64255.0,424200.0,38700.0,387000
S04668,2022-09-18,V1098,D040,C00530,Karnataka,8,110667.0,354300.0,12500.0,312000
S04669,2023-05-18,V1177,D032,C01586,Karnataka,8,107451.0,575000.0,123600.0,465000
S04670,2023-12-01,V1002,D036,C00663,Tamil Nadu,8,133008.0,779100.0,26400.0,655000
S04671,2024-12-21,V1301,D037,C01484,Telangana,7,98439.0,765300.0,51500.0,769000
S04672,2023-01-11,V1223,D013,C01433,Telangana,7,62406.0,1406300.0,109300.0,1335000
S04673,2024-04-05,V1434,D034,C00554,Maharashtra,8,63967.0,933100.0,18400.0,913000
S04674,2022-01-06,V1168,D036,C02270,Uttar Pradesh,7,49949.0,1286700.0,40800.0,1290000
S04675,2022-02-15,V1103,D015,C02312,Telangana,6,75935.0,1244300.0,118200.0,1185000
S04676,2025-11-13,V1083,D002,C00236,Telangana,4,87465.0,818400.0,0.0,770000
S04677,2025-05-27,V1101,D027,C01468,Maharashtra,8,109644.0,664300.0,75200.0,623000
S04678,2025-06-16,V1226,D038,C01191,Rajasthan,10,84624.0,1718100.0,178800.0,1758000
S04679,2023-04-26,V1044,D028,C01933,Rajasthan,8,74696.0,1610700.0,42700.0,1605000
S04680,2024-01-21,V1202,D022,C01032,West Bengal,6,83441.0,1131200.0,151000.0,1055000
S04681,2024-09-12,V1428,D005,C00617,West Bengal,9,23208.0,1433700.0,93000.0,1407000
S04682,2023-01-07,V1384,D024,C00074,Telangana,5,59534.0,1047700.0,700.0,981000
S04683,2024-12-23,V1319,D010,C02123,Karnataka,7,44352.0,773900.0,57200.0,709000
S04684,2024-10-09,V1447,D029,C00399,West Bengal,5,43008.0,1168300.0,101700.0,1028000
S04685,2023-08-19,V1391,D027,C01616,Gujarat,7,86096.0,926900.0,114700.0,708000
S04686,2023-09-28,V1327,D036,C00569,Maharashtra,7,74091.0,2001100.0,121400.0,1928000
S04687,2023-03-26,V1432,D010,C01636,Rajasthan,10,26426.0,1084900.0,71700.0,1117000
S04688,2025-03-19,V1063,D015,C02212,Kerala,6,66297.0,1955800.0,126800.0,1940000
S04689,2025-12-12,V1410,D019,C01605,Tamil Nadu,6,77044.0,776000.0,104600.0,605000
S04690,2025-12-31,V1148,D018,C01199,Telangana,10,64556.0,1277200.0,102700.0,1228000
S04691,2025-02-01,V1367,D025,C02404,Delhi,7,52412.0,608200.0,21800.0,584000
S04692,2023-05-26,V1457,D029,C01759,Tamil Nadu,6,85614.0,1573600.0,100400.0,1588000
S04693,2025-02-15,V1249,D028,C01848,Telangana,3,82875.0,548200.0,44500.0,505000
S04694,2022-12-24,V1045,D017,C01447,Gujarat,7,120401.0,1433400.0,224600.0,1401000
S04695,2025-08-02,V1186,D012,C01300,Rajasthan,9,63758.0,1533700.0,203600.0,1349000
S04696,2023-01-26,V1204,D029,C02459,Gujarat,7,57151.0,1274400.0,6200.0,1239000
S04697,2023-08-12,V1469,D037,C01511,Tamil Nadu,7,48660.0,431000.0,25100.0,369000
S04698,2022-05-17,V1472,D029,C01321,Maharashtra,8,24435.0,1300000.0,43800.0,1202000
S04699,2022-04-29,V1285,D011,C02075,Gujarat,5,126354.0,327200.0,12000.0,326000
S04700,2023-07-30,V1476,D039,C01309,Delhi,7,27191.0,1429400.0,28800.0,1420000
S04701,2024-03-14,V1219,D038,C00445,Rajasthan,9,83087.0,2093700.0,2700.0,1854000
S04702,2022-01-26,V1206,D015,C01622,Maharashtra,6,81723.0,765800.0,86800.0,669000
S04703,2025-05-21,V1419,D036,C02176,Tamil Nadu,10,69741.0,1398300.0,187000.0,1080000
S04704,2022-06-17,V1334,D029,C00640,Gujarat,10,92434.0,620300.0,30400.0,570000
S04705,2025-12-29,V1262,D011,C01139,Uttar Pradesh,8,99780.0,318100.0,51400.0,249000
S04706,2023-02-01,V1229,D038,C00944,Delhi,9,91418.0,1704600.0,97900.0,1591000
S04707,2023-07-08,V1353,D036,C01583,Tamil Nadu,7,75327.0,1112500.0,121000.0,1096000
S04708,2022-08-22,V1377,D019,C01832,West Bengal,6,90563.0,305200.0,0.0,305000
S04709,2025-04-19,V1246,D034,C02489,Karnataka,8,80999.0,2047000.0,139800.0,1826000
S04710,2024-12-05,V1016,D023,C02280,Delhi,7,98052.0,1121500.0,153100.0,923000
S04711,2022-04-25,V1051,D011,C01592,Kerala,4,93873.0,1427600.0,188600.0,1274000
S04712,2022-06-04,V1073,D003,C01463,Delhi,5,82783.0,632700.0,60600.0,572000
S04713,2024-06-08,V1232,D021,C01630,Uttar Pradesh,8,32561.0,712200.0,39600.0,687000
S04714,2025-06-19,V1308,D021,C02344,Delhi,5,28494.0,2065300.0,138500.0,1866000
S04715,2022-06-10,V1402,D036,C02395,Rajasthan,9,63600.0,911600.0,0.0,999000
S04716,2022-11-20,V1117,D010,C00354,Kerala,7,90084.0,935600.0,90200.0,820000
S04717,2024-03-07,V1394,D035,C00279,Tamil Nadu,7,117004.0,430300.0,45000.0,300000
S04718,2022-06-08,V1334,D035,C01356,Rajasthan,8,87087.0,584200.0,89000.0,421000
S04719,2023-03-21,V1026,D037,C01376,Tamil Nadu,8,90719.0,716800.0,48500.0,588000
S04720,2022-01-15,V1176,D006,C01411,Maharashtra,8,67061.0,1136500.0,155900.0,981000
S04721,2023-12-31,V1152,D025,C01832,Gujarat,9,58935.0,2000900.0,126300.0,1999000
S04722,2024-11-10,V1444,D011,C00036,Delhi,8,46342.0,2532300.0,152200.0,2295000
S04723,2023-08-25,V1461,D034,C00885,West Bengal,7,82467.0,440600.0,44700.0,396000
S04724,2023-01-10,V1410,D006,C02146,Uttar Pradesh,7,75229.0,585000.0,38800.0,554000
S04725,2023-09-12,V1265,D014,C01173,West Bengal,6,86577.0,242000.0,30400.0,234000
S04726,2024-01-15,V1247,D036,C02302,Kerala,7,66232.0,2085300.0,69100.0,1952000
S04727,2022-08-31,V1156,D032,C00084,West Bengal,5,56008.0,919100.0,68600.0,815000
S04728,2022-06-13,V1387,D035,C01363,Maharashtra,7,90868.0,1302700.0,10200.0,1316000
S04729,2022-09-23,V1044,D035,C01113,Delhi,8,71340.0,1136100.0,23000.0,1224000
S04730,2025-12-10,V1136,D022,C00016,Gujarat,4,61542.0,836200.0,47700.0,820000
S04731,2024-11-22,V1068,D027,C01132,West Bengal,7,45673.0,2660600.0,170700.0,2373000
S04732,2022-07-03,V1248,D026,C02087,Gujarat,6,27612.0,1411700.0,97100.0,1408000
S04733,2023-03-17,V1150,D008,C00078,West Bengal,5,90013.0,441900.0,19200.0,413000
S04734,2023-08-25,V1099,D033,C00786,West Bengal,9,86650.0,1035500.0,148800.0,986000
S04735,2022-09-22,V1189,D013,C01522,West Bengal,8,72803.0,1616600.0,237400.0,1534000
S04736,2025-05-29,V1431,D004,C02206,Kerala,7,43623.0,1017500.0,59000.0,862000
S04737,2025-10-06,V1280,D032,C01570,Tamil Nadu,7,59442.0,336300.0,22600.0,306000
S04738,2022-12-24,V1412,D022,C00932,Gujarat,9,58015.0,1878200.0,39700.0,1802000
S04739,2022-01-25,V1457,D014,C01172,Uttar Pradesh,8,125942.0,1555900.0,179200.0,1384000
S04740,2023-01-26,V1452,D003,C02207,Uttar Pradesh,5,48845.0,717000.0,63300.0,643000
S04741,2024-05-01,V1176,D032,C00503,Karnataka,9,69992.0,617200.0,0.0,611000
S04742,2025-03-27,V1439,D015,C00972,Gujarat,9,25944.0,757400.0,38900.0,718000
S04743,2023-05-12,V1455,D021,C01953,Telangana,9,45841.0,2371800.0,0.0,2204000
S04744,2023-02-04,V1480,D032,C01739,Tamil Nadu,8,31993.0,1069800.0,0.0,1094000
S04745,2022-12-30,V1176,D024,C00131,Gujarat,7,89544.0,892300.0,41000.0,843000
S04746,2022-01-05,V1115,D011,C01426,Gujarat,8,86620.0,442700.0,48100.0,393000
S04747,2022-01-21,V1293,D009,C02046,Gujarat,9,101660.0,238200.0,57300.0,180000
S04748,2023-09-18,V1466,D021,C01759,Gujarat,7,44403.0,1433300.0,84100.0,1189000
S04749,2024-06-21,V1451,D013,C01343,Karnataka,7,51122.0,887700.0,61200.0,868000
S04750,2022-01-19,V1286,D030,C01190,Tamil Nadu,8,104777.0,356800.0,57700.0,279000
S04751,2022-10-20,V1075,D035,C02168,Delhi,7,54772.0,991400.0,84000.0,851000
S04752,2025-08-22,V1212,D022,C01168,Telangana,6,60375.0,1874300.0,102700.0,1837000
S04753,2025-12-17,V1358,D007,C00177,Gujarat,8,61534.0,1883100.0,124500.0,1761000
S04754,2024-07-26,V1281,D010,C00309,Gujarat,7,117633.0,308400.0,16100.0,317000
S04755,2024-02-02,V1173,D018,C01014,Tamil Nadu,8,111502.0,715600.0,12300.0,684000
S04756,2024-05-01,V1172,D010,C00372,West Bengal,6,63015.0,490300.0,65400.0,440000
S04757,2023-06-26,V1030,D035,C00333,Kerala,9,87242.0,1010600.0,157000.0,772000
S04758,2022-10-22,V1145,D018,C01758,Uttar Pradesh,8,112180.0,900300.0,19600.0,839000
S04759,2023-07-04,V1335,D012,C01550,Maharashtra,7,79300.0,567000.0,43700.0,452000
S04760,2024-10-19,V1121,D026,C01710,Delhi,4,86248.0,1319900.0,51000.0,1168000
S04761,2024-08-26,V1497,D036,C00731,Kerala,6,69124.0,627100.0,58100.0,554000
S04762,2024-09-16,V1042,D021,C00354,Uttar Pradesh,8,99268.0,1558300.0,167900.0,1385000
S04763,2024-06-08,V1295,D001,C00119,Kerala,7,81405.0,326500.0,5700.0,335000
S04764,2022-03-30,V1249,D030,C01847,Rajasthan,7,57514.0,851000.0,87900.0,868000
S04765,2024-07-04,V1417,D039,C00955,Rajasthan,5,73912.0,1785400.0,184000.0,1726000
S04766,2025-07-10,V1444,D022,C00854,Kerala,9,37899.0,2074000.0,64600.0,2111000
S04767,2024-08-06,V1272,D017,C01580,Uttar Pradesh,7,63742.0,487500.0,12900.0,481000
S04768,2024-04-26,V1316,D031,C01818,Rajasthan,6,49592.0,781500.0,48800.0,703000
S04769,2022-11-24,V1350,D010,C00933,Kerala,7,69305.0,2021300.0,55900.0,2095000
S04770,2025-03-03,V1261,D032,C00076,Tamil Nadu,9,94085.0,382300.0,41900.0,339000
S04771,2023-10-22,V1093,D034,C01133,Kerala,10,130566.0,378900.0,14000.0,382000
S04772,2023-01-20,V1215,D036,C01911,Uttar Pradesh,7,68110.0,883900.0,110000.0,861000
S04773,2023-12-17,V1121,D016,C01635,Kerala,6,97424.0,1123500.0,102300.0,1051000
S04774,2022-06-28,V1233,D040,C01379,Uttar Pradesh,9,93628.0,1281300.0,0.0,1319000
S04775,2025-09-15,V1308,D020,C01300,Kerala,7,31238.0,1117200.0,13900.0,1111000
S04776,2024-10-23,V1105,D038,C00500,Rajasthan,6,98388.0,971900.0,190100.0,758000
S04777,2023-04-23,V1125,D008,C02399,Maharashtra,9,68504.0,835100.0,62500.0,776000
S04778,2025-03-05,V1412,D017,C01508,Karnataka,8,59513.0,1979400.0,90900.0,1935000
S04779,2022-03-21,V1189,D035,C01679,Gujarat,9,89594.0,645600.0,18100.0,659000
S04780,2023-07-18,V1100,D020,C02448,Tamil Nadu,9,82210.0,1121800.0,75900.0,1032000
S04781,2024-08-09,V1357,D021,C00992,Tamil Nadu,6,89800.0,1550600.0,126900.0,1328000
S04782,2022-02-04,V1359,D021,C02455,Karnataka,9,67098.0,1922400.0,110600.0,1847000
S04783,2024-11-01,V1414,D018,C02487,Gujarat,10,79247.0,668600.0,74800.0,583000
S04784,2025-04-10,V1380,D004,C02395,Delhi,9,23358.0,534600.0,43900.0,498000
S04785,2024-05-18,V1496,D007,C02405,Karnataka,8,60892.0,1683800.0,111800.0,1616000
S04786,2022-10-29,V1288,D010,C01387,Maharashtra,7,53375.0,381600.0,41600.0,319000
S04787,2024-12-30,V1144,D024,C02205,Maharashtra,10,55492.0,878900.0,119200.0,752000
S04788,2023-05-11,V1432,D038,C00780,Karnataka,8,33855.0,643100.0,43400.0,601000
S04789,2024-12-11,V1133,D006,C01139,Karnataka,8,95697.0,1776300.0,184300.0,1669000
S04790,2024-07-06,V1146,D007,C01057,Rajasthan,7,74394.0,1613600.0,113600.0,1422000
S04791,2022-05-17,V1415,D022,C00238,Gujarat,8,67127.0,624700.0,76400.0,558000
S04792,2022-05-27,V1441,D006,C01554,Uttar Pradesh,6,85238.0,1228700.0,154200.0,1058000
S04793,2022-01-23,V1170,D039,C00018,Telangana,6,120623.0,394900.0,3700.0,448000
S04794,2022-04-16,V1365,D006,C01076,Telangana,6,86013.0,301300.0,14200.0,277000
S04795,2023-03-14,V1462,D020,C00277,Karnataka,6,51093.0,660200.0,40700.0,580000
S04796,2022-02-07,V1400,D036,C00706,Uttar Pradesh,9,90724.0,778500.0,87000.0,680000
S04797,2025-10-03,V1003,D028,C00933,Telangana,9,102777.0,423900.0,42900.0,388000
S04798,2025-09-01,V1333,D036,C00343,Karnataka,7,111611.0,1481400.0,242700.0,1181000
S04799,2022-09-10,V1085,D026,C02003,Rajasthan,4,114315.0,446400.0,20700.0,431000
S04800,2023-03-31,V1424,D011,C01533,Karnataka,8,50993.0,1572200.0,0.0,1588000
S04801,2024-12-20,V1034,D007,C01165,Karnataka,7,83903.0,916500.0,105300.0,796000
S04802,2024-08-23,V1497,D020,C01504,Maharashtra,7,87447.0,1228900.0,177400.0,1137000
S04803,2024-04-29,V1089,D019,C01491,Delhi,9,128678.0,729400.0,60900.0,694000
S04804,2025-12-16,V1211,D009,C00979,Karnataka,8,69014.0,1540500.0,76600.0,1432000
S04805,2024-07-09,V1118,D040,C01788,Kerala,8,87291.0,836600.0,81100.0,749000
S04806,2024-09-05,V1407,D029,C00347,Delhi,7,65270.0,2094400.0,56500.0,2036000
S04807,2024-01-04,V1197,D012,C01320,Karnataka,7,99995.0,1504500.0,268300.0,1260000
S04808,2024-02-07,V1373,D030,C02290,Tamil Nadu,10,59282.0,327600.0,18200.0,312000
S04809,2023-03-02,V1034,D031,C02366,Maharashtra,5,81008.0,1225400.0,123300.0,1188000
S04810,2024-02-01,V1227,D037,C01176,Karnataka,6,61760.0,1673700.0,143000.0,1288000
S04811,2025-09-03,V1456,D029,C01270,Tamil Nadu,8,54116.0,2130000.0,1000.0,2003000
S04812,2023-07-05,V1464,D010,C01605,Karnataka,9,32569.0,1400700.0,79800.0,1307000
S04813,2022-07-14,V1105,D026,C01124,Maharashtra,8,87541.0,423800.0,75800.0,324000
S04814,2024-05-26,V1198,D026,C02336,Telangana,9,82233.0,2081800.0,19700.0,2053000
S04815,2025-02-21,V1205,D007,C00918,Delhi,4,93997.0,1236400.0,34400.0,1099000
S04816,2025-11-01,V1283,D021,C02402,Kerala,9,88622.0,305500.0,37100.0,235000
S04817,2024-03-03,V1269,D024,C00087,,8,95670.0,406400.0,28900.0,365000
S04818,2025-02-25,V1053,D020,C01061,Delhi,8,104668.0,674700.0,22000.0,641000
S04819,2023-01-01,V1382,D004,C00476,Gujarat,7,94801.0,1070100.0,3500.0,1103000
S04820,2023-09-12,V1113,D028,C01844,West Bengal,6,103528.0,918600.0,26200.0,908000
S04821,2023-09-05,V1158,D001,C00303,Karnataka,6,75058.0,1753700.0,117600.0,1708000
S04822,2023-05-01,V1421,D005,C01903,Gujarat,6,69189.0,419500.0,18900.0,370000
S04823,2024-11-12,V1345,D032,C02146,Gujarat,7,83476.0,697400.0,88300.0,612000
S04824,2025-07-14,V1199,D025,C00527,West Bengal,8,50214.0,1443200.0,17600.0,1358000
S04825,2023-04-23,V1457,D011,C00608,Rajasthan,6,81159.0,1070500.0,146000.0,893000
S04826,2022-07-18,V1198,D021,C01727,Gujarat,8,78863.0,1695400.0,114600.0,1570000
S04827,2025-04-20,V1283,D036,C00090,Kerala,8,71092.0,258700.0,25200.0,222000
S04828,2025-05-26,V1123,D013,C00586,Maharashtra,7,75755.0,1433100.0,37900.0,1488000
S04829,2025-09-27,V1092,D025,C02014,Uttar Pradesh,10,66771.0,909300.0,114200.0,784000
S04830,2023-01-08,V1246,D019,C00143,Kerala,9,53697.0,1460400.0,126100.0,1344000
S04831,2024-11-16,V1282,D018,C01169,Uttar Pradesh,7,81775.0,411300.0,46900.0,367000
S04832,2024-11-11,V1403,D008,C02077,Karnataka,7,50122.0,784100.0,81500.0,724000
S04833,2025-02-28,V1196,D028,C00404,Maharashtra,7,41074.0,1101800.0,65300.0,1129000
S04834,2025-03-23,V1448,D021,C00390,Uttar Pradesh,9,45837.0,1772700.0,86700.0,1653000
S04835,2025-10-23,V1304,D032,C02349,Telangana,7,39569.0,1976300.0,162700.0,1972000
S04836,2023-11-28,V1036,D006,C02083,West Bengal,9,61489.0,1536000.0,112700.0,1444000
S04837,2022-04-21,V1370,D021,C01272,Telangana,6,61549.0,468900.0,19000.0,465000
S04838,2022-10-08,V1288,D035,C01898,West Bengal,10,52042.0,475700.0,38200.0,410000
S04839,2025-07-19,V1195,D013,C01065,Rajasthan,8,66256.0,1123600.0,85500.0,1038000
S04840,2025-05-19,V1234,D018,C00960,Delhi,8,55471.0,577100.0,68000.0,575000
S04841,2022-01-17,V1151,D005,C01954,Uttar Pradesh,7,67079.0,1844400.0,110100.0,1744000
S04842,2023-06-21,V1308,D034,C00228,Gujarat,6,43320.0,1717100.0,65200.0,1625000
S04843,2022-12-25,V1284,D036,C00710,Telangana,10,79813.0,537400.0,25700.0,511000
S04844,2023-04-14,V1224,D022,C01907,Tamil Nadu,7,54200.0,2040200.0,32200.0,1893000
S04845,2024-07-22,V1143,D024,C01276,West Bengal,6,72070.0,1506800.0,196500.0,1242000
S04846,2024-01-16,V1200,D030,C01704,Delhi,9,36440.0,2496700.0,43800.0,2363000
S04847,2023-12-04,V1249,D019,C00193,West Bengal,8,77656.0,692100.0,52700.0,614000
S04848,2023-09-28,V1236,D017,C00133,Rajasthan,6,34338.0,1549100.0,35300.0,1576000
S04849,2024-07-26,V1155,D024,C00125,Gujarat,7,78064.0,1752900.0,111600.0,1482000
S04850,2024-09-24,V1291,D006,C01386,Gujarat,8,74002.0,473000.0,50000.0,404000
S04851,2022-03-05,V1114,D016,C01139,Rajasthan,8,85412.0,645900.0,52000.0,484000
S04852,2022-07-20,V1251,D006,C00128,West Bengal,6,47821.0,1675900.0,178700.0,1439000
S04853,2023-05-14,V1061,D010,C00757,Karnataka,6,80450.0,978500.0,170500.0,734000
S04854,2023-09-29,V1237,D030,C01416,Maharashtra,10,77801.0,745200.0,67000.0,731000
S04855,2025-12-26,V1392,D037,C00916,Rajasthan,7,73397.0,1705100.0,182700.0,1432000
S04856,2025-07-26,V1409,D024,C02053,Kerala,7,104205.0,1728100.0,119500.0,1554000
S04857,2024-08-05,V1348,D018,C01893,Delhi,7,44257.0,2217700.0,82600.0,1970000
S04858,2022-02-22,V1373,D039,C01178,Karnataka,6,83804.0,480800.0,47600.0,423000
S04859,2022-05-28,V1033,D005,C00181,Kerala,10,107477.0,569300.0,12500.0,529000
S04860,2023-10-31,V1171,D012,C00641,Gujarat,6,92302.0,890200.0,120500.0,763000
S04861,2024-05-07,V1328,D006,C01966,Rajasthan,7,53665.0,2198400.0,194900.0,2033000
S04862,2024-08-23,V1401,D032,C01314,Telangana,10,68230.0,1679700.0,173100.0,1511000
S04863,2022-07-27,V1292,D023,C02485,Maharashtra,7,78375.0,453000.0,9300.0,453000
S04864,2025-07-20,V1427,D027,C01056,Tamil Nadu,7,48019.0,990200.0,59300.0,975000
S04865,2023-12-22,V1137,D027,C00927,Telangana,9,105224.0,650600.0,11800.0,685000
S04866,2024-05-17,V1077,D017,C00126,Kerala,10,83966.0,1476800.0,105500.0,1422000
S04867,2022-02-27,V1044,D002,C01806,Gujarat,9,72918.0,679300.0,10900.0,678000
S04868,2025-04-19,V1292,D004,C01211,Rajasthan,10,68682.0,536400.0,2400.0,534000
S04869,2024-03-04,V1333,D015,C01604,Gujarat,10,104927.0,708600.0,98800.0,597000
S04870,2022-11-22,V1143,D003,C00393,Rajasthan,6,84376.0,1493600.0,119200.0,1433000
S04871,2023-04-11,V1392,D030,C00498,Gujarat,5,71475.0,1038000.0,37500.0,872000
S04872,2023-05-31,V1370,D014,C01692,Uttar Pradesh,7,64961.0,508400.0,36600.0,488000
S04873,2022-02-09,V1181,D024,C00178,Telangana,7,96423.0,1415900.0,39800.0,1368000
S04874,2025-10-08,V1120,D024,C00036, telangana ,7,78595.0,691700.0,83700.0,613000
S04875,2025-03-19,V1372,D040,C00660,Gujarat,9,40392.0,675300.0,45000.0,581000
S04876,2025-07-18,V1336,D019,C00456,Delhi,10,65104.0,908300.0,78600.0,828000
S04877,2023-06-01,V1086,D013,C01506,Delhi,8,99759.0,938500.0,50300.0,947000
S04878,2024-03-26,V1128,D033,C01783,Tamil Nadu,9,47745.0,2304300.0,86400.0,2212000
S04879,2023-11-01,V1243,D029,C01442,Kerala,9,51851.0,2124300.0,131800.0,1887000
S04880,2023-11-26,V1256,D007,C01514,Telangana,7,34149.0,2625800.0,81700.0,2471000
S04881,2024-05-10,V1083,D013,C01115,Delhi,7,79525.0,916200.0,120500.0,850000
S04882,2023-10-22,V1475,D006,C01381,Kerala,7,56168.0,1048200.0,31700.0,1019000
S04883,2025-02-03,V1195,D004,C02125,Tamil Nadu,7,45846.0,603300.0,55000.0,525000
S04884,2022-03-27,V1191,D024,C02227,Tamil Nadu,5,45527.0,1237400.0,112100.0,1120000
S04885,2022-10-09,V1031,D019,C00729,Uttar Pradesh,8,88143.0,969000.0,124400.0,838000
S04886,2025-07-27,V1438,D028,C01951,West Bengal,5,40421.0,759000.0,26000.0,669000
S04887,2025-07-13,V1118,D016,C00731,Maharashtra,8,90966.0,814600.0,96000.0,668000
S04888,2025-04-10,V1494,D019,C00676,Uttar Pradesh,9,79008.0,2098700.0,140500.0,2027000
S04889,2023-06-23,V1249,D004,C02266,Uttar Pradesh,8,84269.0,1034100.0,24500.0,1011000
S04890,2023-10-29,V1438,D007,C02293,Maharashtra,8,58973.0,655300.0,46600.0,575000
S04891,2022-02-06,V1090,D010,C01878,Karnataka,7,96627.0,509800.0,50100.0,425000
S04892,2023-02-13,V1083,D012,C00991,Karnataka,5,95527.0,767600.0,95500.0,630000
S04893,2024-11-27,V1401,D024,C01225,West Bengal,7,82227.0,1096300.0,79900.0,1064000
S04894,2023-05-17,V1410,D002,C01412,Kerala,8,67173.0,609700.0,51800.0,593000
S04895,2023-12-03,V1272,D006,C01067,West Bengal,6,66991.0,416900.0,24000.0,344000
S04896,2022-06-29,V1017,D029,C01391,Rajasthan,9,122137.0,816700.0,128000.0,707000
S04897,2023-12-27,V1472,D038,C01932,Tamil Nadu,8,29356.0,1371300.0,91500.0,1245000
S04898,2024-11-20,V1197,D028,C01286,Maharashtra,6,111281.0,777700.0,31900.0,813000
S04899,2024-04-15,V1468,D001,C00071,Delhi,8,24537.0,861800.0,54800.0,812000
S04900,2024-03-24,V1436,D028,C00159,West Bengal,6,21205.0,1205100.0,103900.0,1124000
S04901,2025-08-29,V1426,D012,C01725,Uttar Pradesh,4,66187.0,871800.0,84200.0,736000
S04902,2022-12-09,V1345,D024,C02292,Rajasthan,7,72949.0,1826900.0,240300.0,1575000
S04903,2023-03-14,V1337,D019,C02049,Rajasthan,7,97885.0,1175000.0,135100.0,984000
S04904,2024-06-29,V1267,D021,C00309,Gujarat,8,77749.0,347100.0,4300.0,371000
S04905,2023-12-03,V1013,D014,C01602,Karnataka,6,148402.0,395900.0,97300.0,360000
S04906,2025-12-01,V1194,D022,C00282,Rajasthan,7,77371.0,871400.0,74400.0,896000
S04907,2022-03-29,V1366,D005,C00347,Rajasthan,10,57965.0,528100.0,24100.0,496000
S04908,2022-06-28,V1407,D033,C01722,Uttar Pradesh,5,50597.0,2201700.0,172000.0,2153000
S04909,2023-05-15,V1280,D013,C01391,Maharashtra,5,50250.0,596100.0,36700.0,590000
S04910,2023-11-01,V1355,D032,C01890,Kerala,6,47849.0,1642300.0,126500.0,1511000
S04911,2025-07-24,V1011,D004,C01796,Kerala,8,93166.0,441900.0,31200.0,409000
S04912,2023-12-23,V1235,D033,C00717,Uttar Pradesh,6,67001.0,909000.0,81800.0,831000
S04913,2023-10-01,V1254,D015,C01130,Delhi,7,56708.0,1844800.0,204000.0,1834000
S04914,2022-09-01,V1447,D031,C00257,Gujarat,7,34386.0,1586300.0,32800.0,1355000
S04915,2023-09-27,V1156,D005,C02066,Rajasthan,5,50312.0,1008300.0,14500.0,987000
S04916,2024-02-16,V1115,D009,C01809,Maharashtra,10,68407.0,895700.0,144200.0,752000
S04917,2024-05-02,V1177,D004,C01239,Rajasthan,5,111025.0,679200.0,5500.0,569000
S04918,2024-06-04,V1086,D018,C00140,Gujarat,7,109527.0,985400.0,123600.0,894000
S04919,2023-09-20,V1280,D030,C02153,Tamil Nadu,6,62348.0,570500.0,33100.0,533000
S04920,2022-08-18,V1322,D029,C00911,Tamil Nadu,10,76602.0,606300.0,0.0,606000
S04921,2022-08-12,V1401,D010,C02401,Kerala,8,86101.0,1198500.0,77700.0,1108000
S04922,2022-08-15,V1486,D030,C02460,Uttar Pradesh,6,77918.0,606200.0,6600.0,619000
S04923,2024-06-22,V1037,D009,C01016,West Bengal,8,110130.0,399200.0,21400.0,377000
S04924,2025-06-05,V1124,D028,C00861,Uttar Pradesh,8,38280.0,2185800.0,224800.0,2019000
S04925,2025-07-14,V1151,D012,C00613,Tamil Nadu,7,76527.0,1000400.0,0.0,953000
S04926,2023-03-31,V1125,D025,C00491,Maharashtra,8,82599.0,860300.0,56600.0,725000
S04927,2022-04-27,V1414,D011,C00759,Gujarat,10,88189.0,2123200.0,115000.0,1872000
S04928,2024-07-09,V1070,D022,C00652,Telangana,10,54258.0,2104000.0,254100.0,1823000
S04929,2022-02-26,V1015,D030,C01492,Karnataka,9,110503.0,782500.0,52600.0,673000
S04930,2024-07-04,V1431,D020,C00582,Kerala,6,40072.0,769200.0,42500.0,670000
S04931,2023-07-14,V1481,D031,C01196,Maharashtra,5,109676.0,1248000.0,104100.0,1056000
S04932,2025-05-11,V1114,D015,C00631,Rajasthan,7,75604.0,795900.0,44500.0,833000
S04933,2024-07-02,V1167,D028,C02104,Rajasthan,6,75089.0,622000.0,46900.0,472000
S04934,2024-12-16,V1252,D023,C02060,Delhi,8,27825.0,2553900.0,92400.0,2535000
S04935,2023-08-16,V1263,D003,C01365,Tamil Nadu,9,93032.0,346200.0,35500.0,320000
S04936,2025-05-13,V1496,D037,C02072,Kerala,10,47338.0,1687300.0,153200.0,1463000
S04937,2024-02-07,V1203,D002,C01708,Tamil Nadu,8,78042.0,700400.0,37000.0,622000
S04938,2024-07-02,V1007,D011,C00006,Uttar Pradesh,8,113265.0,671200.0,90600.0,608000
S04939,2023-06-11,V1212,D005,C00604,West Bengal,8,54730.0,833700.0,69800.0,728000
S04940,2023-10-19,V1279,D001,C01868,Gujarat,7,89717.0,270300.0,6200.0,253000
S04941,2025-05-12,V1259,D038,C00512,Maharashtra,7,38567.0,745700.0,38200.0,711000
S04942,2023-07-30,V1257,D013,C00337,West Bengal,7,77141.0,1850000.0,19100.0,1851000
S04943,2022-02-01,V1462,D020,C01390,West Bengal,10,55674.0,698600.0,25000.0,645000
S04944,2023-07-08,V1404,D009,C00446,Delhi,8,50800.0,2460300.0,66600.0,2312000
S04945,2023-07-27,V1126,D030,C01348,Tamil Nadu,5,62756.0,1744900.0,214200.0,1491000
S04946,2023-09-04,V1178,D019,C02214,Delhi,7,105515.0,331000.0,24200.0,320000
S04947,2022-04-14,V1334,D007,C00333,Kerala,7,87236.0,1140900.0,113500.0,990000
S04948,2022-07-08,V1206,D038,C00821,Tamil Nadu,7,79016.0,1195200.0,107900.0,1141000
S04949,2023-04-19,V1215,D035,C01597,Tamil Nadu,7,70769.0,637700.0,0.0,659000
S04950,2023-09-12,V1084,D024,C01827,Tamil Nadu,7,56547.0,1168800.0,136300.0,1045000
S04951,2022-02-12,V1128,D002,C01905,Uttar Pradesh,8,37554.0,1277400.0,69000.0,1230000
S04952,2023-07-23,V1371,D034,C02029,Tamil Nadu,7,51085.0,663500.0,64300.0,602000
S04953,2023-04-13,V1422,D002,C00180,Uttar Pradesh,7,58039.0,1348700.0,84700.0,1242000
S04954,2022-02-20,V1393,D018,C02283,Gujarat,9,123327.0,1413400.0,177100.0,1378000
S04955,2023-01-01,V1154,D026,C01723,Telangana,7,86454.0,1568200.0,96600.0,1536000
S04956,2023-02-06,V1069,D005,C00384,Rajasthan,3,86175.0,1618200.0,137200.0,1682000
S04957,2022-07-29,V1080,D040,C01695,Rajasthan,6,34342.0,2852100.0,68900.0,2992000
S04958,2025-01-03,V1197,D008,C00734,Telangana,6,89993.0,1763300.0,166600.0,1331000
S04959,2022-04-16,V1259,D001,C02278,West Bengal,7,39891.0,671800.0,54900.0,571000
S04960,2024-04-24,V1447,D037,C00495,Karnataka,8,47683.0,2211100.0,80300.0,1926000
S04961,2024-08-30,V1450,D017,C02435,Kerala,8,71466.0,1975500.0,243700.0,1687000
S04962,2025-03-23,V1002,D007,C00431,Delhi,8,95430.0,582300.0,51400.0,564000
S04963,2024-03-08,V1354,D018,C00162,West Bengal,7,68025.0,1308200.0,82700.0,1274000
S04964,2024-03-03,V1150,D034,C01630,Tamil Nadu,8,84121.0,1607400.0,40900.0,1654000
S04965,2025-01-16,V1099,D032,C02447,Rajasthan,9,83436.0,1148400.0,9500.0,1207000
S04966,2025-06-01,V1278,D015,C00896,Maharashtra,4,102299.0,369600.0,30800.0,344000
S04967,2022-11-05,V1017,D004,C00740,Rajasthan,4,147594.0,877800.0,9700.0,986000
S04968,2025-03-09,V1168,D031,C01911,Kerala,10,65777.0,1042100.0,46000.0,1033000
S04969,2023-11-07,V1277,D008,C01208,Uttar Pradesh,7,107210.0,282100.0,56700.0,270000
S04970,2022-05-24,V1137,D015,C00934,West Bengal,6,81671.0,926100.0,51200.0,804000
S04971,2024-06-13,V1297,D034,C01898,Uttar Pradesh,9,115389.0,405200.0,18100.0,426000
S04972,2025-11-28,V1231,D003,C00651,Rajasthan,8,54531.0,2121000.0,158600.0,1975000
S04973,2022-07-25,V1400,D029,C00849,Karnataka,7,77037.0,1128800.0,128300.0,1100000
S04974,2022-01-22,V1091,D003,C00470,Telangana,9,81234.0,1039800.0,126300.0,1012000
S04975,2025-09-01,V1029,D007,C02170,Rajasthan,7,97264.0,355500.0,57600.0,295000
S04976,2024-05-21,V1265,D039,C01720,Rajasthan,8,108984.0,232400.0,23500.0,195000
S04977,2022-11-17,V1129,D012,C00672,West Bengal,6,88789.0,725700.0,0.0,747000
S04978,2025-03-03,V1354,D030,C00760,Maharashtra,6,57281.0,1512000.0,63000.0,1573000
S04979,2023-07-30,V1047,D017,C01757,Uttar Pradesh,7,91362.0,716300.0,9600.0,752000
S04980,2023-04-30,V1288,D010,C02310,West Bengal,8,73464.0,529300.0,0.0,548000
S04981,2023-02-28,V1495,D029,C01485,Rajasthan,9,68534.0,1728800.0,148000.0,1388000
S04982,2024-05-24,V1047,D005,C00148,Karnataka,8,79515.0,1513300.0,83300.0,1550000
S04983,2022-07-16,V1151,D030,C01456,Kerala,8,78139.0,1971400.0,142100.0,1691000
S04984,2023-06-14,V1423,D029,C01733,Uttar Pradesh,8,45396.0,664000.0,46000.0,629000
S04985,2023-03-22,V1267,D012,C01900,Tamil Nadu,9,65860.0,367400.0,30900.0,311000
S04986,2022-03-30,V1088,D015,C00586,West Bengal,9,73184.0,661300.0,102600.0,589000
S04987,2025-01-19,V1107,D004,C02357,Delhi,8,78838.0,423500.0,10000.0,429000
S04988,2022-01-13,V1383,D027,C01800,Kerala,8,66068.0,1128800.0,900.0,1170000
S04989,2025-11-03,V1431,D002,C00175,Uttar Pradesh,9,53716.0,1062100.0,55000.0,1029000
S04990,2022-05-19,V1181,D034,C02255,Karnataka,10,93204.0,1469800.0,88400.0,1452000
S04991,2023-06-08,V1237,D003,C01178,Karnataka,9,72673.0,1308200.0,134800.0,1229000
S04992,2022-05-24,V1392,D029,C00873,Maharashtra,5,77525.0,861400.0,84400.0,824000
S04993,2023-06-21,V1089,D037,C00515,Karnataka,7,129576.0,379100.0,58000.0,315000
S04994,2024-06-11,V1104,D032,C02091,Kerala,8,52357.0,871500.0,78100.0,775000
S04995,2022-05-08,V1388,D001,C02108,Kerala,6,73039.0,2035000.0,240100.0,1828000
S04996,2024-02-08,V1094,D027,C01946,Maharashtra,8,92553.0,790000.0,112400.0,652000
S04997,2025-02-01,V1386,D012,C00133,Maharashtra,7,105210.0,1299000.0,52200.0,1428000
S04998,2023-10-28,V1249,D018,C00874,Telangana,8,81462.0,816400.0,30800.0,768000
S04999,2022-06-14,V1496,D022,C01560,Delhi,9,57811.0,797300.0,48500.0,802000
S05000,2024-10-07,V1017,D029,C01550,Rajasthan,7,146954.0,691200.0,62800.0,660000
S05001,2022-09-30,V1473,D011,C00204,Tamil Nadu,7,74330.0,524100.0,37200.0,486000
S05002,2022-01-25,V1113,D004,C02397,Karnataka,7,108198.0,351300.0,51400.0,316000
S05003,2023-10-01,V1018,D034,C00772,Kerala,7,107493.0,509800.0,16000.0,484000
S05004,2023-01-31,V1363,D016,C02210,Karnataka,6,66713.0,328900.0,11000.0,320000
S05005,2022-02-11,V1267,D006,C00097,Maharashtra,6,79777.0,490100.0,9600.0,531000
S05006,2025-02-09,V1419,D027,C01126,West Bengal,6,57531.0,2043800.0,286800.0,1782000
S05007,2024-05-26,V1055,D021,C00255,Rajasthan,10,83027.0,519400.0,81100.0,425000
S05008,2025-08-22,V1041,D006,C00160,Delhi,8,95084.0,1089100.0,122800.0,913000
S05009,2023-12-03,V1284,D027,C00331,Uttar Pradesh,7,67850.0,291300.0,16800.0,246000
S05010,2023-10-03,V1442,D038,C01514,Maharashtra,7,65533.0,1432200.0,111000.0,1274000
S05011,2025-05-16,V1203,D033,C00149,Maharashtra,5,82734.0,1027300.0,136900.0,978000
S05012,2022-04-30,V1399,D034,C01279,West Bengal,6,81343.0,1334100.0,105000.0,1238000
S05013,2023-06-13,V1454,D037,C01952,West Bengal,7,84668.0,701500.0,49800.0,645000
S05014,2025-03-12,V1435,D036,C00771,Uttar Pradesh,6,65513.0,1020100.0,5200.0,1028000
S05015,2023-03-04,V1255,D029,C01701,Uttar Pradesh,8,60517.0,2043600.0,140100.0,2033000
S05016,2025-07-17,V1350,D024,C00314,Uttar Pradesh,8,69177.0,712200.0,58200.0,663000
S05017,2023-02-19,V1263,D035,C02073,Uttar Pradesh,9,60348.0,367500.0,12300.0,380000
S05018,2023-08-28,V1338,D037,C00209,Gujarat,7,97592.0,462100.0,28000.0,422000
S05019,2025-08-04,V1284,D008,C02302,Rajasthan,7,73696.0,509700.0,71300.0,402000
S05020,2022-12-22,V1263,D037,C01716,West Bengal,8,71449.0,492300.0,39600.0,409000
S05021,2025-11-15,V1219,D003,C00625,Kerala,6,65443.0,1070800.0,63900.0,986000
S05022,2022-03-06,V1327,D021,C01047,Kerala,6,79439.0,799200.0,39200.0,797000
S05023,2023-01-24,V1376,D008,C00473,Uttar Pradesh,5,33100.0,468900.0,29900.0,434000
S05024,2024-05-13,V1460,D036,C00219,West Bengal,7,38896.0,1566600.0,138000.0,1556000
S05025,2024-05-18,V1307,D033,C01423,Tamil Nadu,7,57752.0,827500.0,14800.0,806000
S05026,2025-08-22,V1051,D011,C02426,West Bengal,6,86714.0,1171900.0,32000.0,1068000
S05027,2025-11-03,V1294,D001,C02029,Gujarat,6,104122.0,222500.0,16900.0,207000
S05028,2024-09-17,V1158,D014,C02417,Rajasthan,7,84425.0,1718300.0,306000.0,1251000
S05029,2024-08-21,V1014,D039,C01578,Kerala,6,109990.0,409100.0,34600.0,351000
S05030,2023-04-09,V1037,D014,C02223,West Bengal,9,114109.0,689700.0,83500.0,634000
S05031,2025-03-23,V1296,D037,C00255,West Bengal,8,79668.0,528500.0,45000.0,512000
S05032,2024-07-28,V1473,D002,C00344,Uttar Pradesh,8,84584.0,477200.0,62600.0,381000
S05033,2022-02-05,V1253,D019,C01198,Kerala,6,69929.0,1761100.0,266400.0,1438000
S05034,2025-04-30,V1223,D014,C01903,Uttar Pradesh,6,39611.0,1054900.0,15800.0,1048000
S05035,2023-06-10,V1045,D038,C00161,Gujarat,8,124234.0,558400.0,32800.0,520000
S05036,2023-11-27,V1338,D037,C01592,Gujarat,6,87473.0,842000.0,118500.0,753000
S05037,2023-12-12,V1028,D003,C00897,Telangana,8,52622.0,1427700.0,49400.0,1260000
S05038,2025-04-12,V1421,D017,C00431,West Bengal,9,73348.0,863300.0,98500.0,2406400
S05039,2023-01-27,V1409,D012,C01050,Maharashtra,8,84480.0,1549400.0,228400.0,1418000
S05040,2023-07-27,V1496,D033,C02391,Uttar Pradesh,9,23804.0,2370200.0,134700.0,2252000
S05041,2022-02-27,V1143,D002,C00407,Kerala,8,67215.0,1310100.0,146400.0,1208000
S05042,2023-05-25,V1081,D033,C01852,Delhi,10,109183.0,808500.0,152700.0,543000
S05043,2022-05-10,V1150,D024,C01577,Delhi,9,87498.0,1437600.0,209500.0,1197000
S05044,2024-05-01,V1400,D036,C01259,Uttar Pradesh,6,67926.0,1239100.0,43300.0,1238000
S05045,2025-07-28,V1110,D023,C01295,Rajasthan,8,90711.0,1124900.0,120500.0,1003000
S05046,2023-11-10,V1444,D031,C01036,Rajasthan,6,34571.0,767600.0,69000.0,698000
S05047,2025-08-25,V1078,D013,C00562,Gujarat,10,71056.0,1007000.0,52200.0,869000
S05048,2025-11-28,V1025,D010,C02260,Telangana,8,98228.0,393300.0,22400.0,417000
S05049,2022-03-20,V1110,D019,C02384,Telangana,7,86071.0,522900.0,57100.0,498000
S05050,2024-01-25,V1378,D004,C00094,Rajasthan,8,53315.0,414300.0,58700.0,359000
S05051,2024-02-11,V1302,D007,C01292,West Bengal,8,79319.0,1152400.0,51700.0,1123000
S05052,2023-07-17,V1178,D027,C02274,West Bengal,8,110950.0,423400.0,42400.0,401000
S05053,2025-04-28,V1329,D028,C00196,Rajasthan,6,109626.0,1323400.0,152900.0,1185000
S05054,2023-07-31,V1325,D005,C00228,Telangana,9,118798.0,1391300.0,134000.0,1000000
S05055,2022-03-22,V1278,D013,C01685,West Bengal,9,87435.0,474500.0,11600.0,493000
S05056,2024-03-11,V1258,D003,C00601,Uttar Pradesh,7,55316.0,1766400.0,84400.0,1653000
S05057,2022-10-22,V1051,D031,C00109,Delhi,9,88586.0,1829400.0,120900.0,1711000
S05058,2023-06-03,V1130,D039,C00885,West Bengal,5,60326.0,1759800.0,13400.0,1876000
S05059,2024-01-04,V1264,D028,C00047,Gujarat,9,65650.0,564000.0,31200.0,524000
S05060,2024-11-22,V1068,D010,C00184,Gujarat,9,63897.0,2500400.0,172800.0,2461000
S05061,2023-02-11,V1238,D034,C00782,Rajasthan,6,62337.0,1954500.0,107100.0,1950000
S05062,2023-07-11,V1059,D019,C01525,Tamil Nadu,8,91877.0,1149900.0,92200.0,1033000
S05063,2022-04-10,V1394,D034,C02126,West Bengal,7,111709.0,558100.0,93800.0,471000
S05064,2023-07-16,V1052,D023,C00650,Uttar Pradesh,7,62238.0,1625200.0,94100.0,1672000
S05065,2024-04-27,V1047,D027,C01876,Rajasthan,7,83494.0,858900.0,123000.0,844000
S05066,2024-06-20,V1319,D012,C01635,Kerala,8,50098.0,1154200.0,59700.0,1119000
S05067,2023-03-05,V1111,D006,C02094,Rajasthan,7,65866.0,1288900.0,145600.0,1090000
S05068,2022-03-30,V1176,D017,C02099,Tamil Nadu,9,76942.0,480500.0,57600.0,457000
S05069,2024-04-23,V1158,D003,C00539,Telangana,7,75689.0,1542800.0,109300.0,1509000
S05070,2024-08-15,V1109,D014,C01022,Gujarat,10,117976.0,698200.0,0.0,813000
S05071,2022-05-05,V1381,D008,C02211,Tamil Nadu,6,127319.0,770400.0,98400.0,635000
S05072,2024-01-08,V1346,D035,C02270,West Bengal,7,80572.0,1390100.0,64300.0,1215000
S05073,2022-05-19,V1120,D013,C01768,Maharashtra,7,42452.0,818900.0,62700.0,794000
S05074,2023-10-24,V1344,D007,C02187,Telangana,6,52354.0,2328700.0,72800.0,2197000
S05075,2024-07-25,V1357,D014,C02305,West Bengal,7,104937.0,1086100.0,111900.0,1058000
S05076,2024-11-16,V1270,D024,C00810,Gujarat,6,69013.0,332800.0,45300.0,288000
S05077,2024-11-08,V1290,D037,C02066,Uttar Pradesh,8,114188.0,382100.0,46800.0,331000
S05078,2025-01-12,V1468,D001,C00476,Telangana,9,18482.0,1217500.0,34600.0,1161000
S05079,2022-12-19,V1227,D022,C01855,Delhi,5,57734.0,1189400.0,57100.0,1241000
S05080,2025-05-21,V1193,D012,C01893,West Bengal,6,105247.0,1243500.0,57600.0,1292000
S05081,2023-05-26,V1270,D028,C00674,West Bengal,9,95969.0,415500.0,37100.0,367000
S05082,2023-07-02,V1418,D021,C00065,Delhi,9,76717.0,970000.0,79400.0,854000
S05083,2025-02-24,V1355,D008,C00353,Tamil Nadu,6,63456.0,1850200.0,188800.0,1659000
S05084,2023-04-23,V1038,D008,C02191,Tamil Nadu,7,78153.0,794300.0,83100.0,815000
S05085,2022-04-20,V1230,D019,C00459,Maharashtra,7,94218.0,912800.0,32300.0,872000
S05086,2024-11-09,V1370,D039,C01351,Uttar Pradesh,8,64377.0,464400.0,21400.0,477000
S05087,2024-08-25,V1112,D019,C01984,Uttar Pradesh,6,57919.0,1432000.0,73400.0,1343000
S05088,2024-04-30,V1495,D030,C00048,Kerala,8,57278.0,1832500.0,197800.0,1815000
S05089,2022-07-29,V1405,D017,C01677,Rajasthan,8,92222.0,526500.0,31000.0,526000
S05090,2024-07-12,V1424,D025,C02201,Maharashtra,5,25465.0,1395400.0,80500.0,1204000
S05091,2022-10-17,V1041,D025,C00999,Karnataka,8,117244.0,1433200.0,61700.0,1517000
S05092,2024-03-22,V1290,D031,C00914,Rajasthan,8,114926.0,217800.0,28400.0,195000
S05093,2024-01-13,V1264,D016,C01396,Telangana,7,59704.0,519300.0,28500.0,477000
S05094,2025-02-02,V1314,D036,C01459,Telangana,7,88964.0,1468000.0,172600.0,1284000
S05095,2025-11-27,V1426,D013,C00877,Gujarat,10,65169.0,1332800.0,3900.0,1388000
S05096,2022-10-05,V1177,D025,C01450,Telangana,8,120052.0,393100.0,23600.0,342000
S05097,2022-06-17,V1267,D021,C01066,Rajasthan,6,79841.0,373800.0,36500.0,365000
S05098,2024-03-22,V1340,D011,C01649,Delhi,7,54999.0,738500.0,48200.0,708000
S05099,2025-10-22,V1377,D019,C00717,Maharashtra,7,72215.0,362200.0,29200.0,323000
S05100,2022-08-19,V1386,D015,C02279,Telangana,10,96038.0,1536500.0,153300.0,1355000
S05101,2023-12-14,V1169,D011,C00011,Uttar Pradesh,10,119472.0,950300.0,60800.0,830000
S05102,2023-08-18,V1500,D025,C01058,Gujarat,7,46999.0,2044800.0,155200.0,1983000
S05103,2023-04-10,V1005,D039,C02193,Gujarat,9,127527.0,603400.0,136600.0,484000
S05104,2024-08-28,V1247,D023,C01220,Gujarat,8,44357.0,2211300.0,269500.0,1901000
S05105,2023-03-08,V1305,D007,C01845,West Bengal,10,76257.0,1109800.0,199400.0,901000
S05106,2023-12-22,V1031,D010,C02180,Karnataka,7,78275.0,975200.0,101200.0,898000
S05107,2025-05-20,V1226,D003,C01695,Uttar Pradesh,8,67804.0,948000.0,101300.0,818000
S05108,2023-07-09,V1298,D012,C01454,Uttar Pradesh,9,88421.0,212200.0,33300.0,169000
S05109,2022-01-31,V1304,D017,C00917,Delhi,7,47498.0,2064800.0,116900.0,1829000
S05110,2025-07-16,V1060,D028,C00917,Karnataka,7,78023.0,534500.0,700.0,517000
S05111,2023-02-06,V1139,D034,C01074,West Bengal,7,49113.0,891400.0,97400.0,866000
S05112,2025-02-03,V1123,D039,C01607,Karnataka,8,62345.0,1713600.0,232300.0,1395000
S05113,2025-01-19,V1320,D009,C02155,Telangana,9,37669.0,696000.0,27600.0,654000
S05114,2024-02-08,V1165,D018,C00906,Rajasthan,9,106200.0,486200.0,57300.0,355000
S05115,2022-05-09,V1286,D028,C00616,West Bengal,8,93679.0,320000.0,35600.0,283000
S05116,2025-10-20,V1366,D012,C02080,Gujarat,6,52452.0,577800.0,43500.0,529000
S05117,2024-09-21,V1399,D028,C01909,Gujarat,7,99517.0,1261100.0,99700.0,977000
S05118,2023-09-12,V1092,D035,C01285,Telangana,8,72713.0,1142200.0,62100.0,1140000
S05119,2025-06-01,V1452,D039,C02072,Gujarat,8,40799.0,697900.0,72200.0,641000
S05120,2025-02-25,V1083,D039,C00270,Delhi,10,84861.0,421200.0,50000.0,336000
S05121,2025-01-15,V1011,D023,C01203,Telangana,10,89883.0,690100.0,43400.0,693000
S05122,2022-09-03,V1023,D037,C00190,Karnataka,6,60593.0,642100.0,17900.0,591000
S05123,2024-07-13,V1101,D004,C00793,Gujarat,8,98663.0,804700.0,54600.0,805000
S05124,2023-02-22,V1437,D039,C00732,Delhi,6,83320.0,924900.0,27200.0,969000
S05125,2022-04-25,V1104,D009,C01624,Telangana,6,54355.0,1076100.0,109100.0,957000
S05126,2023-05-09,V1347,D036,C00139,Kerala,9,70056.0,1661700.0,158400.0,1467000
S05127,2022-06-01,V1210,D018,C02313,Delhi,6,107381.0,757000.0,63000.0,740000
S05128,2022-06-04,V1020,D006,C02228,Uttar Pradesh,8,77257.0,748000.0,85100.0,612000
S05129,2024-11-28,V1223,D028,C02204,Delhi,10,36093.0,1806500.0,272000.0,1460000
S05130,2024-01-04,V1015,D002,C00024,Telangana,9,106993.0,627600.0,130700.0,532000
S05131,2023-08-05,V1239,D039,C00923,Tamil Nadu,7,69639.0,1127200.0,150700.0,1036000
S05132,2022-10-08,V1280,D020,C02288,Delhi,7,58179.0,465600.0,53400.0,442000
S05133,2025-01-31,V1261,D001,C00440,Delhi,6,102106.0,280100.0,34800.0,219000
S05134,2024-07-15,V1142,D025,C01540,Rajasthan,6,99357.0,1121800.0,180200.0,820000
S05135,2024-05-05,V1384,D020,C00277,Karnataka,7,84797.0,1447000.0,155000.0,1370000
S05136,2022-10-05,V1299,D034,C02297,West Bengal,8,86594.0,324200.0,20900.0,269000
S05137,2022-06-30,V1128,D028,C02342,Maharashtra,5,29608.0,940800.0,0.0,905000
S05138,2022-06-30,V1218,D008,C01765,Rajasthan,9,102200.0,1118600.0,213500.0,916000
S05139,2022-02-06,V1055,D003,C02072,Kerala,8,85593.0,1584800.0,123600.0,1452000
S05140,2025-11-16,V1462,D025,C01315,Tamil Nadu,10,70694.0,1493800.0,149100.0,1307000
S05141,2023-06-22,V1377,D001,C00983,Delhi,6,72854.0,511500.0,76000.0,439000
S05142,2024-08-19,V1144,D004,C01794,Kerala,8,71632.0,1916100.0,0.0,1952000
S05143,2025-12-06,V1338,D025,C01899,Maharashtra,8,80920.0,1713700.0,164600.0,1593000
S05144,2025-09-30,V1340,D026,C01249,Telangana,7,58714.0,814600.0,26300.0,843000
S05145,2023-04-14,V1305,D004,C00957,Telangana,8,85967.0,1532900.0,220800.0,1403000
S05146,2023-12-17,V1028,D029,C01273,Uttar Pradesh,6,66008.0,1083100.0,0.0,880000
S05147,2023-11-08,V1440,D021,C00113,Gujarat,8,41506.0,1673700.0,91000.0,1555000
S05148,2022-02-18,V1478,D033,C00416,Uttar Pradesh,8,60992.0,761900.0,41600.0,701000
S05149,2025-01-27,V1488,D013,C01499,Uttar Pradesh,10,41109.0,2274400.0,148900.0,1969000
S05150,2024-04-19,V1491,D010,C00332,Gujarat,7,49967.0,2044200.0,166400.0,1715000
S05151,2023-06-27,V1465,D030,C00923,Gujarat,7,57600.0,1273000.0,52900.0,1225000
S05152,2024-03-26,V1370,D008,C00207,Rajasthan,8,59109.0,544900.0,47200.0,493000
S05153,2024-12-10,V1029,D028,C00944,Karnataka,8,108780.0,761000.0,95900.0,750000
S05154,2022-01-22,V1233,D010,C02387,Gujarat,7,80081.0,1773600.0,213200.0,1604000
S05155,2024-08-01,V1123,D036,C00930,Rajasthan,10,60912.0,1142800.0,64300.0,981000
S05156,2025-06-12,V1110,D036,C01423,Telangana,8,96074.0,1039800.0,149500.0,844000
S05157,2024-11-27,V1416,D020,C02082,West Bengal,9,48835.0,888100.0,61200.0,865000
S05158,2024-06-24,V1407,D033,C00067,Gujarat,7,55752.0,1915100.0,139300.0,1718000
S05159,2022-05-13,V1262,D011,C00659,Rajasthan,9,82232.0,330000.0,13000.0,312000
S05160,2024-12-23,V1369,D040,C01074,Karnataka,9,52378.0,436600.0,16200.0,451000
S05161,2025-01-01,V1065,D012,C02191,Uttar Pradesh,9,81652.0,1217400.0,89200.0,1037000
S05162,2023-12-23,V1111,D008,C00510,Rajasthan,8,72050.0,1250400.0,150000.0,1067000
S05163,2024-05-01,V1431,D014,C01676,Karnataka,8,46024.0,1525900.0,68500.0,1419000
S05164,2024-06-22,V1226,D008,C01865,Delhi,6,77646.0,1141500.0,116000.0,1112000
S05165,2022-06-26,V1274,D038,C02192,Uttar Pradesh,5,89438.0,282500.0,44100.0,237000
S05166,2023-01-12,V1232,D026,C01277,Gujarat,9,60772.0,1171100.0,89500.0,1112000
S05167,2025-03-03,V1102,D025,C01885,Gujarat,7,83704.0,959800.0,88500.0,911000
S05168,2025-11-23,V1414,D002,C01728,Karnataka,6,79730.0,1888600.0,111500.0,1647000
S05169,2023-01-30,V1380,D025,C01610,Rajasthan,6,34612.0,578300.0,44000.0,584000
S05170,2023-08-09,V1342,D016,C01252,West Bengal,8,72458.0,1968300.0,228600.0,1690000
S05171,2025-08-30,V1177,D019,C00347,Maharashtra,5,121652.0,552200.0,1700.0,543000
S05172,2022-08-26,V1322,D026,C01034,Uttar Pradesh,8,90267.0,632500.0,50700.0,692000
S05173,2023-01-17,V1477,D035,C02124,Gujarat,5,78424.0,1150700.0,10300.0,1057000
S05174,2022-03-23,V1325,D013,C01375,Uttar Pradesh,6,105298.0,661500.0,0.0,623000
S05175,2022-12-09,V1248,D002,C00422,Tamil Nadu,9,8901.0,875800.0,28300.0,864000
S05176,2024-07-18,V1136,D012,C00727,Karnataka,6,36487.0,2360500.0,333400.0,1884000
S05177,2023-05-24,V1262,D027,C00053,Karnataka,6,103129.0,406900.0,89200.0,311000
S05178,2025-12-07,V1186,D004,C00001,Tamil Nadu,4,60444.0,650100.0,54200.0,617000
S05179,2025-07-26,V1306,D019,C01100,Maharashtra,5,69646.0,811800.0,34900.0,746000
S05180,2025-08-01,V1023,D006,C00928,Delhi,7,78952.0,1256000.0,93300.0,1126000
S05181,2024-11-27,V1096,D015,C00761,West Bengal,7,82114.0,554100.0,64700.0,480000
S05182,2024-10-22,V1394,D018,C02050,Maharashtra,6,101484.0,712200.0,101100.0,642000
S05183,2024-01-15,V1191,D023,C01415,West Bengal,7,68810.0,1949100.0,18600.0,1862000
S05184,2025-12-18,V1217,D025,C01668,Kerala,7,89890.0,1037700.0,72400.0,1022000
S05185,2022-05-20,V1272,D003,C01216,Telangana,6,58627.0,429700.0,3000.0,455000
S05186,2024-11-22,V1220,D031,C00779,Tamil Nadu,8,60300.0,1360200.0,91200.0,1299000
S05187,2022-07-24,V1380,D040,C02364,Telangana,6,12448.0,506800.0,4000.0,463000
S05188,2023-05-11,V1123,D015,C00501,West Bengal,9,63638.0,1102600.0,47800.0,1024000
S05189,2023-01-09,V1380,D007,C01900,Kerala,8,30093.0,442200.0,20500.0,460000
S05190,2024-05-28,V1105,D018,C01647,Rajasthan,7,96543.0,978300.0,123900.0,796000
S05191,2025-02-24,V1186,D001,C00107,West Bengal,6,62228.0,1136800.0,78700.0,1065000
S05192,2022-04-27,V1294,D014,C00214,Delhi,7,92123.0,318100.0,33200.0,330000
S05193,2024-05-29,V1443,D001,C01130,West Bengal,10,69314.0,1005300.0,118400.0,885000
S05194,2022-11-20,V1117,D008,C00386,West Bengal,10,93216.0,819800.0,0.0,819000
S05195,2022-04-23,V1294,D003,C00032,Tamil Nadu,7,105188.0,214700.0,12100.0,205000
S05196,2023-09-03,V1033,D004,C00611,Telangana,7,90125.0,512000.0,30500.0,490000
S05197,2024-04-29,V1038,D009,C01356,Kerala,8,76455.0,1165900.0,0.0,1175000
S05198,2022-10-22,V1384,D031,C01930,Rajasthan,6,69385.0,768200.0,28700.0,771000
S05199,2023-07-24,V1360,D035,C00245,Delhi,7,50683.0,2079400.0,92600.0,2119000
S05200,2025-10-25,V1189,D030,C01310,West Bengal,9,89738.0,1182500.0,48700.0,1139000
S05201,2023-05-22,V1312,D028,C00858,Rajasthan,6,46855.0,1130000.0,400.0,1069000
S05202,2025-12-25,V1191,D021,C01477,Telangana,6,65003.0,1580200.0,161900.0,1205000
S05203,2025-05-03,V1139,D024,C01924,Telangana,8,61666.0,964100.0,84800.0,831000
S05204,2023-06-26,V1216,D031,C01001,Uttar Pradesh,7,54457.0,1556000.0,102500.0,1360000
S05205,2024-04-22,V1156,D017,C00196,Uttar Pradesh,6,64136.0,1603500.0,127300.0,1435000
S05206,2024-11-02,V1408,D001,C00528,Uttar Pradesh,8,38850.0,2461900.0,4100.0,2298000
S05207,2023-11-10,V1206,D010,C02266,West Bengal,6,80173.0,801200.0,100400.0,761000
S05208,2023-08-19,V1161,D038,C02183,Gujarat,8,113152.0,417100.0,65700.0,384000
S05209,2023-04-27,V1269,D023,C02087,Maharashtra,7,86706.0,293100.0,28400.0,263000
S05210,2022-07-23,V1380,D010,C00476,Gujarat,6,47487.0,576600.0,23500.0,574000
S05211,2022-02-06,V1137,D029,C01854,Gujarat,7,99929.0,1746200.0,223600.0,1508000
S05212,2023-05-08,V1470,D036,C00989,Delhi,8,51573.0,1279100.0,56700.0,1180000
S05213,2025-03-08,V1232,D007,C01721,Maharashtra,9,46580.0,2603200.0,149500.0,2399000
S05214,2022-12-07,V1331,D037,C01567,Delhi,8,87977.0,1584600.0,19000.0,1612000
S05215,2022-09-20,V1479,D009,C01135,West Bengal,5,27697.0,928900.0,68900.0,803000
S05216,2023-04-25,V1216,D040,C02156,Telangana,7,52383.0,1106000.0,36800.0,1095000
S05217,2024-05-24,V1100,D009,C00059,Telangana,8,72613.0,795100.0,15400.0,797000
S05218,2022-11-11,V1374,D035,C02477,Delhi,5,46916.0,422400.0,25200.0,395000
S05219,2022-11-18,V1004,D036,C00614,Karnataka,7,83184.0,1073800.0,94700.0,1066000
S05220,2022-06-14,V1229,D039,C00996,Maharashtra,6,83380.0,486900.0,21500.0,431000
S05221,2023-05-01,V1490,D019,C01597,Rajasthan,5,78566.0,1103100.0,110500.0,894000
S05222,2022-11-14,V1208,D019,C01120,Tamil Nadu,8,51924.0,1443500.0,125800.0,1248000
S05223,2025-04-29,V1343,D029,C01668,Maharashtra,7,51497.0,945300.0,95000.0,814000
S05224,2025-08-16,V1263,D031,C02100,Telangana,7,60029.0,413100.0,31800.0,382000
S05225,2023-06-26,V1108,D026,C00313,Delhi,8,68153.0,1352800.0,145200.0,1376000
S05226,2022-05-05,V1159,D005,C00958,Delhi,10,64481.0,2031700.0,301800.0,1929000
S05227,2022-05-08,V1262,D033,C01952,Tamil Nadu,8,83292.0,255600.0,20100.0,240000
S05228,2023-04-20,V1053,D034,C00285,Gujarat,6,122692.0,866200.0,2700.0,836000
S05229,2023-11-09,V1208,D018,C01714,Kerala,7,63924.0,1066300.0,143100.0,935000
S05230,2024-02-12,V1208,D003,C01872,Rajasthan,7,53471.0,1116600.0,115500.0,1070000
S05231,2023-03-21,V1418,D006,C01493,Tamil Nadu,7,62237.0,688200.0,15200.0,631000
S05232,2023-06-02,V1062,D027,C02256,Tamil Nadu,7,84468.0,1438400.0,138900.0,1252000
S05233,2023-02-19,V1422,D006,C01765,Karnataka,8,66880.0,1274100.0,67900.0,1263000
S05234,2024-01-27,V1206,D013,C00078,Delhi,7,93384.0,1797900.0,61400.0,1579000
S05235,2024-10-15,V1326,D013,C00305,Kerala,7,82757.0,1009500.0,191300.0,787000
S05236,2022-03-05,V1279,D028,C02412,Tamil Nadu,5,85695.0,277200.0,28900.0,251000
S05237,2023-12-01,V1150,D040,C01326,Kerala,9,70113.0,1342300.0,164700.0,1194000
S05238,2024-08-05,V1466,D033,C00216,Telangana,7,47747.0,747200.0,60600.0,748000
S05239,2024-09-09,V1113,D030,C02301,Maharashtra,7,96676.0,510200.0,53000.0,461000
S05240,2024-04-03,V1019,D038,C02320,West Bengal,8,106844.0,537500.0,88800.0,369000
S05241,2024-02-07,V1376,D040,C02263,Tamil Nadu,9,21787.0,533200.0,44200.0,465000
S05242,2024-09-21,V1311,D016,C01150,Rajasthan,6,54681.0,2109300.0,218200.0,2058000
S05243,2023-07-07,V1446,D029,C02220,Karnataka,8,76540.0,1976000.0,307000.0,1729000
S05244,2024-04-08,V1229,D002,C02118,Telangana,8,80237.0,633700.0,35200.0,596000
S05245,2023-04-12,V1009,D014,C01556,West Bengal,9,132862.0,356700.0,46800.0,313000
S05246,2023-10-02,V1011,D016,C00638,Delhi,6,107866.0,907200.0,48800.0,919000
S05247,2022-07-01,V1217,D017,C01809,Tamil Nadu,7,101586.0,863300.0,84000.0,821000
S05248,2023-05-27,V1125,D010,C01368,Delhi,4,82546.0,553000.0,8200.0,530000
S05249,2022-07-27,V1462,D005,C01464,Delhi,7,42776.0,491200.0,39600.0,514000
S05250,2022-11-27,V1060,D039,C01752,Gujarat,7,67457.0,947200.0,81400.0,802000
S05251,2023-09-05,V1441,D036,C00597,Kerala,5,80900.0,1513100.0,225600.0,1302000
S05252,2024-01-01,V1109,D012,C01617,Karnataka,7,106214.0,399000.0,31100.0,374000
S05253,2025-10-08,V1060,D034,C01461,Rajasthan,8,86283.0,1618500.0,147300.0,1481000
S05254,2022-02-08,V1138,D024,C01280,Rajasthan,8,79355.0,612100.0,71100.0,577000
S05255,2025-08-05,V1073,D026,C01544,Gujarat,6,74647.0,1428200.0,24900.0,1551000
S05256,2023-04-25,V1201,D030,C01159,Uttar Pradesh,6,121857.0,392600.0,33600.0,373000
S05257,2024-11-24,V1166,D015,C00069,Rajasthan,6,95038.0,803300.0,48400.0,654000
S05258,2024-09-17,V1265,D002,C00469,West Bengal,8,108360.0,283900.0,46700.0,184000
S05259,2025-11-19,V1269,D006,C02010,Tamil Nadu,7,113996.0,255600.0,15200.0,231000
S05260,2022-06-08,V1001,D020,C01962,Maharashtra,7,122709.0,932700.0,4300.0,1013000
S05261,2025-11-14,V1063,D040,C02303,Tamil Nadu,7,51241.0,1429200.0,3500.0,1413000
S05262,2022-04-02,V1081,D013,C02431,West Bengal,10,116989.0,917500.0,124300.0,767000
S05263,2025-07-05,V1098,D032,C00442,Rajasthan,7,106365.0,655100.0,41900.0,588000
S05264,2024-08-10,V1047,D029,C01738,Gujarat,7,89433.0,1289600.0,170300.0,1025000
S05265,2023-12-06,V1158,D001,C00075,Kerala,5,93662.0,1788900.0,89000.0,1607000
S05266,2023-08-05,V1275,D033,C02468,Kerala,5,64854.0,330900.0,28900.0,288000
S05267,2022-05-17,V1155,D022,C02494,Maharashtra,9,70263.0,1149600.0,111200.0,975000
S05268,2025-03-17,V1165,D020,C02131,Kerala,5,123202.0,340200.0,47500.0,258000
S05269,2024-11-29,V1235,D008,C01026,Karnataka,8,63599.0,1082500.0,62600.0,1071000
S05270,2025-10-01,V1275,D005,C01469,Delhi,7,55685.0,274600.0,19400.0,241000
S05271,2024-12-03,V1166,D004,C01360,Tamil Nadu,9,99891.0,666600.0,79800.0,517000
S05272,2025-10-30,V1111,D032,C01041,Gujarat,6,82880.0,497700.0,62800.0,469000
S05273,2025-07-19,V1205,D040,C00403,Gujarat,10,104804.0,1431700.0,102600.0,1236000
S05274,2023-09-14,V1013,D011,C00856,Rajasthan,5,130796.0,625400.0,110000.0,558000
S05275,2024-10-25,V1247,D039,C00758,Rajasthan,5,37512.0,1181100.0,59800.0,1158000
S05276,2023-01-22,V1471,D029,C02272,Tamil Nadu,7,35949.0,1251100.0,111000.0,1167000
S05277,2025-03-07,V1199,D013,C01436,Uttar Pradesh,8,62848.0,1760300.0,131600.0,1640000
S05278,2024-06-08,V1055,D030,C00521,Rajasthan,6,77297.0,1485800.0,122900.0,1462000
S05279,2023-10-06,V1354,D032,C00862,West Bengal,8,82150.0,1344100.0,201600.0,1122000
S05280,2024-07-06,V1064,D005,C00005,Gujarat,6,47580.0,812700.0,75300.0,711000
S05281,2023-02-09,V1097,D023,C02136,Gujarat,7,128098.0,785800.0,58000.0,682000
S05282,2024-06-28,V1074,D035,C01850,Telangana,5,60482.0,1163000.0,87300.0,1214000
S05283,2023-11-25,V1442,D021,C00316,West Bengal,7,59989.0,2053300.0,116800.0,1921000
S05284,2023-04-16,V1491,D016,C02079,West Bengal,6,49655.0,2206700.0,49900.0,2181000
S05285,2025-11-26,V1285,D010,C00238,Uttar Pradesh,10,105133.0,318500.0,32900.0,280000
S05286,2022-04-04,V1309,D017,C00719,Tamil Nadu,7,79809.0,1607100.0,134400.0,1571000
S05287,2025-01-11,V1323,D008,C01752,Telangana,4,77650.0,695300.0,61100.0,672000
S05288,2022-11-03,V1306,D021,C01222,Tamil Nadu,7,72959.0,1190500.0,69700.0,1094000
S05289,2022-11-22,V1273,D029,C00832,Tamil Nadu,7,103765.0,256500.0,38900.0,215000
S05290,2022-08-14,V1494,D011,C02488,Maharashtra,8,78397.0,772100.0,75300.0,647000
S05291,2022-05-30,V1367,D010,C01304,West Bengal,10,34422.0,606000.0,46600.0,550000
S05292,2022-07-01,V1045,D003,C00816,West Bengal,8,107268.0,1227800.0,230800.0,843000
S05293,2025-05-01,V1196,D014,C01057,Uttar Pradesh,7,47816.0,2277300.0,194300.0,2072000
S05294,2025-09-15,V1488,D037,C00973,Uttar Pradesh,10,31882.0,1077300.0,56700.0,912000
S05295,2024-05-04,V1202,D038,C00490,Uttar Pradesh,9,82671.0,726400.0,51400.0,689000
S05296,2022-01-21,V1103,D010,C01458,Delhi,7,76716.0,699600.0,46900.0,671000
S05297,2025-06-17,V1435,D033,C00604,Telangana,8,33265.0,887000.0,16500.0,822000
S05298,2024-05-29,V1312,D011,C00613,Uttar Pradesh,8,42744.0,1320700.0,122600.0,1147000
S05299,2024-01-31,V1282,D004,C02216,West Bengal,8,120343.0,246300.0,39400.0,208000
S05300,2025-10-16,V1211,D018,C00871,Telangana,7,69624.0,1696300.0,113300.0,1464000
S05301,2023-08-22,V1063,D013,C02050,Maharashtra,8,58720.0,1129000.0,70500.0,1111000
S05302,2023-06-11,V1192,D033,C02219,Gujarat,9,48949.0,784800.0,81700.0,761000
S05303,2025-02-13,V1219,D005,C01088,Telangana,5,62618.0,1021500.0,64800.0,830000
S05304,2024-02-10,V1466,D021,C00334,Kerala,6,59151.0,546700.0,76100.0,418000
S05305,2024-11-13,V1154,D037,C00213,Kerala,9,95702.0,1067300.0,56900.0,1011000
S05306,2024-10-13,V1075,D007,C01849,Tamil Nadu,8,65104.0,1642000.0,206600.0,1398000
S05307,2025-05-11,V1214,D004,C01479,Kerala,6,85646.0,989400.0,91700.0,842000
S05308,2023-04-09,V1499,D030,C00348,Kerala,6,69073.0,845700.0,0.0,851000
S05309,2022-04-16,V1242,D035,C00171,Telangana,7,54921.0,1749900.0,113300.0,1698000
S05310,2023-11-29,V1190,D002,C01169,Telangana,8,66589.0,1648600.0,87400.0,1583000
S05311,2024-08-04,V1334,D023,C01892,Maharashtra,10,93172.0,1218600.0,177800.0,1081000
S05312,2025-04-08,V1325,D027,C01776,Uttar Pradesh,9,102034.0,1079200.0,28800.0,930000
S05313,2023-01-26,V1150,D012,C00380,Tamil Nadu,9,99047.0,1244500.0,92100.0,1251000
S05314,2024-12-24,V1484,D001,C00622,Uttar Pradesh,6,34872.0,1119700.0,6000.0,1074000
S05315,2025-04-30,V1297,D025,C02055,Rajasthan,6,108749.0,268100.0,16500.0,258000
S05316,2025-03-27,V1029,D013,C02085,Telangana,7,100962.0,632700.0,58400.0,671000
S05317,2025-03-26,V1204,D019,C01659,Uttar Pradesh,4,60159.0,1271800.0,0.0,1310000
S05318,2025-12-13,V1462,D028,C01481,Uttar Pradesh,8,64081.0,1280400.0,41500.0,1280000
S05319,2024-08-23,V1197,D008,C02317,Maharashtra,10,91639.0,1544600.0,9000.0,1635000
S05320,2023-06-26,V1284,D029,C00622,Uttar Pradesh,4,77943.0,445000.0,30500.0,402000
S05321,2023-09-30,V1307,D024,C02023,Delhi,6,68019.0,2078200.0,22100.0,2089000
S05322,2024-12-27,V1353,D032,C02474,Karnataka,7,82050.0,1671300.0,46200.0,1548000
S05323,2022-12-12,V1437,D020,C00473,Kerala,10,57025.0,729000.0,87100.0,590000
S05324,2024-05-30,V1075,D013,C00840,Telangana,9,63295.0,1324700.0,76400.0,1433000
S05325,2024-04-16,V1259,D016,C00432,Kerala,6,36257.0,2095500.0,91100.0,2090000
S05326,2024-08-31,V1267,D019,C00138,Delhi,8,75249.0,321600.0,29900.0,275000
S05327,2023-09-08,V1077,D040,C00431,Delhi,9,81435.0,1979500.0,223500.0,1912000
S05328,2024-12-16,V1337,D003,C01755,West Bengal,6,97485.0,1211900.0,119700.0,1091000
S05329,2022-04-15,V1060,D014,C02317,Maharashtra,6,83882.0,1780800.0,207600.0,1665000
S05330,2024-12-31,V1229,D001,C01052,Karnataka,7,80707.0,1272600.0,64600.0,1149000
S05331,2025-04-01,V1166,D020,C01955,Gujarat,5,92672.0,970000.0,131500.0,786000
S05332,2025-07-18,V1078,D023,C00154,Karnataka,7,80798.0,897800.0,3900.0,862000
S05333,2025-09-10,V1412,D031,C02004,Karnataka,6,33227.0,1276100.0,93800.0,1186000
S05334,2023-05-26,V1123,D039,C01320,Telangana,8,55001.0,922100.0,101900.0,814000
S05335,2022-03-09,V1128,D012,C01677,Maharashtra,7,50998.0,706200.0,14000.0,674000
S05336,2024-08-12,V1428,D027,C00278,Karnataka,6,20395.0,1543800.0,90700.0,1349000
S05337,2022-05-12,V1439,D037,C00983,Gujarat,9,41485.0,915000.0,19200.0,845000
S05338,2023-02-14,V1018,D006,C01199,Gujarat,7,105837.0,657500.0,59300.0,678000
S05339,2024-10-23,V1139,D011,C02409,West Bengal,7,61886.0,571500.0,47100.0,473000
S05340,2024-05-18,V1355,D010,C00575,Uttar Pradesh,10,67592.0,1632700.0,109800.0,1515000
S05341,2024-06-05,V1390,D036,C01727,Telangana,8,102062.0,672400.0,25700.0,678000
S05342,2025-01-02,V1500,D038,C00527,Kerala,5,40839.0,1468400.0,69200.0,1361000
S05343,2022-08-29,V1278,D037,C00249,Delhi,6,94424.0,373700.0,39300.0,342000
S05344,2025-03-01,V1004,D020,C02330,Karnataka,10,93742.0,1015300.0,73900.0,1076000
S05345,2024-05-06,V1437,D016,C00837,Gujarat,7,81787.0,1101700.0,58600.0,1018000
S05346,2023-09-06,V1081,D015,C02262,Delhi,10,125068.0,331100.0,38200.0,278000
S05347,2023-11-09,V1061,D019,C02486,Rajasthan,10,89618.0,747400.0,88300.0,669000
S05348,2024-01-14,V1338,D016,C00476,Telangana,9,80262.0,1098700.0,63200.0,1094000
S05349,2024-03-15,V1302,D032,C02414,Telangana,4,69596.0,941100.0,98000.0,807000
S05350,2023-05-03,V1030,D016,C01581,Tamil Nadu,6,84826.0,945200.0,15100.0,924000
S05351,2022-11-22,V1085,D002,C00888,Telangana,7,112186.0,424400.0,27900.0,397000
S05352,2022-09-04,V1295,D030,C02128,Tamil Nadu,7,97569.0,273500.0,16800.0,266000
S05353,2023-05-13,V1128,D008,C02139,Delhi,7,51918.0,2512500.0,195800.0,2309000
S05354,2023-01-16,V1343,D039,C01352,Gujarat,8,62702.0,1253000.0,62400.0,1268000
S05355,2024-01-25,V1206,D024,C02121,Telangana,9,77492.0,650400.0,81400.0,577000
S05356,2025-08-25,V1295,D020,C01348,Tamil Nadu,8,85535.0,498200.0,47900.0,459000
S05357,2022-06-07,V1238,D029,C00490,Telangana,7,70740.0,1322800.0,110800.0,1124000
S05358,2023-03-28,V1183,D003,C00902,Maharashtra,9,58236.0,2291100.0,89300.0,2184000
S05359,2022-03-13,V1172,D029,C02423,Rajasthan,5,62678.0,1173200.0,18100.0,1092000
S05360,2025-11-25,V1349,D019,C01000,Maharashtra,10,94430.0,1613100.0,92400.0,1543000
S05361,2024-10-20,V1258,D018,C01688,West Bengal,9,76064.0,1989500.0,24200.0,2113000
S05362,2022-12-19,V1298,D026,C00877,Kerala,10,104031.0,257400.0,30600.0,243000
S05363,2023-08-29,V1289,D034,C02031,Maharashtra,9,110618.0,346400.0,1300.0,396000
S05364,2024-11-22,V1104,D017,C00796,Tamil Nadu,7,51464.0,1227700.0,104500.0,1154000
S05365,2025-10-31,V1457,D039,C00089,Karnataka,7,83235.0,1444700.0,201800.0,1192000
S05366,2024-04-18,V1282,D009,C01839,Delhi,7,97039.0,400800.0,64900.0,354000
S05367,2023-01-31,V1360,D039,C01410,Tamil Nadu,8,41584.0,1116200.0,33300.0,1051000
S05368,2024-10-15,V1441,D004,C00709,Delhi,6,93247.0,929800.0,62500.0,902000
S05369,2024-09-28,V1463,D014,C02194,Kerala,5,48443.0,1372900.0,0.0,1435000
S05370,2024-07-29,V1334,D029,C01829,Gujarat,5,99301.0,554400.0,57800.0,525000
S05371,2022-03-09,V1394,D034,C01390,Rajasthan,6,102843.0,752100.0,36200.0,1011000
S05372,2024-10-29,V1236,D030,C01679,Karnataka,8,51648.0,2478300.0,60600.0,2339000
S05373,2022-01-29,V1369,D034,C00308,Delhi,6,66821.0,270700.0,6700.0,232000
S05374,2025-08-16,V1161,D026,C02261,Delhi,10,115627.0,685300.0,20200.0,664000
S05375,2025-07-12,V1356,D003,C00814,Kerala,9,48654.0,2256200.0,142200.0,2191000
S05376,2024-04-03,V1043,D010,C00707,Delhi,7,91805.0,1281700.0,0.0,1414000
S05377,2024-08-01,V1458,D026,C02488,West Bengal,7,74896.0,1246000.0,28100.0,1254000
S05378,2022-04-10,V1123,D028,C02418,Telangana,6,56885.0,1820700.0,107300.0,1691000
S05379,2025-07-01,V1329,D004,C02241,Kerala,9,107145.0,647900.0,81600.0,587000
S05380,2023-01-31,V1006,D024,C01680,Uttar Pradesh,10,115815.0,525000.0,4100.0,520000
S05381,2023-01-18,V1078,D039,C01594,Kerala,8,67622.0,1044300.0,37400.0,1041000
S05382,2024-10-31,V1494,D020,C01884,Kerala,6,60636.0,1008500.0,135600.0,937000
S05383,2025-10-03,V1417,D023,C00061,Delhi,6,83062.0,1800700.0,262600.0,1696000
S05384,2023-12-23,V1112,D004,C00643,Gujarat,6,44494.0,797600.0,64300.0,771000
S05385,2024-01-12,V1066,D003,C00426,West Bengal,7,73253.0,723500.0,48100.0,728000
S05386,2024-03-12,V1408,D016,C02064,Telangana,6,23399.0,889100.0,38700.0,842000
S05387,2023-03-02,V1496,D011,C01421,Gujarat,7,16971.0,1641300.0,129700.0,1528000
S05388,2024-05-21,V1085,D021,C00825,Maharashtra,7,115634.0,859800.0,102600.0,804000
S05389,2025-11-04,V1332,D039,C00164,Uttar Pradesh,8,56265.0,1081300.0,108700.0,878000
S05390,2023-07-14,V1142,D039,C02049,Delhi,7,99490.0,853300.0,68300.0,737000
S05391,2025-02-03,V1373,D027,C00118,Kerala,7,54676.0,499800.0,35200.0,485000
S05392,2025-02-04,V1210,D005,C00019,Maharashtra,7,84717.0,888800.0,54500.0,933000
S05393,2025-05-28,V1063,D034,C02017,Karnataka,8,57640.0,1884300.0,209900.0,1659000
S05394,2024-11-23,V1163,D024,C01273,Uttar Pradesh,9,87575.0,535200.0,32600.0,480000
S05395,2025-09-08,V1270,D009,C02163,Uttar Pradesh,7,92410.0,429600.0,55300.0,384000
S05396,2024-11-09,V1400,D040,C02353,Rajasthan,8,73213.0,1695400.0,254600.0,1335000
S05397,2025-11-27,V1011,D016,C01836,Rajasthan,7,102554.0,725400.0,128300.0,645000
S05398,2024-11-11,V1479,D025,C01223,Telangana,9,48414.0,622500.0,37400.0,578000
S05399,2025-05-07,V1325,D036,C02468,Delhi,7,89006.0,735200.0,140400.0,600000
S05400,2025-07-24,V1438,D020,C01105,West Bengal,8,55666.0,1347000.0,139000.0,1309000
S05401,2025-12-07,V1466,D008,C01397,West Bengal,9,53058.0,712800.0,77200.0,661000
S05402,2024-05-19,V1077,D007,C02361,Kerala,9,88052.0,1309900.0,110100.0,1186000
S05403,2024-11-03,V1047,D022,C01392,Uttar Pradesh,9,77843.0,910300.0,79700.0,806000
S05404,2025-11-13,V1389,D034,C00507,Uttar Pradesh,9,108566.0,439500.0,49200.0,435000
S05405,2023-07-10,V1094,D021,C02447,Telangana,7,102683.0,661600.0,63500.0,645000
S05406,2022-06-24,V1074,D018,C00784,Rajasthan,8,65388.0,1802200.0,132100.0,1657000
S05407,2025-07-15,V1235,D011,C00376,Uttar Pradesh,10,59003.0,1277500.0,85900.0,1168000
S05408,2024-07-12,V1457,D032,C00544,Karnataka,9,99967.0,1798400.0,101800.0,1839000
S05409,2023-09-19,V1398,D003,C01879,West Bengal,7,100425.0,1512300.0,140700.0,1617000
S05410,2024-11-13,V1259,D017,C01726,West Bengal,6,37342.0,2287100.0,169600.0,1961000
S05411,2022-02-17,V1099,D001,C01550,Telangana,10,87957.0,775000.0,75900.0,644000
S05412,2023-11-29,V1169,D013,C00821,Karnataka,7,120970.0,461900.0,68500.0,426000
S05413,2023-01-23,V1345,D022,C02295,Delhi,6,95207.0,691100.0,45000.0,529000
S05414,2023-02-26,V1079,D003,C01129,Tamil Nadu,9,59735.0,2253900.0,316100.0,1877000
S05415,2025-11-17,V1263,D039,C01656,Gujarat,7,62728.0,531700.0,33600.0,474000
S05416,2024-03-14,V1006,D019,C02284,West Bengal,7,130378.0,626400.0,55100.0,508000
S05417,2022-07-25,V1163,D040,C01173,Maharashtra,5,76447.0,661500.0,45900.0,667000
S05418,2023-06-17,V1124,D018,C01674,Rajasthan,7,46995.0,628600.0,76500.0,556000
S05419,2022-12-21,V1341,D016,C00695,Gujarat,7,91938.0,1503400.0,74500.0,1470000
S05420,2025-08-21,V1458,D016,C01032,Uttar Pradesh,7,67758.0,1377100.0,100100.0,1223000
S05421,2023-03-02,V1074,D007,C01416,Gujarat,5,60532.0,1034100.0,133600.0,889000
S05422,2023-06-06,V1399,D037,C01914,Delhi,6,76851.0,643000.0,75500.0,656000
S05423,2023-05-04,V1328,D005,C01340,Karnataka,7,58436.0,1077800.0,0.0,1079000
S05424,2022-09-14,V1485,D035,C02075,Karnataka,10,102125.0,1493300.0,221300.0,1275000
S05425,2025-02-13,V1456,D019,C00486,Delhi,8,48595.0,859200.0,43800.0,753000
S05426,2024-04-22,V1051,D022,C01320,West Bengal,9,99315.0,1664600.0,231100.0,1359000
S05427,2023-10-01,V1372,D015,C02132,Karnataka,6,44886.0,638200.0,36800.0,614000
S05428,2023-08-02,V1297,D003,C02069,Karnataka,9,109831.0,373200.0,66900.0,334000
S05429,2024-09-01,V1057,D015,C00026,Kerala,9,120406.0,1084700.0,50100.0,1104000
S05430,2022-05-21,V1129,D036,C02399,Kerala,7,79209.0,1507700.0,20500.0,1313000
S05431,2025-09-23,V1464,D037,C01534,West Bengal,9,33555.0,1647000.0,74800.0,1644000
S05432,2024-04-05,V1272,D007,C00910,Kerala,5,37823.0,556600.0,33400.0,536000
S05433,2022-11-29,V1170,D008,C00468,Rajasthan,8,108576.0,591900.0,54300.0,564000
S05434,2024-02-25,V1161,D035,C00207,Kerala,9,109600.0,620200.0,87100.0,482000
S05435,2025-05-29,V1419,D029,C01423,Maharashtra,6,53518.0,594400.0,0.0,621000
S05436,2022-09-11,V1142,D011,C01535,Telangana,10,79897.0,757700.0,45100.0,665000
S05437,2024-02-05,V1080,D028,C01152,Rajasthan,10,55419.0,2064300.0,81700.0,2142000
S05438,2024-05-23,V1287,D004,C00166,Karnataka,8,81196.0,316200.0,29100.0,298000
S05439,2025-03-29,V1497,D028,C00512,West Bengal,7,80454.0,652400.0,10300.0,638000
S05440,2024-04-08,V1092,D036,C01233,West Bengal,5,77089.0,1031700.0,7300.0,1013000
S05441,2024-12-11,V1128,D005,C00813,Uttar Pradesh,8,43757.0,2214900.0,174600.0,1925000
S05442,2025-02-04,V1235,D038,C00149,Telangana,8,53525.0,693600.0,58200.0,546000
S05443,2025-07-25,V1100,D031,C00667,West Bengal,6,62937.0,891100.0,58300.0,827000
S05444,2023-06-13,V1326,D029,C00149,Delhi,7,81831.0,1283200.0,96600.0,1244000
S05445,2024-10-25,V1127,D010,C00344,Karnataka,7,68972.0,1828700.0,196300.0,1668000
S05446,2022-12-30,V1065,D030,C02226,Karnataka,8,85181.0,1154800.0,117900.0,804000
S05447,2025-05-18,V1131,D025,C01444,Tamil Nadu,6,45398.0,699300.0,28300.0,658000
S05448,2025-10-21,V1466,D015,C02320,West Bengal,8,56028.0,564800.0,54200.0,486000
S05449,2023-03-06,V1468,D027,C02400,Karnataka,7,10398.0,1549100.0,137500.0,1428000
S05450,2024-03-30,V1253,D015,C01758,West Bengal,6,70675.0,1441000.0,108300.0,1407000
S05451,2025-04-16,V1201,D038,C00099,Tamil Nadu,10,99109.0,520100.0,24900.0,421000
S05452,2022-02-09,V1410,D017,C01899,Uttar Pradesh,8,73252.0,1231600.0,1400.0,1275000
S05453,2024-10-27,V1098,D021,C00344,Karnataka,9,109940.0,456300.0,16100.0,450000
S05454,2025-04-14,V1327,D026,C01220,Tamil Nadu,7,80946.0,1170000.0,108800.0,928000
S05455,2025-06-26,V1341,D004,C01885,Uttar Pradesh,5,80203.0,1262100.0,83100.0,1173000
S05456,2022-10-15,V1356,D021,C02032,Telangana,5,46505.0,2281600.0,168500.0,1973000
S05457,2025-01-11,V1109,D013,C01376,Telangana,7,79740.0,334600.0,51200.0,289000
S05458,2025-02-22,V1359,D030,C00696,Tamil Nadu,5,69640.0,1905100.0,50800.0,2006000
S05459_DUP,2022-01-05,V1306,D008,C02115,Gujarat,9,64000.0,1740300.0,74300.0,1759000
S05460,2024-10-27,V1438,D010,C01100,Maharashtra,6,74788.0,731100.0,71500.0,637000
S05461,2024-07-03,V1088,D031,C01786,Maharashtra,9,75118.0,588700.0,20600.0,519000
S05462,2025-11-16,V1307,D017,C00113,Rajasthan,9,62744.0,955900.0,71700.0,909000
S05463,2022-03-04,V1415,D006,C01599,Tamil Nadu,6,61459.0,1551700.0,45700.0,1513000
S05464,2025-11-11,V1140,D027,C01251,Kerala,8,33874.0,1055800.0,29600.0,1019000
S05465,2024-04-14,V1372,D021,C00662,West Bengal,5,20492.0,725500.0,32500.0,753000
S05466,2023-02-05,V1050,D033,C02470,Maharashtra,10,99336.0,746800.0,63000.0,661000
S05467,2023-07-21,V1360,D018,C01510,Kerala,9,53064.0,716800.0,57500.0,652000
S05468,2025-01-24,V1304,D017,C00230,Gujarat,6,41345.0,1541300.0,120600.0,1375000
S05469,2025-12-26,V1097,D004,C01590,Telangana,10,120938.0,751700.0,35900.0,793000
S05470,2023-04-08,V1034,D025,C01413,Kerala,8,94535.0,987400.0,153600.0,805000
S05471,2025-12-08,V1373,D008,C02135,Kerala,7,72580.0,501000.0,57400.0,434000
S05472,2024-07-08,V1121,D035,C00153,Telangana,6,96010.0,955800.0,0.0,1004000
S05473,2022-10-08,V1249,D039,C00428,Gujarat,5,66540.0,577600.0,55600.0,543000
S05474,2024-05-23,V1031,D002,C01293,Maharashtra ,9,69334.0,1081900.0,53200.0,943000
S05475,2025-03-17,V1482,D040,C01218,Kerala,8,64175.0,1887400.0,282100.0,1374000
S05476,2022-03-21,V1275,D036,C01035,West Bengal,6,71128.0,459000.0,40900.0,416000
S05477,2022-04-26,V1466,D015,C01465,Maharashtra,8,58311.0,1469800.0,103800.0,1495000
S05478,2022-01-08,V1081,D008,C02448,Delhi,8,106911.0,575400.0,96200.0,493000
S05479,2024-04-13,V1103,D032,C00176,Tamil Nadu,8,71707.0,1311600.0,119400.0,1240000
S05480,2022-03-26,V1306,D036,C00430,Telangana,8,83217.0,810200.0,82000.0,713000
S05481,2025-09-23,V1303,D029,C02229,Delhi,9,59366.0,1025900.0,111100.0,886000
S05482,2022-07-06,V1396,D040,C01309,Maharashtra,10,71746.0,1815800.0,98100.0,1838000
S05483,2022-04-15,V1465,D015,C01600,Maharashtra,9,77562.0,665100.0,0.0,613000
S05484,2023-01-12,V1411,D035,C02117,Karnataka,7,64572.0,1069800.0,90000.0,973000
S05485,2025-01-20,V1071,D019,C01618,Karnataka,8,50377.0,2483400.0,211300.0,2332000
S05486,2025-08-18,V1155,D013,C00057,Kerala,6,81087.0,873300.0,107300.0,755000
S05487,2023-01-02,V1457,D038,C01271,Delhi,9,62349.0,1787600.0,271800.0,1385000
S05488,2024-01-28,V1275,D039,C01153,Maharashtra,7,67621.0,562000.0,69100.0,517000
S05489,2025-02-04,V1434,D017,C00058,Rajasthan,6,69475.0,822900.0,69400.0,761000
S05490,2025-03-10,V1282,D025,C01553,West Bengal,7,110332.0,291600.0,5300.0,310000
S05491,2022-08-12,V1025,D034,C01677,West Bengal,8,105994.0,912300.0,133700.0,627000
S05492,2025-05-09,V1237,D026,C01159,Tamil Nadu,10,85059.0,1764100.0,184100.0,1566000
S05493,2025-06-21,V1413,D026,C00247,Telangana,9,80007.0,1835300.0,167900.0,1690000
S05494,2024-12-09,V1328,D005,C00270,Uttar Pradesh,7,81508.0,1092200.0,113500.0,1005000
S05495,2024-02-10,V1067,D032,C01662,Delhi,8,45272.0,981500.0,90000.0,963000
S05496,2023-07-26,V1106,D015,C02280,Delhi,10,87721.0,847500.0,128100.0,720000
S05497,2025-07-23,V1428,D030,C00564,Tamil Nadu,7,26758.0,1003800.0,70300.0,921000
S05498,2025-06-16,V1490,D013,C02064,West Bengal,7,57538.0,1718200.0,70000.0,1573000
S05499,2024-01-28,V1377,D010,C01717,Maharashtra,5,62180.0,453800.0,42700.0,430000
S05500,2024-12-20,V1050,D017,C00063,Telangana,8,112174.0,966500.0,87000.0,818000
S05501,2023-08-08,V1310,D019,C02309,Uttar Pradesh,6,80535.0,1899900.0,262700.0,1658000
S05502,2024-12-21,V1415,D019,C01454,Telangana,8,54364.0,615300.0,67100.0,513000
S05503,2022-05-11,V1321,D012,C01424,Maharashtra,6,110137.0,793000.0,141100.0,665000
S05504,2025-08-10,V1298,D040,C01558,Tamil Nadu,8,94781.0,276700.0,32000.0,215000
S05505,2024-01-24,V1234,D039,C00362,Karnataka,8,61681.0,583400.0,49800.0,551000
S05506,2024-05-24,V1123,D010,C02422,Maharashtra,4,58940.0,1968800.0,276300.0,1741000
S05507,2022-10-04,V1141,D009,C01947,Delhi,8,103375.0,1517900.0,208600.0,1181000
S05508,2024-02-12,V1373,D037,C01155,Gujarat,5,68965.0,436000.0,43900.0,411000
S05509,2022-01-05,V1035,D012,C01708,Kerala,8,86757.0,1460800.0,58500.0,1366000
S05510,2025-07-24,V1043,D038,C01592,Gujarat,9,73210.0,1456400.0,90100.0,1426000
S05511,2024-12-30,V1199,D008,C01712,Gujarat,7,54077.0,2150700.0,126000.0,1898000
S05512,2023-10-26,V1388,D026,C01934,West Bengal,8,69933.0,1310900.0,189800.0,1215000
S05513,2025-05-06,V1329,D029,C02308,Telangana,9,95733.0,724200.0,41400.0,754000
S05514,2025-03-31,V1295,D003,C01113,Uttar Pradesh,7,74923.0,472600.0,43800.0,468000
S05515,2022-06-23,V1268,D033,C01706,West Bengal,9,77899.0,408100.0,3700.0,409000
S05516,2022-03-20,V1056,D038,C01611,Maharashtra,9,68455.0,1683900.0,154200.0,1519000
S05517,2023-01-06,V1166,D010,C00702,Tamil Nadu,9,100516.0,619600.0,90500.0,578000
S05518,2022-01-02,V1040,D009,C02355,KARNATAKA,7,63526.0,1612200.0,172000.0,1490000
S05519,2024-04-17,V1380,D003,C00383,Tamil Nadu,8,20293.0,619400.0,47000.0,546000
S05520,2024-02-11,V1376,D003,C02184,Gujarat,5,22369.0,358100.0,28100.0,350000
S05521,2024-02-25,V1130,D009,C01028,Kerala,5,73314.0,1278200.0,90300.0,1370000
S05522,2022-04-18,V1147,D039,C01434,Delhi,7,73569.0,799300.0,60600.0,704000
S05523,2025-09-03,V1159,D014,C00973,Gujarat,6,67996.0,1428300.0,97500.0,1345000
S05524,2025-11-27,V1445,D026,C02250,Uttar Pradesh,8,94118.0,1045700.0,65100.0,913000
S05525,2024-05-12,V1245,D004,C00658,Kerala,9,78744.0,1950500.0,144500.0,2020000
S05526,2022-01-09,V1382,D024,C01417,,9,104390.0,1295200.0,134700.0,1161000
S05527,2023-08-02,V1225,D026,C00775,Delhi,7,102002.0,1419200.0,164600.0,1345000
S05528,2024-11-15,V1350,D027,C00538,Maharashtra,7,61471.0,1922600.0,207200.0,1837000
S05529,2024-12-29,V1265,D031,C01310,Karnataka,10,115227.0,440500.0,36900.0,367000
S05530,2022-12-22,V1140,D010,C01130,Telangana,7,57560.0,1092000.0,110100.0,883000
S05531,2025-04-16,V1439,D029,C01268,Tamil Nadu,6,44321.0,1339700.0,101800.0,1187000
S05532,2025-11-14,V1355,D019,C01241,Telangana,7,42700.0,1107000.0,56300.0,996000
S05533,2024-01-14,V1385,D030,C00241,Delhi,9,107297.0,489400.0,14900.0,471000
S05534,2023-07-12,V1475,D013,C01127,Tamil Nadu,8,46561.0,1223400.0,41900.0,1186000
S05535,2024-02-08,V1125,D005,C00730,Maharashtra,8,76395.0,1818100.0,275800.0,1641000
S05536,2022-02-09,V1046,D004,C02497,Rajasthan,8,80159.0,1400100.0,149400.0,1317000
S05537,2024-02-04,V1292,D028,C01942,Uttar Pradesh,8,84931.0,396600.0,22900.0,378000
S05538,2022-02-09,V1164,D025,C01154,Tamil Nadu,8,51291.0,800500.0,82500.0,722000
S05539,2022-02-20,V1218,D022,C02425,Telangana,8,93490.0,1006500.0,66200.0,943000
S05540,2024-03-19,V1118,D036,C00733,West Bengal,8,87575.0,760900.0,97300.0,646000
S05541,2024-01-17,V1200,D007,C02372,Maharashtra,10,46103.0,2627400.0,276000.0,2537000
S05542,2025-12-12,V1197,D024,C00961,Tamil Nadu,8,74385.0,999600.0,106700.0,920000
S05543,2024-01-12,V1176,D023,C00300,West Bengal,8,91157.0,469500.0,29400.0,449000
S05544,2025-12-02,V1372,D002,C02445,Rajasthan,7,51041.0,744700.0,44000.0,650000
S05545,2025-03-25,V1297,D009,C00719,Karnataka,9,114409.0,301200.0,15200.0,264000
S05546,2023-05-08,V1238,D006,C01292,West Bengal,9,80790.0,1658900.0,209800.0,1374000
S05547,2025-09-15,V1057,D014,C01329,Maharashtra,8,116643.0,1232100.0,153100.0,1237000
S05548,2023-12-07,V1286,D032,C01160,Karnataka,8,108349.0,242600.0,13700.0,211000
S05549,2024-05-19,V1088,D002,C00227,West Bengal,8,62346.0,955500.0,132100.0,801000
S05550,2022-05-27,V1158,D011,C00295,Karnataka,9,89636.0,666600.0,54100.0,595000
S05551,2022-11-07,V1208,D019,C00515,Gujarat,5,47177.0,1168800.0,133600.0,1104000
S05552,2024-02-02,V1071,D039,C01764,Maharashtra,6,53580.0,1957000.0,141000.0,1704000
S05553,2023-02-01,V1195,D034,C02258,West Bengal,6,50854.0,782400.0,92100.0,679000
S05554,2024-05-26,V1134,D016,C00351,Karnataka,9,82164.0,1077900.0,161900.0,798000
S05555,2022-04-27,V1425,D027,C01713,Telangana,7,59629.0,953100.0,76600.0,851000
S05556,2023-01-02,V1430,D021,C01963,Karnataka,8,59642.0,915400.0,76400.0,758000
S05557,2024-08-29,V1003,D004,C02294,Rajasthan,7,94035.0,511800.0,29900.0,470000
S05558,2024-06-13,V1302,D009,C01802,Rajasthan,5,64046.0,1540900.0,162900.0,1499000
S05559,2025-12-08,V1321,D023,C00253,Tamil Nadu,6,103988.0,989600.0,64100.0,940000
S05560,2025-08-07,V1189,D015,C02398,Kerala,8,106212.0,1491300.0,233700.0,1096000
S05561,2025-03-30,V1235,D023,C02383,Gujarat,7,41035.0,1788600.0,15200.0,1693000
S05562,2022-01-02,V1395,D026,C01824,Telangana,8,97221.0,1258500.0,123600.0,1129000
S05563,2024-05-30,V1189,D036,C01670,Telangana,9,76221.0,1827900.0,287100.0,1633000
S05564,2022-12-01,V1033,D032,C00205,West Bengal,6,93024.0,443900.0,88300.0,359000
S05565,2023-01-25,V1187,D006,C00784,Telangana,8,55035.0,2062800.0,69200.0,2073000
S05566,2022-11-03,V1127,D036,C01930,Gujarat,6,62318.0,2095500.0,92800.0,1861000
S05567,2023-10-29,V1192,D001,C00278,Gujarat,5,55281.0,2432700.0,4700.0,2382000
S05568,2022-06-30,V1116,D003,C00612,Maharashtra,7,61239.0,1322400.0,128800.0,1149000
S05569,2024-02-16,V1075,D033,C01076,Gujarat,9,51477.0,936600.0,77400.0,859000
S05570,2022-08-31,V1493,D011,C00516,Maharashtra,8,85873.0,1829500.0,134900.0,1694000
S05571,2024-01-02,V1065,D002,C01338,West Bengal,7,104492.0,1163100.0,76100.0,1078000
S05572,2024-07-03,V1354,D015,C02238,Karnataka,8,75316.0,1475200.0,41300.0,1661000
S05573,2022-09-20,V1359,D030,C01570,Tamil Nadu,10,54624.0,816100.0,57800.0,744000
S05574,2022-05-31,V1309,D005,C01170,Tamil Nadu,7,63109.0,1166200.0,98600.0,1072000
S05575,2025-03-23,V1456,D036,C00487,Maharashtra,6,41293.0,2087800.0,255400.0,1828000
S05576,2024-12-14,V1003,D039,C02227,Karnataka,6,113143.0,415500.0,5700.0,422000
S05577,2023-01-17,V1151,D031,C01692,Kerala,4,54293.0,1110600.0,92600.0,956000
S05578,2025-07-19,V1093,D032,C00432,Gujarat,6,115999.0,442400.0,0.0,424000
S05579,2022-11-20,V1289,D009,C00292,Maharashtra,10,107162.0,309500.0,38700.0,276000
S05580,2025-09-15,V1318,D017,C00646,Telangana,9,78810.0,1458900.0,23200.0,1444000
S05581,2022-06-15,V1449,D022,C00550,Karnataka,7,86496.0,526000.0,56800.0,504000
S05582,2024-08-22,V1190,D016,C01910,Uttar Pradesh,7,70271.0,1498900.0,64400.0,1397000
S05583,2022-01-29,V1118,D015,C00475,Kerala,7,79730.0,918600.0,121700.0,674000
S05584,2022-10-16,V1463,D040,C01917,Kerala,5,49414.0,1529500.0,70200.0,1483000
S05585,2023-08-15,V1337,D017,C00009,Maharashtra,6,102203.0,1224400.0,228000.0,1014000
S05586,2022-05-05,V1383,D026,C00490,Telangana,8,83464.0,1605000.0,237300.0,1453000
S05587,2023-10-30,V1223,D014,C01952,Gujarat,8,49166.0,2036100.0,54600.0,1933000
S05588,2022-12-05,V1224,D024,C00120,Tamil Nadu,10,37409.0,1462100.0,122300.0,1265000
S05589,2022-05-25,V1195,D040,C00840,Rajasthan,9,42372.0,1831700.0,168800.0,1586000
S05590,2025-11-06,V1375,D024,C01005,Karnataka,7,36495.0,407700.0,33100.0,374000
S05591,2025-12-05,V1106,D012,C00011,Maharashtra,10,89481.0,848200.0,0.0,762000
S05592,2025-11-06,V1488,D034,C00807,Rajasthan,8,42970.0,1148300.0,106600.0,1075000
S05593,2022-08-14,V1088,D009,C01920,Karnataka,5,76532.0,772400.0,50400.0,729000
S05594,2023-07-12,V1231,D031,C00682,West Bengal,8,59700.0,1621700.0,188800.0,1593000
S05595,2023-04-24,V1158,D025,C00257,Maharashtra,7,91056.0,699200.0,53400.0,564000
S05596,2023-04-21,V1322,D024,C02257,Maharashtra,10,88715.0,942300.0,90100.0,914000
S05597,2023-09-01,V1341,D005,C01980,Rajasthan,7,95297.0,1004900.0,60700.0,896000
S05598,2024-01-16,V1460,D012,C01904,Rajasthan,7,42885.0,1562800.0,18500.0,1451000
S05599,2023-12-10,V1395,D030,C01331,West Bengal,8,82763.0,1737200.0,212800.0,1567000
S05600,2023-03-03,V1125,D032,C01914,Karnataka,6,83210.0,925100.0,65500.0,938000
S05601,2025-12-02,V1104,D018,C01453,Tamil Nadu,7,58941.0,1085600.0,122300.0,942000
S05602,2025-12-02,V1444,D018,C01875,Gujarat,10,46941.0,1944700.0,153500.0,1791000
S05603,2023-04-29,V1244,D027,C01784,West Bengal,8,32142.0,1039200.0,57800.0,966000
S05604,2022-11-20,V1049,D031,C00239,Delhi,9,109931.0,509700.0,18400.0,475000
S05605,2024-02-18,V1413,D029,C00123,Uttar Pradesh,6,84056.0,1065200.0,76500.0,999000
S05606,2023-06-24,V1325,D014,C01508,Karnataka,8,96599.0,1255300.0,62900.0,1051000
S05607,2025-12-13,V1013,D004,C01381,Uttar Pradesh,9,125241.0,692100.0,125500.0,601000
S05608,2023-09-20,V1392,D033,C01117,Delhi,8,70339.0,822400.0,58000.0,687000
S05609,2022-02-28,V1304,D028,C00121,Rajasthan,6,26844.0,1582600.0,146800.0,1455000
S05610,2022-07-02,V1308,D001,C00473,Gujarat,10,38806.0,2114000.0,169300.0,2054000
S05611,2022-04-19,V1433,D033,C01984,Telangana,9,61321.0,643700.0,90100.0,509000
S05612,2023-07-14,V1248,D003,C01437,Karnataka,8,23331.0,1487600.0,70200.0,1393000
S05613,2023-04-08,V1231,D019,C00752,Kerala,7,44704.0,1977500.0,89600.0,1876000
S05614,2025-06-05,V1309,D035,C00076,Karnataka,6,75216.0,1370800.0,223400.0,1226000
S05615,2025-07-25,V1099,D029,C02388,Uttar Pradesh,9,94950.0,510100.0,34800.0,440000
S05616,2022-07-25,V1076,D031,C01020,Karnataka,6,42129.0,2286200.0,250900.0,1869000
S05617,2025-10-12,V1422,D005,C01092,Tamil Nadu,7,66368.0,1054000.0,37700.0,1002000
S05618,2024-05-03,V1108,D003,C01639,Uttar Pradesh,9,53993.0,768400.0,64600.0,696000
S05619,2023-03-25,V1253,D013,C01869,Rajasthan,7,72355.0,692400.0,39900.0,629000
S05620,2023-08-18,V1135,D026,C01838,Karnataka,6,29510.0,1061100.0,128400.0,1026000
S05621,2023-10-07,V1116,D034,C00377,Maharashtra,6,43919.0,885900.0,82100.0,863000
S05622,2022-09-07,V1299,D008,C01609,Karnataka,6,96085.0,326800.0,43400.0,261000
S05623,2025-06-21,V1402,D021,C02011,Maharashtra,7,76015.0,915400.0,83200.0,880000
S05624,2022-01-19,V1221,D013,C00888,Karnataka,7,85991.0,1450800.0,192300.0,1259000
S05625,2022-04-12,V1070,D022,C00916,Maharashtra,7,68259.0,1176000.0,0.0,1161000
S05626,2023-02-04,V1123,D007,C02323,Gujarat,6,50593.0,1018200.0,7800.0,983000
S05627,2022-07-29,V1083,D031,C01520,Rajasthan,10,99076.0,677400.0,15900.0,654000
S05628,2022-04-01,V1442,D040,C01857,Delhi,6,75825.0,1810700.0,24500.0,1772000
S05629,2023-07-15,V1160,D019,C00156,Maharashtra,9,58182.0,1090200.0,63300.0,845000
S05630,2023-07-05,V1187,D027,C00235,West Bengal,10,47253.0,1962300.0,130200.0,1882000
S05631,2022-07-03,V1036,D031,C00013,Gujarat,9,54259.0,1530600.0,132100.0,1431000
S05632,2025-03-29,V1224,D032,C00121,Rajasthan,7,31918.0,1467600.0,67700.0,1479000
S05633,2025-07-13,V1457,D026,C00282,Delhi,5,89880.0,1303300.0,110700.0,1241000
S05634,2024-11-17,V1205,D017,C00968,Kerala,9,96069.0,1517000.0,155400.0,1132000
S05635,2024-02-02,V1326,D017,C00045,Tamil Nadu,8,95094.0,1819200.0,237400.0,1744000
S05636,2025-10-16,V1091,D010,C01806,Delhi,7,75123.0,847200.0,48800.0,825000
S05637,2023-05-28,V1072,D027,C02102,Gujarat,7,44488.0,1113900.0,136000.0,1014000
S05638,2023-09-16,V1366,D040,C00430,Delhi,6,57851.0,474300.0,2200.0,446000
S05639,2022-01-23,V1033,D030,C01348,Rajasthan,8,77497.0,1079200.0,164600.0,982000
S05640,2024-10-31,V1225,D019,C00201,Delhi,6,91945.0,1258000.0,96800.0,1108000
S05641,2022-05-16,V1159,D027,C00894,Delhi,9,76335.0,1259400.0,75000.0,1222000
S05642,2024-08-30,V1009,D019,C00962,Kerala,10,123280.0,590800.0,29300.0,587000
S05643,2025-02-17,V1266,D014,C00181,Telangana,9,98859.0,273400.0,44900.0,230000
S05644,2022-11-14,V1483,D014,C01903,Telangana,7,57039.0,1490900.0,203100.0,1183000
S05645,2024-06-13,V1035,D001,C00619,Tamil Nadu,8,62625.0,1104100.0,69100.0,997000
S05646,2023-03-20,V1408,D040,C01712,Telangana,5,52028.0,2208700.0,112200.0,2064000
S05647,2023-08-05,V1270,D023,C01787,Karnataka,7,92355.0,350500.0,11000.0,347000
S05648,2024-02-14,V1362,D010,C01150,Maharashtra,7,72385.0,379800.0,38900.0,337000
S05649,2022-12-31,V1049,D006,C01163,Rajasthan,8,112643.0,513600.0,69800.0,464000
S05650,2025-03-09,V1435,D013,C00515,Uttar Pradesh,7,45928.0,702900.0,47300.0,632000
S05651,2023-07-31,V1006,D037,C02303,Tamil Nadu,10,128961.0,392000.0,16500.0,360000
S05652,2023-11-06,V1454,D018,C00436,Uttar Pradesh,8,67541.0,783300.0,112700.0,651000
S05653,2025-04-05,V1329,D034,C00813,Gujarat,7,107563.0,986000.0,182600.0,827000
S05654,2022-11-29,V1169,D009,C01370,West Bengal,8,125249.0,347700.0,42700.0,374000
S05655,2023-10-23,V1004,D001,C00807,West Bengal,8,90948.0,919500.0,62600.0,835000
S05656,2025-12-22,V1306,D029,C00026,Uttar Pradesh,8,83663.0,1578300.0,123700.0,1461000
S05657,2023-08-07,V1044,D017,C02385,Uttar Pradesh,9,83477.0,1093600.0,15700.0,1100000
S05658,2022-06-18,V1305,D022,C00360,Delhi,8,80550.0,827900.0,29800.0,763000
S05659,2023-02-20,V1387,D013,C01610,Kerala,8,77784.0,1170400.0,99400.0,1179000
S05660,2025-10-28,V1134,D002,C00063,Tamil Nadu,7,87185.0,572500.0,52000.0,526000
S05661,2025-01-14,V1120,D022,C00678,Tamil Nadu,6,58507.0,922900.0,141500.0,863000
S05662,2025-03-28,V1111,D003,C00850,West Bengal,8,68375.0,1132200.0,62500.0,1031000
S05663,2023-01-06,V1113,D016,C01483,Telangana,9,97615.0,919200.0,62500.0,884000
S05664,2025-05-10,V1057,D029,C01845,Telangana,7,109110.0,1219800.0,269000.0,947000
S05665,2023-07-29,V1125,D037,C00711,Gujarat,6,97208.0,1084300.0,92500.0,890000
S05666,2025-03-07,V1330,D025,C01944,Rajasthan,6,78866.0,795400.0,80500.0,717000
S05667,2025-07-10,V1152,D009,C01141,Rajasthan,8,62496.0,1335700.0,19500.0,1365000
S05668,2022-11-01,V1391,D015,C00670,Delhi,7,84378.0,982300.0,152000.0,849000
S05669,2025-10-03,V1410,D019,C01551,Telangana,7,82261.0,1261400.0,124200.0,1229000
S05670,2024-07-13,V1381,D025,C00913,Rajasthan,9,123335.0,579700.0,36700.0,490000
S05671,2024-12-03,V1270,D010,C02210,Delhi,4,86861.0,238000.0,18000.0,240000
S05672,2025-01-10,V1159,D007,C01154,Gujarat,7,70219.0,1037100.0,57200.0,997000
S05673,2022-09-04,V1465,D017,C01635,Gujarat,10,72940.0,962000.0,53100.0,854000
S05674,2024-12-25,V1103,D003,C01680,Gujarat,6,74272.0,1281700.0,27100.0,1286000
S05675,2022-11-08,V1233,D028,C00893,Tamil Nadu,8,87936.0,1567000.0,196300.0,1532000
S05676,2023-02-01,V1227,D013,C00795,West Bengal,7,63747.0,969400.0,46600.0,894000
S05677,2022-06-20,V1373,D032,C02149,Tamil Nadu,8,61595.0,553700.0,29700.0,463000
S05678,2022-09-22,V1274,D027,C00488,Uttar Pradesh,8,101282.0,377900.0,2200.0,324000
S05679,2025-12-01,V1400,D022,C01987,West Bengal,7,77745.0,655700.0,57900.0,638000
S05680,2023-04-25,V1460,D012,C00143,Telangana,8,29728.0,1933100.0,0.0,1969000
S05681,2023-07-20,V1196,D018,C02005,Tamil Nadu,9,46282.0,1595900.0,79000.0,1457000
S05682,2023-12-03,V1438,D015,C00776,Rajasthan,9,58960.0,777000.0,25800.0,798000
S05683,2024-11-07,V1085,D011,C01769,Uttar Pradesh,8,120508.0,480000.0,37000.0,433000
S05684,2024-04-18,V1459,D021,C02016,Rajasthan,9,63026.0,1820900.0,185000.0,1602000
S05685,2024-02-23,V1089,D036,C02096,Uttar Pradesh,7,122081.0,634100.0,85700.0,601000
S05686,2025-05-07,V1426,D003,C00871,Gujarat,8,76849.0,604100.0,18500.0,563000
S05687,2023-12-26,V1196,D025,C01754,Delhi,6,43913.0,1949500.0,186200.0,1774000
S05688,2025-01-28,V1483,D037,C02143,Karnataka,9,71240.0,2040900.0,15400.0,2050000
S05689,2025-08-23,V1065,D003,C00411,Gujarat,7,74930.0,1668400.0,240200.0,1411000
S05690,2024-09-14,V1233,D012,C02375,West Bengal,7,70464.0,1108900.0,0.0,1037000
S05691,2022-02-21,V1451,D007,C02106,Telangana,7,53196.0,1209200.0,79000.0,1169000
S05692,2023-01-20,V1024,D007,C01983,Maharashtra,8,70605.0,1480400.0,37400.0,1361000
S05693,2024-06-21,V1133,D023,C01293,Delhi,8,100348.0,916900.0,116900.0,823000
S05694,2023-12-01,V1042,D027,C00198,Karnataka,9,101312.0,1375400.0,153900.0,1179000
S05695,2023-02-21,V1161,D038,C01024,West Bengal,6,123859.0,389400.0,75700.0,313000
S05696,2023-05-06,V1196,D018,C00299,Delhi,8,41547.0,1969900.0,82800.0,1935000
S05697,2022-04-25,V1310,D003,C00125,Delhi,7,61701.0,891600.0,109200.0,744000
S05698,2022-12-10,V1129,D002,C00034,Maharashtra,7,92574.0,1119200.0,73200.0,1146000
S05699,2025-02-17,V1080,D005,C01477,Kerala,5,56403.0,1436400.0,77900.0,1476000
S05700,2022-01-15,V1085,D031,C01640,West Bengal,6,101415.0,462500.0,0.0,576000
S05701,2025-05-07,V1470,D028,C01954,Delhi,8,45185.0,1349400.0,9600.0,1138000
S05702,2023-05-11,V1477,D019,C01899,Gujarat,7,73269.0,686400.0,38900.0,636000
S05703,2025-03-26,V1111,D026,C01304,Kerala,7,65299.0,526900.0,15600.0,558000
S05704,2023-01-10,V1098,D004,C02278,Kerala,6,101099.0,837200.0,71700.0,863000
S05705,2025-04-25,V1028,D013,C02454,Telangana,9,45700.0,1628200.0,119200.0,1445000
S05706,2024-04-15,V1480,D004,C00251,Rajasthan,10,21752.0,1741500.0,105400.0,1659000
S05707,2025-05-28,V1354,D022,C00125,West Bengal,10,67120.0,663600.0,95700.0,547000
S05708,2022-04-02,V1381,D011,C02020,Kerala,7,122640.0,1319600.0,156400.0,1309000
S05709,2025-03-11,V1146,D013,C01140,Gujarat,6,85168.0,1447100.0,125800.0,1238000
S05710_DUP,2023-01-31,V1321,D012,C02488,Uttar Pradesh,8,111031.0,798000.0,30500.0,744000
S05711,2023-06-09,V1030,D034,C02425,Delhi,8,99076.0,760400.0,22400.0,757000
S05712,2022-03-07,V1339,D032,C01962,Karnataka,5,78120.0,618100.0,28600.0,607000
S05713,2025-10-25,V1290,D034,C01492,West Bengal,9,94265.0,310900.0,25300.0,304000
S05714,2024-07-26,V1166,D004,C01795,Maharashtra,9,99734.0,784800.0,54300.0,689000
S05715,2025-12-04,V1356,D008,C01544,Uttar Pradesh,10,44866.0,2459200.0,76800.0,2203000
S05716,2024-04-10,V1324,D032,C00552,Uttar Pradesh,10,64019.0,664500.0,51800.0,654000
S05717,2022-08-20,V1220,D009,C00587,Rajasthan,9,57586.0,1651600.0,203200.0,1492000
S05718,2023-05-09,V1094,D040,C00435,Uttar Pradesh,7,87844.0,762700.0,99900.0,721000
S05719,2023-10-05,V1012,D009,C02015,Uttar Pradesh,4,85602.0,464100.0,12600.0,468000
S05720,2022-08-04,V1469,D011,C00564,Kerala,8,74241.0,1170800.0,103500.0,1028000
S05721,2025-09-22,V1141,D001,C02383,Maharashtra,8,112468.0,1364400.0,57900.0,1166000
S05722,2025-10-31,V1151,D030,C01837,West Bengal,6,75797.0,768200.0,0.0,725000
S05723,2024-04-03,V1341,D016,C00407,Tamil Nadu,7,89647.0,514400.0,51600.0,445000
S05724,2024-05-03,V1128,D039,C00584,Tamil Nadu,7,42553.0,2312000.0,196300.0,2119000
S05725,2024-10-24,V1188,D016,C00951,Telangana,6,45234.0,1264600.0,55800.0,1188000
S05726,2024-09-19,V1356,D005,C02183,Rajasthan,10,55324.0,1090700.0,93500.0,955000
S05727,2022-04-02,V1298,D003,C01417,Karnataka,10,105195.0,362000.0,30800.0,380000
S05728,2024-02-16,V1329,D017,C01386,Karnataka,8,100542.0,1495900.0,216300.0,1207000
S05729,2025-02-09,V1003,D018,C01479,Rajasthan,10,110916.0,386000.0,48700.0,335000
S05730,2025-03-24,V1226,D040,C01019,Maharashtra,3,65140.0,1562400.0,135200.0,1454000
S05731,2024-05-20,V1238,D038,C00652,Uttar Pradesh,8,53740.0,2091500.0,174100.0,2066000
S05732,2025-08-02,V1317,D016,C01495,Tamil Nadu,9,83821.0,1590900.0,178400.0,1457000
S05733,2024-05-06,V1076,D032,C01056,Uttar Pradesh,8,54995.0,2198100.0,182900.0,2123000
S05734,2023-07-14,V1080,D003,C00241,West Bengal,9,48283.0,1572600.0,54800.0,1575000
S05735,2023-10-09,V1382,D029,C00642,West Bengal,8,99473.0,910700.0,63100.0,857000
S05736,2024-10-05,V1337,D014,C01776,Delhi,9,109245.0,1441000.0,165400.0,1226000
S05737,2025-07-19,V1406,D038,C02040,Rajasthan,8,80927.0,1317500.0,92900.0,1083000
S05738,2022-12-02,V1136,D032,C01845,Maharashtra,6,36009.0,2125800.0,79100.0,1987000
S05739,2023-03-05,V1499,D023,C00601,Tamil Nadu,10,71518.0,1611500.0,122000.0,1487000
S05740,2024-08-10,V1137,D020,C00861,Maharashtra,8,85358.0,878300.0,63700.0,805000
S05741,2025-01-20,V1326,D036,C02399,West Bengal,8,99943.0,1175100.0,55300.0,1195000
S05742,2023-08-07,V1082,D037,C01926,Gujarat,8,98652.0,827000.0,94500.0,837000
S05743,2024-07-28,V1460,D013,C01076,Kerala,9,40007.0,779600.0,91700.0,763000
S05744,2022-01-10,V1167,D027,C00059,Gujarat,6,86240.0,1017700.0,56200.0,1005000
S05745,2023-03-03,V1402,D030,C02000,Telangana,8,70918.0,928800.0,48700.0,983000
S05746,2025-10-28,V1166,D038,C00966,West Bengal,8,99934.0,599300.0,136400.0,473000
S05747,2024-04-22,V1396,D034,C01916,Karnataka,9,69522.0,754700.0,22900.0,765000
S05748,2025-06-22,V1228,D008,C00046,Delhi,8,29151.0,2452700.0,108800.0,2263000
S05749,2022-11-14,V1032,D038,C02106,Rajasthan,5,52885.0,990600.0,91200.0,906000
S05750,2023-03-01,V1096,D030,C00177,Telangana,9,86588.0,1147700.0,128200.0,867000
S05751,2025-11-25,V1342,D001,C02200,Kerala,4,60886.0,1693300.0,191300.0,1521000
S05752,2025-12-28,V1097,D014,C00149,West Bengal,6,108008.0,742000.0,65000.0,583000
S05753,2025-07-05,V1138,D006,C01468,Uttar Pradesh,6,79527.0,596600.0,61800.0,529000
S05754,2023-04-09,V1271,D011,C02264,Tamil Nadu,7,74689.0,560300.0,63000.0,492000
S05755,2025-03-16,V1127,D011,C00689,Gujarat,7,63617.0,1752000.0,141600.0,1608000
S05756,2023-11-02,V1065,D036,C01273,Delhi,6,92415.0,1930300.0,39800.0,1841000
S05757,2025-05-17,V1313,D002,C00374,Gujarat,5,76427.0,1769700.0,0.0,1844000
S05758,2025-05-28,V1345,D010,C00154,Maharashtra,9,90963.0,769100.0,42500.0,787000
S05759,2023-09-28,V1367,D025,C01222,West Bengal,6,29853.0,560900.0,4400.0,613000
S05760,2023-03-22,V1472,D026,C00823,Gujarat,7,27611.0,930300.0,46800.0,903000
S05761,2025-11-25,V1063,D028,C01817,Maharashtra,4,41232.0,1182100.0,23000.0,1214000
S05762,2023-10-21,V1214,D027,C00166,Delhi,8,78503.0,1602300.0,142200.0,1487000
S05763,2023-09-23,V1117,D013,C01521,Uttar Pradesh,9,100385.0,599700.0,35700.0,604000
S05764,2024-08-30,V1451,D012,C00647,Telangana,8,60514.0,996800.0,148900.0,886000
S05765,2025-09-30,V1270,D035,C00868,Telangana,9,95418.0,326900.0,34400.0,314000
S05766,2022-07-10,V1050,D022,C00783,West Bengal,7,104572.0,1500000.0,156200.0,1307000
S05767,2025-12-09,V1347,D040,C01005,Tamil Nadu,5,67219.0,986400.0,81400.0,873000
S05768,2023-09-10,V1022,D009,C01166,Rajasthan,8,99875.0,878900.0,86600.0,747000
S05769,2022-02-07,V1138,D018,C01233,Maharashtra,8,81135.0,2042200.0,186600.0,1947000
S05770,2023-03-29,V1361,D035,C00947,Kerala,9,96124.0,569600.0,19200.0,563000
S05771,2023-11-07,V1254,D028,C00418,Karnataka,8,61219.0,686700.0,65900.0,617000
S05772,2024-09-15,V1381,D003,C02090,Tamil Nadu,7,103030.0,1029300.0,111700.0,839000
S05773,2024-04-07,V1286,D005,C00160,Tamil Nadu,7,109597.0,428400.0,28600.0,369000
S05774,2022-07-18,V1422,D018,C00290,Karnataka,7,52332.0,735600.0,40600.0,693000
S05775,2023-12-15,V1282,D012,C01610,Kerala,9,103366.0,364100.0,59800.0,332000
S05776,2022-12-07,V1029,D003,C01821,Maharashtra,9,110386.0,891400.0,86400.0,815000
S05777,2023-01-29,V1036,D029,C01465,Telangana,6,57326.0,794900.0,49500.0,726000
S05778,2024-11-05,V1389,D015,C01642,Maharashtra,6,108369.0,1396400.0,85700.0,1365000
S05779,2025-03-19,V1020,D040,C01576,Telangana,8,78268.0,815300.0,76500.0,673000
S05780,2022-08-17,V1189,D029,C00037,Karnataka,9,89218.0,1153400.0,45700.0,1087000
S05781,2024-05-30,V1009,D007,C02239,Delhi,8,132523.0,393400.0,48800.0,339000
S05782,2023-09-09,V1152,D035,C01702,Kerala,10,61744.0,1447800.0,190300.0,1237000
S05783,2023-05-07,V1298,D017,C02286,Tamil Nadu,9,101795.0,355400.0,37900.0,314000
S05784,2024-11-07,V1087,D015,C02440,Tamil Nadu,9,95134.0,575200.0,86600.0,504000
S05785,2022-12-30,V1234,D038,C01901,Delhi,7,72611.0,1351800.0,177500.0,1265000
S05786,2025-01-23,V1499,D035,C00223,Uttar Pradesh,7,48168.0,1293500.0,11700.0,1201000
S05787,2023-08-09,V1036,D005,C00888,Maharashtra,6,58898.0,745700.0,73800.0,591000
S05788,2022-05-19,V1032,D014,C02298,Karnataka,9,39626.0,923700.0,53800.0,930000
S05789,2025-03-03,V1136,D030,C00593,Maharashtra,10,49832.0,2606200.0,132300.0,2543000
S05790,2025-05-29,V1414,D013,C00595,Tamil Nadu,8,82953.0,2037200.0,176400.0,1878000
S05791,2024-04-02,V1203,D008,C01650,Uttar Pradesh,10,84316.0,1069900.0,115500.0,930000
S05792,2024-11-23,V1320,D013,C01716,Karnataka,8,35547.0,1950300.0,102700.0,1747000
S05793,2022-08-04,V1017,D023,C01070,Delhi,10,121198.0,448500.0,24000.0,423000
S05794,2023-05-11,V1368,D033,C01954,Uttar Pradesh,9,34815.0,377900.0,1700.0,379000
S05795,2023-05-27,V1034,D035,C00573,Maharashtra,7,94692.0,713800.0,64300.0,633000
S05796,2025-01-20,V1356,D010,C01091,Delhi,9,46019.0,2181400.0,73500.0,2023000
S05797,2023-05-30,V1074,D028,C00139,Kerala,8,61641.0,1609000.0,128800.0,1633000
S05798,2024-11-30,V1430,D011,C00223,Tamil Nadu,9,54230.0,914500.0,80600.0,905000
S05799,2023-03-25,V1149,D023,C00474,Telangana,8,111319.0,1546600.0,190200.0,1496000
S05800,2024-05-27,V1092,D022,C01693,Delhi,10,84195.0,1111500.0,71800.0,900000
S05801,2022-11-03,V1169,D012,C00522,Tamil Nadu,8,133634.0,463200.0,43300.0,500000
S05802,2024-03-26,V1001,D035,C00250,West Bengal,9,120582.0,591100.0,98700.0,530000
S05803,2022-04-29,V1083,D003,C02156,Telangana,6,,459200.0,31000.0,455000
S05804,2024-12-09,V1300,D026,C02297,Rajasthan,8,78787.0,381200.0,9200.0,359000
S05805,2022-02-12,V1151,D033,C00312,Delhi,7,79071.0,795400.0,61100.0,722000
S05806,2025-12-30,V1177,D020,C02396,Delhi,7,114390.0,854300.0,51100.0,820000
S05807,2025-05-10,V1404,D031,C02064,Gujarat,8,44575.0,2317600.0,194800.0,2156000
S05808,2024-04-25,V1062,D001,C00478,Rajasthan,7,76184.0,1303700.0,0.0,1328000
S05809,2025-08-21,V1198,D012,C00473,Telangana,6,84425.0,766000.0,63100.0,705000
S05810,2025-03-27,V1094,D003,C02116,Delhi,9,96969.0,1011100.0,43300.0,939000
S05811,2022-07-28,V1242,D031,C00694,Delhi,7,52676.0,1566000.0,94100.0,1456000
S05812,2024-12-23,V1166,D011,C00820,Rajasthan,8,99745.0,693200.0,94400.0,453000
S05813,2023-07-06,V1024,D039,C01559,West Bengal,8,52290.0,1020400.0,89200.0,970000
S05814,2025-06-04,V1036,D016,C02331,Rajasthan,8,53801.0,1606000.0,59500.0,1403000
S05815,2025-06-16,V1427,D016,C01432,Rajasthan,5,45173.0,1300000.0,124900.0,1200000
S05816,2025-10-26,V1029,D036,C01688,Gujarat,7,104429.0,691000.0,52200.0,618000
S05817,2023-10-21,V1392,D003,C01938,Rajasthan,9,67503.0,574600.0,60500.0,467000
S05818,2022-10-10,V1459,D033,C01467,Rajasthan,5,52098.0,930800.0,86500.0,840000
S05819,2022-07-02,V1233,D036,C00022,Rajasthan,4,92146.0,627700.0,0.0,597000
S05820,2022-08-30,V1157,D016,C00455,Telangana,7,114617.0,414500.0,87600.0,327000
S05821,2025-12-20,V1389,D003,C00993,Karnataka,7,119382.0,1084900.0,194900.0,669000
S05822,2024-05-06,V1492,D005,C01436,Telangana,8,29091.0,678000.0,57000.0,653000
S05823,2023-05-29,V1061,D026,C01680,Karnataka,8,77659.0,2027700.0,60500.0,2075000
S05824,2023-10-19,V1483,D033,C02392,Gujarat,6,59778.0,2191700.0,52900.0,2288000
S05825,2022-09-10,V1472,D040,C01812,Gujarat,6,34256.0,1225900.0,94600.0,1041000
S05826,2024-04-13,V1072,D036,C00826,Uttar Pradesh,9,38125.0,1155500.0,96600.0,1085000
S05827,2023-09-14,V1028,D016,C01941,Uttar Pradesh,5,57444.0,847700.0,33400.0,809000
S05828,2025-03-11,V1358,D001,C00259,Tamil Nadu,8,,1505000.0,148800.0,1246000
S05829,2022-01-31,V1039,D012,C00209,Uttar Pradesh,3,90252.0,1268600.0,48000.0,1186000
S05830,2025-09-23,V1301,D022,C00674,Tamil Nadu,8,76138.0,464900.0,29900.0,446000
S05831,2022-03-30,V1033,D004,C00220,Delhi,9,100519.0,888400.0,153900.0,715000
S05832,2023-09-02,V1346,D009,C00037,Gujarat,8,66738.0,1664600.0,54900.0,1568000
S05833,2023-05-13,V1116,D022,C01207,Delhi,8,56041.0,1087300.0,114800.0,937000
S05834,2024-11-14,V1049,D032,C00878,Karnataka,9,133302.0,1244800.0,113300.0,1058000
S05835,2024-08-19,V1034,D006,C01535,Delhi,6,98761.0,595100.0,68300.0,492000
S05836,2022-10-15,V1095,D030,C01348,Maharashtra,6,103029.0,677100.0,41600.0,623000
S05837,2023-12-18,V1271,D031,C01877,Rajasthan,7,91243.0,436200.0,21700.0,427000
S05838,2024-02-20,V1039,D002,C01886,Uttar Pradesh,7,70054.0,929600.0,82900.0,964000
S05839,2023-11-09,V1402,D004,C00630,Uttar Pradesh,7,60680.0,1157800.0,74100.0,1034000
S05840,2022-02-01,V1303,D022,C00490,Uttar Pradesh,9,56732.0,2280200.0,123400.0,2027000
S05841,2022-09-18,V1149,D001,C02275,Uttar Pradesh,6,102964.0,582700.0,43400.0,573000
S05842,2024-01-06,V1494,D006,C01637,Karnataka,8,64929.0,742400.0,83500.0,608000
S05843,2023-01-16,V1330,D010,C01642,Maharashtra,7,95017.0,1421000.0,160200.0,1362000
S05844,2024-03-07,V1336,D009,C02360,Karnataka,7,59170.0,1151000.0,114700.0,1003000
S05845,2022-08-28,V1087,D008,C01966,Kerala,8,79308.0,382800.0,25700.0,355000
S05846,2024-12-10,V1356,D003,C00657,Maharashtra,4,50212.0,1683600.0,162000.0,1356000
S05847,2022-10-03,V1280,D037,C02022,Uttar Pradesh,9,56107.0,569300.0,49200.0,508000
S05848,2024-08-06,V1493,D028,C01322,Delhi,6,97281.0,1769400.0,70600.0,1419000
S05849,2025-05-07,V1239,D004,C00544,Telangana,5,40155.0,2109400.0,105700.0,1932000
S05850,2023-06-08,V1340,D006,C00004,Delhi,8,72118.0,1769000.0,59800.0,1701000
S05851,2022-07-23,V1171,D039,C01887,Uttar Pradesh,9,94854.0,715100.0,56100.0,589000
S05852,2022-01-09,V1021,D030,C00021,Delhi,7,97467.0,1105000.0,243300.0,930000
S05853,2023-06-11,V1064,D013,C01103,Rajasthan,6,53101.0,1177800.0,133100.0,972000
S05854,2022-06-18,V1434,D033,C00265,Tamil Nadu,9,54685.0,972900.0,51200.0,824000
S05855,2025-07-12,V1370,D016,C00004,Rajasthan,8,66336.0,444600.0,23700.0,415000
S05856,2025-11-22,V1183,D010,C01731,Gujarat,6,56757.0,912200.0,34900.0,782000
S05857,2025-12-03,V1349,D012,C02322,Maharashtra,9,89072.0,1621900.0,277700.0,1393000
S05858,2025-09-09,V1003,D036,C01011,West Bengal,7,108993.0,586200.0,23000.0,582000
S05859,2024-05-07,V1019,D032,C00891,Maharashtra,10,107798.0,655000.0,104600.0,595000
S05860,2023-04-20,V1254,D026,C00443,Kerala,4,55445.0,1454300.0,97100.0,1260000
S05861,2023-10-15,V1313,D036,C00261,West Bengal,3,89443.0,1083300.0,160400.0,921000
S05862,2023-01-14,V1469,D023,C00994,Kerala,7,69066.0,1164000.0,60200.0,1091000
S05863,2025-05-12,V1380,D022,C01448,,6,32748.0,477600.0,12000.0,440000
S05864,2023-09-30,V1129,D001,C02271,Kerala,9,88928.0,1086700.0,118900.0,964000
S05865,2023-07-17,V1408,D030,C00231,Rajasthan,6,33819.0,1714900.0,185500.0,1540000
S05866_DUP,2024-10-05,V1246,D014,C01203,West Bengal,5,63816.0,825700.0,37600.0,764000
S05867,2023-07-01,V1414,D032,C02367,Telangana,8,61681.0,1583900.0,0.0,1674000
S05868,2023-06-06,V1087,D017,C00541,Karnataka,6,83031.0,784500.0,28200.0,692000
S05869,2022-11-29,V1014,D019,C01277,Maharashtra,5,117759.0,750000.0,104900.0,673000
S05870,2022-04-09,V1029,D008,C00292,Uttar Pradesh,8,84451.0,520000.0,45000.0,477000
S05871,2022-02-25,V1496,D028,C01838,Delhi,8,36053.0,1405200.0,96000.0,1244000
S05872,2023-08-12,V1041,D014,C01764,Kerala,6,124577.0,873300.0,92200.0,621000
S05873,2025-12-25,V1470,D015,C00029,Kerala,5,52432.0,511900.0,33800.0,490000
S05874,2023-01-16,V1364,D005,C01588,Telangana,8,33073.0,444900.0,34200.0,431000
S05875,2024-07-25,V1074,D022,C02164,Delhi,6,71800.0,1566300.0,153400.0,1504000
S05876,2023-04-20,V1433,D016,C00013,Telangana,6,71784.0,1070600.0,107000.0,1103000
S05877,2023-03-19,V1073,D019,C02339,Karnataka,5,79399.0,540900.0,39000.0,536000
S05878,2022-08-27,V1072,D028,C02167,Maharashtra,8,41556.0,2721400.0,110000.0,2487000
S05879,2024-04-03,V1288,D009,C01216,Maharashtra,6,74509.0,448700.0,99700.0,344000
S05880,2024-08-20,V1145,D005,C02210,Maharashtra,9,101639.0,1227500.0,77100.0,1148000
S05881,2023-05-27,V1146,D027,C00459,Maharashtra,9,82457.0,1148500.0,84300.0,1047000
S05882,2024-02-09,V1098,D037,C01074,Delhi,6,109043.0,580500.0,72200.0,479000
S05883,2023-11-27,V1304,D017,C02114,Tamil Nadu,7,49689.0,1504100.0,116000.0,1351000
S05884,2023-01-31,V1014,D036,C01624,Delhi,7,119888.0,424000.0,52200.0,313000
S05885,2024-10-07,V1123,D036,C00830,Tamil Nadu,5,50727.0,776000.0,68300.0,765000
S05886,2024-03-20,V1277,D034,C00245,West Bengal,10,99352.0,315700.0,18400.0,306000
S05887,2022-04-07,V1244,D009,C00097,West Bengal,7,1500.0,2174000.0,66600.0,2125000
S05888,2023-12-21,V1350,D016,C01347,Uttar Pradesh,6,79048.0,887200.0,96100.0,705000
S05889,2023-07-23,V1109,D024,C01959,Telangana,7,98811.0,428500.0,18100.0,431000
S05890,2025-03-08,V1324,D003,C02358,Telangana,8,55336.0,1262500.0,135100.0,1167000
S05891,2023-03-24,V1380,D007,C00471,Karnataka,5,11138.0,523700.0,23700.0,529000
S05892,2025-10-28,V1195,D008,C01187,Karnataka,6,49774.0,2067300.0,163300.0,1850000
S05893,2024-06-17,V1129,D014,C00020,Rajasthan,8,90512.0,666700.0,0.0,633000
S05894,2022-07-10,V1278,D022,C00627,Delhi,9,74293.0,477200.0,49500.0,492000
S05895,2023-08-13,V1290,D019,C00211,Rajasthan,8,96591.0,263900.0,12300.0,253000
S05896,2025-07-15,V1048,D033,C00733,Tamil Nadu,5,73967.0,576800.0,39300.0,589000
S05897,2023-01-07,V1283,D023,C01388,Maharashtra,9,83712.0,456300.0,44000.0,405000
S05898,2024-10-26,V1078,D026,C01835,Kerala,7,71966.0,799200.0,62600.0,778000
S05899,2025-02-18,V1285,D029,C02207,Gujarat,9,123709.0,358500.0,44300.0,281000
S05900,2024-10-08,V1466,D016,C01150,Maharashtra,6,56680.0,659400.0,74700.0,593000
S05901,2022-05-13,V1269,D020,C01707,Delhi,7,97791.0,270600.0,37800.0,193000
S05902,2023-07-01,V1381,D030,C00195,Rajasthan,6,126469.0,659000.0,80900.0,549000
S05903,2023-05-24,V1155,D034,C00088,Tamil Nadu,8,80559.0,1988200.0,172700.0,1868000
S05904,2023-05-18,V1462,D024,C01343,Tamil Nadu,10,52125.0,633900.0,50700.0,654000
S05905,2025-07-08,V1407,D020,C00174,Karnataka,8,58475.0,1362100.0,82400.0,1240000
S05906,2022-01-09,V1459,D038,C02293,Uttar Pradesh,8,55216.0,1154700.0,36300.0,1203000
S05907,2024-02-27,V1371,D018,C00221,Telangana,7,44846.0,402200.0,16200.0,414000
S05908,2025-12-06,V1325,D030,C02138,Gujarat,8,91971.0,1346100.0,351000.0,1108000
S05909,2025-07-03,V1263,D011,C01901,Karnataka,7,75623.0,352200.0,15800.0,351000
S05910,2024-06-05,V1465,D013,C01568,Uttar Pradesh,8,66045.0,907100.0,51900.0,882000
S05911,2025-12-28,V1425,D028,C00313,West Bengal,9,83003.0,1002900.0,128300.0,899000
S05912,2023-08-11,V1209,D028,C01783,Maharashtra,9,99777.0,792800.0,99200.0,656000
S05913,2024-06-12,V1043,D017,C02011,Delhi,6,81719.0,1561800.0,57900.0,1564000
S05914,2024-03-05,V1002,D002,C02431,Tamil Nadu,6,132311.0,297300.0,19500.0,244000
S05915,2022-03-11,V1117,D016,C00877,Karnataka,7,122241.0,622900.0,95500.0,512000
S05916,2022-03-01,V1032,D002,C00776,Telangana,7,67241.0,990100.0,64400.0,1004000
S05917,2025-08-03,V1106,D016,C01428,Maharashtra,5,71707.0,799000.0,5200.0,770000
S05918,2022-09-11,V1055,D009,C02054,Karnataka,8,82569.0,470400.0,58500.0,351000
S05919,2023-06-03,V1491,D014,C00484,Gujarat,8,63265.0,1680400.0,92700.0,1438000
S05920,2024-06-29,V1048,D027,C01668,West Bengal,10,73369.0,1371800.0,71700.0,1255000
S05921,2024-04-20,V1314,D012,C00330,Kerala,8,82412.0,1384100.0,98700.0,1365000
S05922,2024-01-22,V1176,D037,C02390,Kerala,8,75164.0,731000.0,84700.0,684000
S05923,2025-12-01,V1088,D039,C01440,Uttar Pradesh,8,66311.0,589100.0,67000.0,490000
S05924,2025-02-23,V1351,D002,C00645,Telangana,9,44013.0,2358200.0,39300.0,2347000
S05925,2025-10-07,V1486,D025,C01960,Uttar Pradesh,7,64803.0,1717500.0,154100.0,1466000
S05926,2024-08-20,V1396,D033,C01368,Telangana,9,81090.0,1368900.0,45300.0,1255000
S05927,2025-12-01,V1488,D026,C02398,Delhi,10,44716.0,2635500.0,106000.0,2531000
S05928,2024-05-28,V1296,D029,C01808,Delhi,9,69611.0,448900.0,32000.0,420000
S05929,2024-03-02,V1337,D029,C00688,West Bengal,7,100601.0,645400.0,88600.0,691000
S05930,2025-04-06,V1074,D031,C02344,Tamil Nadu,7,62816.0,2083100.0,23600.0,2205000
S05931,2025-06-23,V1427,D004,C00692,Tamil Nadu,6,42825.0,521300.0,11500.0,509000
S05932,2022-04-10,V1374,D038,C00545,West Bengal,7,65333.0,422000.0,31800.0,355000
S05933,2025-08-23,V1128,D038,C00479,Telangana,8,58310.0,1199700.0,73500.0,1150000
S05934,2024-10-06,V1178,D035,C01751,Rajasthan,7,110257.0,582200.0,87800.0,552000
S05935,2025-08-04,V1306,D024,C01337,Telangana,8,72803.0,1822400.0,230000.0,1705000
S05936,2024-11-11,V1007,D030,C00155,Karnataka,7,98427.0,682700.0,74400.0,687000
S05937,2025-09-16,V1409,D002,C00445,Delhi,6,78729.0,901700.0,73400.0,878000
S05938,2023-02-07,V1141,D002,C02177,Uttar Pradesh,10,88136.0,861000.0,112700.0,783000
S05939,2022-10-02,V1038,D004,C00239,Uttar Pradesh,8,84349.0,859100.0,47300.0,771000
S05940,2022-10-13,V1166,D003,C01327,Kerala,9,99596.0,425900.0,42400.0,400000
S05941,2023-01-04,V1418,D034,C02438,Karnataka,6,88056.0,1198700.0,62500.0,1146000
S05942,2022-11-09,V1138,D034,C00955,Rajasthan,7,71299.0,985800.0,179000.0,832000
S05943,2023-10-08,V1270,D023,C01470,Uttar Pradesh,10,80745.0,504900.0,22200.0,458000
S05944,2022-10-17,V1406,D036,C00935,Telangana,7,65016.0,1016400.0,92400.0,901000
S05945,2022-08-20,V1017,D002,C01822,Maharashtra,8,129757.0,545400.0,55000.0,435000
S05946,2024-02-05,V1380,D001,C01252,Gujarat,7,35712.0,641500.0,0.0,643000
S05947,2025-03-05,V1145,D008,C02292,Rajasthan,5,95552.0,829600.0,63300.0,662000
S05948,2022-07-18,V1348,D001,C00037,Uttar Pradesh,9,38802.0,959600.0,104700.0,843000
S05949,2024-01-18,V1095,D040,C00403,Gujarat,8,77365.0,629100.0,57900.0,554000
S05950,2024-08-21,V1070,D016,C00450,Karnataka,7,74157.0,974900.0,92100.0,813000
S05951,2024-10-27,V1395,D016,C01675,Uttar Pradesh,8,94338.0,1515000.0,198400.0,1205000
S05952,2022-06-03,V1404,D016,C00107,Uttar Pradesh,8,40290.0,1404600.0,93700.0,1142000
S05953,2024-12-08,V1491,D002,C02005,Tamil Nadu,7,59821.0,2013100.0,263400.0,1753000
S05954,2022-02-09,V1339,D039,C00364,Rajasthan,6,68796.0,1268900.0,145400.0,1161000
S05955,2022-12-13,V1233,D019,C01245,Rajasthan,5,103057.0,936200.0,117800.0,841000
S05956,2023-04-12,V1098,D002,C00298,Karnataka,5,95152.0,833300.0,102600.0,770000
S05957,2025-05-31,V1148,D029,C01907,Karnataka,9,41865.0,1214900.0,153800.0,1134000
S05958,2022-10-08,V1325,D016,C01651,Telangana,8,99056.0,1341400.0,250500.0,874000
S05959,2025-02-17,V1174,D025,C01163,Kerala,7,107796.0,861600.0,19300.0,825000
S05960,2025-12-15,V1242,D019,C02353,West Bengal,7,61270.0,1046800.0,86300.0,966000
S05961,2025-11-03,V1085,D002,C00716,Karnataka,7,115707.0,383000.0,73000.0,272000
S05962,2023-03-19,V1220,D039,C00749,Maharashtra,8,46589.0,2346200.0,136900.0,2031000
S05963,2022-05-20,V1119,D030,C02282,Tamil Nadu,10,82226.0,1149400.0,79500.0,1107000
S05964,2022-11-21,V1057,D005,C00584,Gujarat,10,106171.0,635300.0,107300.0,497000
S05965,2025-01-28,V1066,D020,C01590,Karnataka,6,76334.0,1896000.0,244200.0,1413000
S05966,2022-10-15,V1260,D003,C00838,Tamil Nadu,10,27428.0,2270300.0,74700.0,2042000
S05967,2024-08-01,V1184,D006,C01229,Tamil Nadu,5,49399.0,1017600.0,24300.0,968000
S05968,2023-07-01,V1050,D003,C00245,Uttar Pradesh,10,93165.0,1170500.0,169200.0,1094000
S05969,2025-01-25,V1258,D028,C00544,Gujarat,9,74241.0,1919300.0,46100.0,1947000
S05970,2024-06-04,V1083,D013,C02468,Gujarat,6,80477.0,642200.0,73300.0,544000
S05971,2024-05-05,V1008,D010,C02143, telangana ,7,86403.0,840600.0,47000.0,840000
S05972,2025-02-16,V1067,D024,C01374,Delhi,5,42225.0,1364400.0,148600.0,1363000
S05973,2025-10-27,V1225,D022,C01718,Maharashtra,7,84889.0,1802900.0,299100.0,1394000
S05974,2023-06-17,V1478,D022,C00035,Gujarat,7,38485.0,1044100.0,120200.0,936000
S05975,2024-02-12,V1121,D027,C01596, telangana ,8,94951.0,1293600.0,93400.0,1283000
S05976,2024-07-03,V1143,D002,C00277,Rajasthan,7,61236.0,1799600.0,132400.0,1671000
S05977,2025-04-17,V1122,D006,C01361,Uttar Pradesh,8,71464.0,623000.0,46600.0,579000
S05978,2023-12-06,V1178,D021,C02240,Tamil Nadu,5,95111.0,822800.0,96700.0,738000
S05979,2023-07-02,V1359,D021,C01891,Karnataka,6,70281.0,1568500.0,122200.0,1482000
S05980,2025-05-21,V1162,D013,C01391,Maharashtra,8,99159.0,694400.0,87700.0,614000
S05981,2025-10-24,V1329,D004,C00143,Kerala,7,98701.0,1474500.0,221300.0,1462000
S05982,2024-04-11,V1450,D030,C00392,Karnataka,8,62616.0,682500.0,18600.0,647000
S05983,2022-06-01,V1474,D021,C01688,Delhi,7,54002.0,1023200.0,36800.0,1014000
S05984,2023-02-28,V1282,D005,C01636,Delhi,6,98359.0,370300.0,55100.0,265000
S05985,2023-11-08,V1357,D022,C02367,Rajasthan,10,81589.0,1206700.0,93900.0,1245000
S05986,2024-10-24,V1460,D005,C01154,Maharashtra,7,47564.0,2389700.0,134100.0,2512000
S05987,2024-09-05,V1394,D008,C01025,Telangana,7,100294.0,864800.0,138000.0,697000
S05988,2025-04-13,V1150,D001,C02132,Maharashtra,7,89899.0,702100.0,56300.0,599000
S05989,2022-02-13,V1067,D032,C01407,Rajasthan,7,50288.0,2222000.0,183900.0,1982000
S05990,2023-11-12,V1058,D002,C00818,Gujarat,6,100503.0,396100.0,51400.0,343000
S05991,2024-10-21,V1442,D036,C00413,Uttar Pradesh,10,70689.0,1086500.0,18900.0,1001000
S05992,2025-12-13,V1279,D005,C01025,Gujarat,7,80102.0,419900.0,48100.0,388000
S05993,2022-07-27,V1149,D021,C02361,Karnataka,6,87181.0,586600.0,51800.0,515000
S05994,2025-07-08,V1173,D006,C02061,Telangana,7,111623.0,924200.0,95600.0,856000
S05995,2022-01-12,V1141,D031,C01355,Delhi,8,105267.0,1513700.0,160400.0,1395000
S05996,2022-10-15,V1401,D029,C01650,Maharashtra,7,82868.0,731100.0,85000.0,619000
S05997,2025-05-22,V1307,D018,C00001,Rajasthan,7,68995.0,1287500.0,64600.0,1167000
S05998,2025-02-23,V1440,D028,C00130,Delhi,8,24021.0,628600.0,56500.0,527000
S05999,2025-11-22,V1151,D016,C01316,Uttar Pradesh,6,69712.0,903300.0,31500.0,861000
S06000,2024-05-27,V1237,D002,C02178,Tamil Nadu,7,96934.0,713300.0,98800.0,592000
S06001,2024-06-18,V1061,D014,C00920,Rajasthan,9,88724.0,707900.0,53000.0,729000
S06002,2024-02-21,V1486,D036,C00676,Kerala,8,65634.0,1461800.0,59900.0,1282000
S06003,2024-01-18,V1256,D012,C00342,Karnataka,9,16161.0,825800.0,109100.0,669000
S06004,2024-01-21,V1277,D018,C00213,Karnataka,8,98963.0,420200.0,50400.0,405000
S06005,2023-03-04,V1207,D012,C02225,Delhi,8,90036.0,2057600.0,83000.0,1898000
S06006,2025-05-31,V1136,D040,C01684,Gujarat,7,33184.0,1769800.0,58700.0,1638000
S06007,2023-06-06,V1475,D009,C01011,Tamil Nadu,7,40212.0,1125100.0,59600.0,1161000
S06008,2024-06-11,V1245,D002,C00276,Tamil Nadu,10,61527.0,761100.0,81000.0,647000
S06009,2024-09-04,V1338,D028,C00760,Uttar Pradesh,5,78616.0,1344600.0,163300.0,1242000
S06010,2024-02-25,V1019,D036,C00943,Kerala,9,93722.0,684100.0,68800.0,583000
S06011,2024-06-12,V1138,D025,C00416,Gujarat,6,77447.0,781600.0,10800.0,791000
S06012,2022-03-13,V1403,D031,C00250,Tamil Nadu,7,68918.0,1483900.0,79700.0,1459000
S06013,2023-04-07,V1044,D035,C00021,Gujarat,6,64560.0,1316200.0,172400.0,1182000
S06014,2023-10-17,V1051,D004,C00909,Uttar Pradesh,6,88257.0,764500.0,85100.0,612000
S06015,2023-07-30,V1405,D009,C01031,Kerala,9,83059.0,1252000.0,21300.0,1105000
S06016,2025-08-19,V1155,D025,C00370,Rajasthan,5,79417.0,1896700.0,212700.0,1685000
S06017,2025-08-03,V1137,D019,C00819,Delhi,9,78119.0,1482500.0,66100.0,1485000
S06018,2024-11-05,V1283,D034,C02078,Kerala,6,91174.0,351100.0,19000.0,296000
S06019,2023-05-30,V1098,D002,C01694,Uttar Pradesh,10,93953.0,515300.0,48100.0,546000
S06020,2022-03-16,V1022,D029,C00457,Telangana,8,108011.0,675000.0,82800.0,599000
S06021,2025-01-08,V1003,D023,C00634,Karnataka,7,88445.0,757900.0,0.0,709000
S06022,2025-07-15,V1040,D009,C00711,West Bengal,8,42689.0,1322700.0,49200.0,1105000
S06023,2023-12-17,V1080,D016,C01243,Kerala,8,48316.0,1568700.0,228400.0,1308000
S06024,2025-04-22,V1349,D014,C00674,Rajasthan,9,86335.0,971600.0,101700.0,778000
S06025,2025-09-21,V1149,D015,C00531,Maharashtra,6,106435.0,1027500.0,66400.0,995000
S06026,2024-03-09,V1036,D036,C00698,Rajasthan,6,49528.0,1313300.0,134000.0,1155000
S06027,2022-11-03,V1008,D026,C00826,Maharashtra,4,97261.0,826300.0,35800.0,803000
S06028,2022-02-02,V1239,D031,C01050,Karnataka,4,49694.0,1733400.0,105600.0,1664000
S06029,2025-01-10,V1421,D025,C00482,Telangana,10,77187.0,758200.0,48300.0,646000
S06030,2024-04-01,V1170,D025,C00148,Maharashtra,7,92756.0,910400.0,127800.0,772000
S06031,2022-08-13,V1032,D038,C01679,Maharashtra,7,52192.0,1190100.0,44100.0,1051000
S06032,2022-03-21,V1115,D040,C02336,Rajasthan,6,68969.0,1006500.0,75500.0,883000
S06033,2025-11-17,V1250,D026,C02231,Telangana,10,66191.0,847400.0,95100.0,696000
S06034,2023-04-14,V1095,D011,C01194,Maharashtra,9,85522.0,956500.0,0.0,884000
S06035,2023-04-23,V1490,D010,C01439,Tamil Nadu,7,78022.0,1719500.0,212300.0,1428000
S06036,2024-07-07,V1382,D015,C00099,Delhi,7,104153.0,1262900.0,178500.0,1086000
S06037,2023-06-17,V1173,D015,C02008,Karnataka,6,109742.0,451700.0,14400.0,441000
S06038,2025-08-26,V1476,D039,C01911,Telangana,9,27934.0,1195000.0,75100.0,1130000
S06039,2024-09-21,V1163,D003,C00679,Uttar Pradesh,9,90165.0,652000.0,34200.0,554000
S06040,2023-06-07,V1071,D023,C00040,Telangana,8,76692.0,781200.0,50000.0,813000
S06041,2023-01-25,V1470,D014,C02159,Gujarat,6,50106.0,640000.0,54200.0,590000
S06042,2025-06-10,V1480,D009,C01488,Gujarat,5,38108.0,959300.0,105700.0,777000
S06043,2024-05-14,V1157,D015,C01778,Gujarat,7,93854.0,1192600.0,183300.0,971000
S06044,2025-09-03,V1298,D033,C00631,West Bengal,7,97263.0,334800.0,28100.0,324000
S06045,2023-05-20,V1087,D021,C00853,Tamil Nadu,6,76173.0,848700.0,0.0,819000
S06046,2022-01-31,V1321,D024,C00861,Gujarat,7,91929.0,437800.0,52000.0,430000
S06047,2025-08-06,V1346,D018,C02055,Tamil Nadu,7,76023.0,925500.0,166700.0,743000
S06048,2022-12-16,V1355,D027,C01015,Kerala,10,58023.0,1697500.0,125200.0,1620000
S06049,2025-05-20,V1285,D018,C01218,Tamil Nadu,7,118989.0,361000.0,45700.0,297000
S06050,2024-11-03,V1353,D021,C01129,Tamil Nadu,10,79125.0,1571400.0,93200.0,1507000
S06051,2022-12-05,V1278,D032,C01132,Maharashtra,10,103460.0,418700.0,52400.0,398000
S06052,2025-01-10,V1410,D013,C00272,Uttar Pradesh,6,81216.0,2043200.0,112200.0,1876000
S06053,2022-04-30,V1090,D010,C00927,Karnataka,10,104548.0,739300.0,74000.0,709000
S06054,2023-07-28,V1242,D025,C01697,Maharashtra,6,56031.0,1229300.0,25300.0,1086000
S06055,2023-06-05,V1209,D021,C02226,Telangana,8,94174.0,764000.0,39100.0,748000
S06056,2024-08-17,V1267,D010,C02134,Rajasthan,6,66464.0,390000.0,42300.0,327000
S06057,2024-02-20,V1072,D033,C01080,Uttar Pradesh,6,54834.0,1185700.0,80000.0,1070000
S06058,2024-06-13,V1162,D039,C00247,Maharashtra,8,109343.0,801800.0,142600.0,607000
S06059,2023-11-27,V1478,D029,C00569,Rajasthan,9,75927.0,664500.0,62800.0,579000
S06060,2024-12-16,V1053,D021,C00135,West Bengal,7,110769.0,586700.0,37700.0,608000
S06061,2022-08-22,V1318,D024,C00263,Gujarat,8,63908.0,663600.0,24300.0,666000
S06062,2024-11-15,V1333,D032,C00123,Telangana,7,97637.0,990300.0,0.0,977000
S06063,2022-03-15,V1238,D011,C01152,Telangana,7,76731.0,757400.0,77400.0,642000
S06064,2022-05-06,V1017,D036,C01627,Karnataka,10,111885.0,434400.0,15400.0,441000
S06065,2024-11-23,V1018,D030,C00341,West Bengal,4,123728.0,426100.0,14300.0,427000
S06066,2022-08-20,V1138,D030,C01589,Maharashtra,9,65047.0,1557600.0,110400.0,1465000
S06067,2025-01-30,V1052,D036,C01405,Kerala,8,78258.0,2022900.0,243300.0,1824000
S06068,2022-07-13,V1048,D008,C00811,Uttar Pradesh,7,65432.0,1300700.0,130300.0,1210000
S06069,2022-08-03,V1081,D001,C01789,Uttar Pradesh,10,123745.0,433400.0,46400.0,408000
S06070,2025-09-24,V1096,D026,C01384,Kerala,9,59780.0,882400.0,28400.0,792000
S06071,2022-09-17,V1420,D003,C01503,Gujarat,6,41506.0,1859900.0,74600.0,1657000
S06072,2025-08-27,V1320,D012,C00719,Telangana,5,48038.0,2227400.0,27600.0,2464000
S06073,2023-05-24,V1016,D033,C02052,West Bengal,7,85355.0,841300.0,96200.0,692000
S06074,2025-03-11,V1315,D023,C00915,Karnataka,8,75366.0,1022100.0,93200.0,887000
S06075,2025-10-04,V1069,D034,C01648,Telangana,6,91613.0,1785300.0,68300.0,1723000
S06076,2022-06-20,V1211,D030,C00472,Rajasthan,5,60675.0,1323500.0,200700.0,1072000
S06077,2023-04-28,V1020,D020,C00459,Maharashtra,9,88015.0,652500.0,74800.0,576000
S06078,2024-04-19,V1046,D040,C02498,West Bengal,8,90848.0,786600.0,120000.0,606000
S06079,2025-06-18,V1067,D024,C01620,Maharashtra,9,71433.0,1654100.0,11500.0,1764000
S06080,2022-10-01,V1217,D009,C00362,Uttar Pradesh,10,86388.0,928500.0,68300.0,822000
S06081,2022-09-30,V1232,D040,C02480,Telangana,8,40870.0,1311100.0,98900.0,1198000
S06082,2023-06-23,V1177,D033,C00276,Rajasthan,9,105596.0,601200.0,82900.0,592000
S06083,2022-10-26,V1311,D037,C01442,Uttar Pradesh,9,49066.0,2019400.0,50300.0,2072000
S06084,2023-01-26,V1361,D002,C01583,Kerala,9,78854.0,567700.0,41000.0,513000
S06085,2022-07-09,V1365,D029,C01365,Rajasthan,9,72750.0,572900.0,28700.0,580000
S06086,2025-04-26,V1290,D006,C02463,Gujarat,8,115449.0,364400.0,9600.0,357000
S06087,2025-03-09,V1273,D003,C02131,Delhi,7,108689.0,360600.0,35000.0,367000
S06088,2022-07-31,V1246,D023,C00835,Karnataka,8,62212.0,829900.0,65400.0,789000
S06089,2024-02-24,V1119,D010,C01493,Tamil Nadu,7,70212.0,1111000.0,88700.0,1006000
S06090,2024-08-02,V1244,D005,C00113,West Bengal,10,21642.0,1241000.0,108000.0,1165000
S06091,2024-07-05,V1006,D026,C01262,Tamil Nadu,7,119207.0,323600.0,19500.0,299000
S06092,2025-12-08,V1484,D024,C02403,Kerala,6,38597.0,1624000.0,120800.0,1365000
S06093,2024-07-25,V1186,D025,C00246,Karnataka,8,74472.0,512300.0,24200.0,456000
S06094,2024-09-30,V1379,D004,C01857,Gujarat,7,29691.0,662300.0,26600.0,656000
S06095,2022-02-18,V1479,D007,C01449,Maharashtra,10,34865.0,1612900.0,5100.0,1738000
S06096,2022-04-26,V1249,D023,C00454,Maharashtra,7,60753.0,557100.0,72200.0,522000
S06097,2024-06-23,V1431,D009,C00745,Telangana,8,39257.0,943700.0,100300.0,839000
S06098,2025-08-19,V1240,D024,C00261,Uttar Pradesh,8,45619.0,2311600.0,203200.0,2047000
S06099,2023-08-06,V1067,D039,C01026,Maharashtra,10,49316.0,1988000.0,127800.0,1615000
S06100,2024-07-28,V1014,D007,C02261,Kerala,7,102332.0,324800.0,21600.0,298000
S06101,2022-11-03,V1068,D001,C02344,West Bengal,9,37876.0,2820500.0,210100.0,2587000
S06102,2023-10-29,V1472,D012,C00963,Tamil Nadu,10,22049.0,1603000.0,82500.0,1582000
S06103,2025-01-02,V1238,D026,C01237,Karnataka,7,82514.0,1594700.0,155200.0,1537000
S06104,2024-08-21,V1160,D027,C02075,Maharashtra,6,55802.0,2109000.0,130000.0,2113000
S06105,2022-06-16,V1224,D003,C01230,West Bengal,6,54340.0,1358200.0,48100.0,1292000
S06106,2025-07-08,V1128,D027,C00555,West Bengal,6,41666.0,2459100.0,103300.0,2182000
S06107,2025-09-16,V1436,D017,C00398,Maharashtra,9,36569.0,1498800.0,145900.0,1375000
S06108,2023-11-29,V1500,D024,C01848,Uttar Pradesh,6,42174.0,1218800.0,92500.0,1079000
S06109,2023-05-13,V1043,D002,C00857,Maharashtra,8,85691.0,1020800.0,214400.0,797000
S06110,2024-02-16,V1360,D025,C01641,Karnataka,7,43417.0,737600.0,87300.0,637000
S06111,2025-03-16,V1168,D040,C00916,Delhi,8,73567.0,637100.0,49800.0,540000
S06112,2023-10-24,V1024,D020,C00546,Gujarat,5,72260.0,822200.0,92700.0,734000
S06113,2022-02-14,V1462,D004,C02287,Maharashtra,6,59416.0,1119600.0,10500.0,1043000
S06114,2022-04-17,V1031,D034,C00794,Maharashtra,7,60457.0,1078000.0,59500.0,980000
S06115,2025-03-31,V1103,D007,C01009,Tamil Nadu,7,68968.0,556800.0,1900.0,552000
S06116,2025-02-23,V1013,D036,C02110,Karnataka,9,150282.0,588500.0,22600.0,577000
S06117,2025-02-01,V1236,D027,C01774,Delhi,7,47988.0,1684600.0,126000.0,1474000
S06118,2022-07-04,V1300,D017,C00327,West Bengal,8,64184.0,378200.0,25600.0,315000
S06119,2022-09-07,V1161,D020,C01928,West Bengal,7,108621.0,646700.0,73500.0,483000
S06120,2023-07-31,V1036,D017,C01306,Rajasthan,8,38478.0,603100.0,25000.0,603000
S06121,2022-12-04,V1059,D008,C01800,Rajasthan,6,81685.0,1094300.0,169700.0,878000
S06122,2023-07-20,V1467,D001,C01262,West Bengal,9,48396.0,1108500.0,72000.0,1013000
S06123,2024-03-26,V1403,D020,C02042,Delhi,9,73294.0,2355100.0,167300.0,1973000
S06124,2023-02-14,V1469,D018,C01810,Delhi,6,77185.0,786500.0,68500.0,792000
S06125,2022-06-30,V1266,D040,C01581,Rajasthan,9,96195.0,446100.0,11800.0,446000
S06126,2023-08-12,V1274,D038,C00676,Maharashtra,10,78982.0,280600.0,11100.0,255000
S06127,2024-11-21,V1393,D002,C00939,Tamil Nadu,7,118639.0,463100.0,36400.0,465000
S06128,2024-06-21,V1309,D001,C00718,Rajasthan,10,86572.0,781600.0,124600.0,625000
S06129,2023-04-15,V1219,D016,C02438,Uttar Pradesh,10,82586.0,1609100.0,174000.0,1368000
S06130,2023-03-31,V1146,D034,C01714,Tamil Nadu,8,95341.0,1389000.0,0.0,1494000
S06131,2024-05-02,V1243,D039,C01965,Telangana,4,46498.0,2105700.0,49200.0,1892000
S06132,2022-09-10,V1032,D033,C01667,Maharashtra ,9,63977.0,983400.0,15500.0,940000
S06133,2025-05-02,V1097,D006,C01627,Delhi,9,112308.0,744500.0,107500.0,663000
S06134,2025-06-24,V1369,D035,C01122,Telangana,6,68327.0,332700.0,42100.0,262000
S06135,2022-02-07,V1435,D011,C02427,Maharashtra,8,42612.0,1538800.0,61000.0,1460000
S06136,2025-11-19,V1051,D013,C01102,Delhi,8,100462.0,1300900.0,46100.0,1372000
S06137,2022-02-04,V1049,D039,C00765,Delhi,6,109272.0,1417800.0,165000.0,1232000
S06138,2023-11-01,V1043,D023,C01360,Karnataka,5,92528.0,1756000.0,110300.0,1625000
S06139,2024-09-01,V1396,D027,C01890,Tamil Nadu,6,52505.0,1009000.0,72400.0,885000
S06140,2023-04-23,V1156,D026,C01551,West Bengal,10,58153.0,1201200.0,53700.0,1154000
S06141,2022-10-25,V1164,D021,C01251,Uttar Pradesh,10,,1268700.0,18000.0,1135000
S06142,2022-03-11,V1007,D004,C00956,Telangana,8,105609.0,419300.0,33100.0,400000
S06143,2024-11-28,V1487,D012,C01047,Karnataka,7,60097.0,837600.0,95000.0,689000
S06144,2022-02-23,V1218,D021,C01656,Rajasthan,8,79685.0,1319900.0,54800.0,1351000
S06145,2023-12-09,V1399,D010,C01835,Kerala,9,89773.0,1238300.0,35200.0,1094000
S06146,2023-07-29,V1354,D039,C01049,Kerala,9,76324.0,1945800.0,39700.0,1874000
S06147,2025-11-14,V1071,D021,C00743,Uttar Pradesh,9,63808.0,2219200.0,209200.0,2059000
S06148,2025-09-21,V1401,D038,C02132,Telangana,5,89806.0,902100.0,77200.0,786000
S06149,2025-04-09,V1276,D016,C01709,Maharashtra,9,57072.0,446600.0,24800.0,451000
S06150,2024-12-03,V1303,D011,C01760,Delhi,10,50440.0,641400.0,61500.0,524000
S06151,2024-03-04,V1101,D025,C00284,Tamil Nadu,7,99030.0,605200.0,57000.0,516000
S06152,2023-05-26,V1424,D018,C02492,West Bengal,9,20469.0,1291100.0,56100.0,1235000
S06153,2022-09-01,V1466,D015,C01545,Delhi,10,64910.0,806500.0,63000.0,780000
S06154,2025-11-15,V1204,D013,C01392,Delhi,9,52667.0,1856700.0,68400.0,1958000
S06155,2023-07-17,V1047,D037,C00803,Karnataka,9,76014.0,571200.0,84600.0,486000
S06156,2023-09-19,V1425,D027,C02333,Delhi,4,71929.0,1240500.0,113200.0,1145000
S06157,2022-07-26,V1444,D011,C00096,Kerala,8,43780.0,1696300.0,89100.0,1619000
S06158,2023-02-09,V1254,D033,C02144,Telangana,7,50280.0,2052500.0,126600.0,2070000
S06159,2024-07-16,V1290,D039,C01960,Gujarat,7,113258.0,211500.0,40500.0,163000
S06160,2023-09-15,V1112,D025,C01456,Tamil Nadu,9,42333.0,1341200.0,90400.0,1241000
S06161,2024-05-05,V1034,D034,C02420,Tamil Nadu,8,78654.0,1253900.0,126400.0,1203000
S06162,2022-11-06,V1473,D020,C00264,Gujarat,6,84546.0,1073900.0,65300.0,1028000
S06163,2022-04-30,V1242,D020,C01701,Kerala,8,46064.0,999400.0,15800.0,926000
S06164,2025-07-17,V1138,D012,C00847,Delhi,8,58332.0,1745600.0,112600.0,1584000
S06165,2023-09-24,V1347,D012,C01839,Tamil Nadu,8,49087.0,2186600.0,148400.0,1980000
S06166,2023-06-12,V1014,D022,C02074,Tamil Nadu,6,110686.0,379000.0,46100.0,330000
S06167,2023-02-22,V1040,D038,C02120,Delhi,6,55525.0,1060600.0,121000.0,833000
S06168,2024-08-19,V1122,D005,C00271,Telangana,9,75744.0,1756200.0,172200.0,1479000
S06169,2024-04-02,V1226,D013,C00670,Telangana,8,77021.0,1475400.0,92700.0,1453000
S06170,2023-07-23,V1184,D007,C01378,Kerala,8,36755.0,1612400.0,71500.0,1607000
S06171,2025-09-22,V1094,D012,C00776,West Bengal,5,92947.0,643400.0,72100.0,601000
S06172,2025-08-10,V1176,D025,C00146,Telangana,10,50957.0,1202900.0,88100.0,1167000
S06173,2022-10-18,V1167,D003,C00189,West Bengal,8,82295.0,895200.0,60900.0,847000
S06174,2024-07-27,V1263,D013,C01656,West Bengal,8,76715.0,420000.0,48100.0,382000
S06175,2025-11-15,V1282,D038,C01645,Kerala,10,102092.0,302600.0,33400.0,278000
S06176,2023-12-15,V1442,D039,C01022,Delhi,7,91136.0,1968400.0,300200.0,1630000
S06177,2022-02-14,V1404,D018,C01287,Delhi,6,36215.0,2545100.0,118800.0,2357000
S06178,2022-07-13,V1147,D037,C01751,Delhi,10,75611.0,1806100.0,198200.0,1563000
S06179,2024-09-02,V1452,D037,C00857,Tamil Nadu,10,49374.0,1711900.0,149500.0,1521000
S06180,2025-08-10,V1261,D038,C02375,Tamil Nadu,8,91125.0,242400.0,11700.0,214000
S06181,2022-07-07,V1094,D010,C01634,Karnataka,9,118425.0,701700.0,78800.0,596000
S06182,2024-03-09,V1171,D010,C02014,Delhi,10,85172.0,988600.0,96400.0,882000
S06183,2023-12-27,V1371,D010,C00224,Karnataka,6,42004.0,433900.0,6600.0,459000
S06184,2023-02-21,V1411,D002,C00072,West Bengal,8,57606.0,1231600.0,185300.0,1136000
S06185,2024-07-11,V1188,D014,C00184,Uttar Pradesh,7,46218.0,2400400.0,175700.0,2144000
S06186,2025-07-06,V1079,D039,C01363,Gujarat,8,50283.0,644900.0,76000.0,604000
S06187,2022-12-16,V1096,D019,C00660,Gujarat,8,73383.0,546300.0,53700.0,505000
S06188,2022-03-21,V1052,D040,C00858,West Bengal,6,72271.0,1750200.0,189900.0,1630000
S06189,2023-06-09,V1350,D005,C02272,Uttar Pradesh,9,74186.0,1904100.0,168300.0,1673000
S06190,2023-04-04,V1252,D013,C01513,Gujarat,8,26834.0,2531900.0,112000.0,2403000
S06191,2024-11-28,V1226,D011,C02189,Karnataka,3,67650.0,1679100.0,137900.0,1800000
S06192,2024-02-24,V1336,D001,C02214,Gujarat,10,50679.0,671400.0,93800.0,552000
S06193,2022-01-27,V1415,D003,C00005,Delhi,7,67086.0,1454100.0,171000.0,1269000
S06194,2023-05-12,V1398,D028,C02041,West Bengal,6,77259.0,411100.0,0.0,404000
S06195,2024-12-09,V1069,D003,C00051,Maharashtra,7,80642.0,931900.0,51300.0,941000
S06196,2023-11-28,V1295,D020,C02457,Delhi,5,77605.0,394200.0,36900.0,364000
S06197,2024-04-02,V1442,D010,C01958,Rajasthan,7,71199.0,1807000.0,133200.0,1557000
S06198,2023-01-22,V1387,D003,C00617,Kerala,6,93044.0,626000.0,94600.0,512000
S06199,2023-04-12,V1165,D002,C01518,Gujarat,6,104510.0,601300.0,40900.0,576000
S06200,2022-07-10,V1197,D006,C02155,Uttar Pradesh,8,99964.0,577400.0,24300.0,570000
S06201,2022-04-30,V1446,D014,C01188,Gujarat,7,69768.0,711400.0,29000.0,637000
S06202,2022-02-23,V1017,D035,C01384,Telangana,7,129922.0,386400.0,39600.0,368000
S06203,2024-07-01,V1263,D020,C01273,Telangana,10,71130.0,407500.0,0.0,404000
S06204,2022-08-19,V1059,D014,C01574,Gujarat,8,83207.0,783000.0,96500.0,660000
S06205,2024-04-18,V1448,D020,C02282,West Bengal,8,34753.0,2583800.0,113900.0,2801000
S06206,2025-10-24,V1020,D023,C01581,Telangana,7,85650.0,459900.0,23400.0,485000
S06207,2024-10-15,V1012,D015,C00599,Gujarat,9,82679.0,729900.0,19500.0,676000
S06208,2024-04-20,V1165,D023,C01736,Tamil Nadu,9,117267.0,772300.0,61800.0,679000
S06209,2022-06-20,V1101,D027,C01565,Karnataka,7,109180.0,739400.0,97700.0,585000
S06210,2023-12-16,V1248,D039,C02317,Kerala,8,33030.0,1511600.0,37100.0,1427000
S06211,2025-07-26,V1150,D027,C01924,Rajasthan,8,81977.0,893800.0,117200.0,784000
S06212,2023-07-16,V1179,D007,C00634,Uttar Pradesh,6,85608.0,952200.0,134100.0,940000
S06213,2025-04-22,V1283,D030,C02008,Uttar Pradesh,7,87184.0,320400.0,53700.0,258000
S06214,2024-11-01,V1281,D023,C02241,Uttar Pradesh,8,109816.0,330900.0,62200.0,249000
S06215,2023-01-25,V1468,D008,C02396,Telangana,9,21764.0,1353700.0,97400.0,1395000
S06216,2022-07-26,V1241,D029,C00762,Kerala,7,73522.0,1667500.0,103000.0,1727000
S06217,2022-01-25,V1283,D027,C01969,Rajasthan,5,72897.0,409500.0,14300.0,392000
S06218,2023-02-08,V1339,D015,C01178,West Bengal,6,64104.0,838100.0,72600.0,734000
S06219,2023-05-02,V1088,D028,C00249,Telangana,9,69990.0,1110500.0,24700.0,1134000
S06220,2024-08-16,V1334,D006,C00334,Maharashtra,6,96712.0,456800.0,52500.0,412000
S06221,2024-04-16,V1431,D037,C01968,Karnataka,10,15914.0,1203700.0,127900.0,1029000
S06222,2023-12-01,V1160,D024,C00123,Telangana,8,65796.0,1109100.0,13200.0,1019000
S06223,2024-11-22,V1090,D020,C01380,Kerala,7,112643.0,410300.0,67100.0,314000
S06224,2025-01-30,V1174,D005,C01644,Delhi,6,101023.0,391300.0,25100.0,380000
S06225,2024-11-08,V1138,D014,C00156,Kerala,8,63153.0,1671400.0,188100.0,1399000
S06226,2025-08-03,V1293,D008,C01539,West Bengal,9,109766.0,349900.0,28300.0,413000
S06227,2023-06-10,V1432,D030,C00743,Telangana,6,18569.0,631800.0,14700.0,614000
S06228,2025-04-17,V1299,D029,C02319,Karnataka,6,76465.0,483400.0,65300.0,393000
S06229,2023-09-07,V1063,D005,C01241,Uttar Pradesh,9,60138.0,984600.0,31100.0,939000
S06230,2022-09-27,V1158,D006,C00280,Uttar Pradesh,7,86968.0,711000.0,43800.0,699000
S06231,2022-08-01,V1345,D010,C00154,Gujarat,5,84015.0,1755600.0,237700.0,1658000
S06232,2022-05-14,V1166,D038,C01926,Karnataka,6,98430.0,716800.0,15200.0,682000
S06233,2025-10-28,V1294,D038,C01234,Karnataka,10,102069.0,313900.0,38200.0,261000
S06234,2022-09-05,V1348,D032,C01230,Rajasthan,8,39971.0,1030200.0,87900.0,919000
S06235,2025-05-05,V1165,D027,C00376,Karnataka,7,125239.0,776900.0,0.0,741000
S06236,2025-02-18,V1324,D017,C01045,West Bengal,8,59261.0,2184000.0,25300.0,2117000
S06237,2023-10-04,V1200,D003,C01075,Karnataka,7,38532.0,1495900.0,23600.0,1526000
S06238,2025-08-28,V1068,D018,C00400,Tamil Nadu,8,37269.0,2608800.0,161900.0,2804000
S06239,2025-08-20,V1187,D010,C02356,Karnataka,7,54741.0,878800.0,63600.0,745000
S06240,2025-09-14,V1221,D005,C01453,West Bengal,10,83753.0,1701900.0,254700.0,1358000
S06241,2023-12-27,V1002,D004,C00638,Telangana,10,103303.0,439500.0,89100.0,362000
S06242,2023-03-12,V1447,D003,C01973,Gujarat,8,69873.0,1114500.0,82800.0,1075000
S06243_DUP,2022-03-06,V1264,D011,C00142,Karnataka,8,76298.0,337100.0,10500.0,326000
S06244_DUP,2025-05-12,V1019,D016,C02020,Gujarat,6,97850.0,605900.0,31400.0,570000
S06245,2025-06-29,V1434,D015,C01494,Rajasthan,8,48413.0,1387600.0,0.0,1346000
S06246,2024-02-23,V1428,D018,C01086,Gujarat,8,27792.0,1428200.0,95700.0,1386000
S06247,2022-04-14,V1007,D028,C01043,Delhi,10,106357.0,507500.0,54400.0,455000
S06248,2025-04-17,V1082,D030,C02064,Uttar Pradesh,9,105350.0,803700.0,103200.0,646000
S06249,2023-03-12,V1182,D023,C00800,Telangana,7,81348.0,2005900.0,93100.0,1904000
S06250,2024-03-12,V1254,D033,C00009,Kerala,7,51355.0,966300.0,33500.0,913000
S06251,2024-08-21,V1363,D017,C00651,Delhi,8,34111.0,530800.0,23500.0,508000
S06252,2022-08-02,V1213,D039,C01621,Gujarat,9,94818.0,465100.0,87800.0,393000
S06253,2022-04-02,V1306,D013,C00676,Karnataka,6,69319.0,1004400.0,103300.0,853000
S06254,2022-04-26,V1006,D008,C00872,Uttar Pradesh,8,116563.0,563800.0,53000.0,550000
S06255,2025-11-02,V1330,D016,C01788,West Bengal,9,83069.0,658800.0,34500.0,590000
S06256,2025-10-30,V1458,D002,C01467,Delhi,9,67913.0,1031300.0,62800.0,968000
S06257,2023-09-16,V1264,D015,C00542,Uttar Pradesh,7,56196.0,609800.0,72300.0,529000
S06258,2023-09-15,V1228,D027,C01444,Uttar Pradesh,5,39506.0,2290000.0,176300.0,2337000
S06259,2023-08-18,V1149,D006,C01155,Tamil Nadu,8,111940.0,1531600.0,99200.0,1562000
S06260,2023-05-28,V1478,D040,C01278,Telangana,8,63264.0,1224600.0,62900.0,1020000
S06261,2024-03-05,V1017,D022,C01018,Kerala,9,138257.0,895800.0,37900.0,1026000
S06262,2023-06-05,V1144,D033,C00771,Rajasthan,4,64872.0,683600.0,33800.0,619000
S06263,2024-06-19,V1070,D023,C01125,Maharashtra,8,57699.0,1307400.0,39800.0,1303000
S06264,2023-07-08,V1434,D023,C01062,Kerala,10,59878.0,776700.0,85700.0,712000
S06265,2024-07-09,V1242,D021,C00682,Kerala,9,59941.0,2038900.0,63500.0,1754000
S06266,2025-10-12,V1462,D024,C00044,Karnataka,6,55153.0,489200.0,53900.0,387000
S06267,2022-10-28,V1333,D018,C01061,Delhi,8,100215.0,935100.0,74500.0,848000
S06268,2022-04-02,V1279,D037,C00780,Maharashtra,8,84955.0,437300.0,15800.0,431000
S06269,2024-02-09,V1259,D011,C00454,Telangana,7,34177.0,1085700.0,77000.0,1083000
S06270,2022-06-23,V1102,D022,C00119,Telangana,7,88749.0,701600.0,81200.0,703000
S06271,2022-12-05,V1282,D028,C01357,Maharashtra,10,83896.0,386900.0,35500.0,330000
S06272,2025-02-27,V1343,D013,C01253,Delhi,7,64022.0,967000.0,32800.0,869000
S06273,2023-09-03,V1483,D022,C02490,Rajasthan,10,77156.0,659900.0,28700.0,570000
S06274,2024-03-13,V1275,D019,C02493,Maharashtra,7,61173.0,540500.0,81600.0,480000
S06275,2025-02-07,V1470,D020,C01084,Telangana,9,56658.0,1236600.0,64100.0,1174000
S06276,2022-07-07,V1473,D006,C02311,Kerala,5,85975.0,612600.0,57800.0,551000
S06277,2023-12-01,V1262,D037,C01288,Kerala,7,80044.0,326100.0,51500.0,242000
S06278,2022-02-20,V1220,D024,C00027,Telangana,7,46754.0,1723900.0,60300.0,1668000
S06279,2023-12-31,V1072,D015,C01000,Delhi,6,44944.0,2029500.0,209600.0,1902000
S06280,2022-11-24,V1135,D038,C01736,Maharashtra,3,70967.0,996900.0,88300.0,919000
S06281,2025-08-24,V1440,D013,C02318,Maharashtra,8,26397.0,1544700.0,54300.0,1496000
S06282,2023-01-17,V1070,D015,C00099,Tamil Nadu,9,65334.0,613700.0,29800.0,524000
S06283,2022-10-20,V1199,D036,C01424,Maharashtra,9,42372.0,990200.0,82400.0,894000
S06284,2022-01-21,V1350,D029,C00800,Maharashtra,9,86448.0,1321700.0,171500.0,1099000
S06285,2022-07-14,V1121,D023,C00310,Delhi,8,69419.0,1198300.0,105600.0,222000
S06286,2022-11-12,V1488,D026,C00184,Gujarat,8,36138.0,1253200.0,81100.0,1187000
S06287,2022-11-30,V1325,D036,C01364,Tamil Nadu,9,90089.0,1315800.0,119300.0,1375000
S06288,2024-12-14,V1015,D033,C01498,Kerala,10,104067.0,879600.0,25600.0,926000
S06289,2025-07-20,V1124,D004,C02456,Karnataka,9,61740.0,1807600.0,121700.0,1690000
S06290,2025-06-03,V1371,D023,C01411,Delhi,7,38819.0,393200.0,34500.0,348000
S06291,2025-10-29,V1432,D027,C02040,Delhi,7,22577.0,1341100.0,84400.0,1336000
S06292,2025-08-05,V1464,D006,C01787,West Bengal,7,13158.0,1421600.0,100300.0,1228000
S06293,2023-10-28,V1426,D033,C00632,Rajasthan,7,49327.0,670500.0,9200.0,675000
S06294,2023-07-24,V1038,D035,C00492,West Bengal,7,94202.0,882000.0,20500.0,822000
S06295,2024-08-06,V1365,D003,C00951,Kerala,7,72152.0,490800.0,62500.0,428000
S06296,2023-04-12,V1056,D001,C02097,Karnataka,8,65109.0,1843900.0,41300.0,1615000
S06297,2024-06-01,V1039,D017,C01358,West Bengal,6,68588.0,1188100.0,144700.0,1048000
S06298,2025-12-31,V1346,D023,C01269,West Bengal,8,75334.0,2085000.0,227900.0,1639000
S06299,2022-10-17,V1240,D035,C01363,Kerala,6,64313.0,2176000.0,92100.0,2181000
S06300,2025-01-29,V1324,D008,C02062,Uttar Pradesh,8,61559.0,1742400.0,138100.0,1763000
S06301,2025-09-28,V1426,D013,C01318,Kerala,9,70175.0,1054000.0,45700.0,923000
S06302,2024-02-25,V1035,D030,C01630,West Bengal,8,67518.0,1076700.0,109800.0,986000
S06303,2023-06-05,V1264,D035,C00102,Rajasthan,6,40810.0,411800.0,37000.0,417000
S06304,2023-01-08,V1418,D012,C02087,Gujarat,7,83971.0,1017800.0,81000.0,975000
S06305,2022-09-03,V1221,D006,C02228,West Bengal,8,87952.0,1067200.0,71400.0,1031000
S06306,2023-04-15,V1262,D032,C02208,Delhi,5,70282.0,415400.0,35600.0,399000
S06307,2024-12-26,V1249,D040,C02199,Uttar Pradesh,9,89674.0,1091300.0,41900.0,1004000
S06308,2024-01-23,V1454,D006,C00026,Rajasthan,8,69875.0,836600.0,42200.0,720000
S06309,2022-11-20,V1025,D034,C01504,Telangana,7,102478.0,711100.0,66700.0,547000
S06310,2024-03-02,V1439,D001,C01327,Tamil Nadu,7,58777.0,1091300.0,56100.0,996000
S06311,2025-03-28,V1409,D006,C01310,Maharashtra,8,80476.0,1828800.0,175300.0,1632000
S06312,2022-01-20,V1407,D002,C01445,Kerala,10,64248.0,1791500.0,101500.0,1632000
S06313,2022-01-31,V1207,D002,C01406,Delhi,9,66089.0,1090800.0,101300.0,1003000
S06314,2025-11-02,V1258,D018,C01627,Rajasthan,6,65128.0,1272500.0,19800.0,1259000
S06315,2024-12-29,V1185,D007,C00298,Delhi,8,86970.0,1260200.0,0.0,1244000
S06316,2024-04-20,V1126,D025,C01052,Kerala,6,89752.0,1404700.0,158800.0,1223000
S06317,2025-08-16,V1438,D023,C00776,West Bengal,8,50909.0,906900.0,56800.0,799000
S06318,2024-05-10,V1253,D002,C00678,Rajasthan,7,66264.0,1609100.0,143200.0,1347000
S06319,2024-01-31,V1362,D030,C02471,Delhi,7,63289.0,427400.0,35200.0,369000
S06320,2022-11-05,V1051,D030,C02444,Delhi,7,95914.0,1807900.0,280300.0,1476000
S06321,2025-03-30,V1395,D007,C00440,Uttar Pradesh,6,84014.0,754300.0,50500.0,643000
S06322,2025-01-22,V1330,D007,C01855,Delhi,7,87561.0,524400.0,37500.0,425000
S06323,2023-03-08,V1499,D023,C01111,Kerala,9,50275.0,1827400.0,196400.0,1518000
S06324,2024-12-13,V1067,D011,C00718,Gujarat,6,59140.0,1641100.0,160600.0,1354000
S06325,2024-11-28,V1271,D038,C02450,Uttar Pradesh,7,67578.0,448700.0,17900.0,484000
S06326,2022-05-20,V1256,D009,C02308,Delhi,7,27599.0,2812200.0,64400.0,2523000
S06327,2022-08-23,V1270,D025,C00275,Tamil Nadu,8,92894.0,376700.0,29900.0,322000
S06328,2024-05-19,V1028,D019,C01820,Telangana,10,73992.0,901700.0,37500.0,902000
S06329,2024-06-30,V1237,D032,C01302,Gujarat,9,67973.0,914200.0,94400.0,768000
S06330,2024-08-19,V1150,D012,C00977,Rajasthan,6,75488.0,894600.0,42900.0,839000
S06331,2023-06-30,V1309,D002,C01770,Tamil Nadu,8,92254.0,1618500.0,194500.0,1512000
S06332,2025-05-05,V1117,D005,C01969,Uttar Pradesh,8,97313.0,348100.0,40300.0,339000
S06333,2023-10-14,V1218,D013,C01359,Karnataka,7,84912.0,753000.0,83700.0,643000
S06334,2022-10-29,V1311,D020,C00172,Kerala,8,57966.0,1803700.0,139200.0,1663000
S06335,2022-06-18,V1033,D026,C01863,Telangana,7,85588.0,1028900.0,180400.0,756000
S06336,2025-07-06,V1394,D031,C01575,Telangana,9,110160.0,507000.0,50800.0,410000
S06337,2024-10-30,V1358,D007,C01329,Tamil Nadu,7,61450.0,1849700.0,117900.0,1413000
S06338,2023-11-06,V1029,D011,C00446,Kerala,7,102963.0,385300.0,60000.0,357000
S06339,2022-11-02,V1033,D001,C02344,Rajasthan,8,117699.0,648900.0,81900.0,580000
S06340,2022-05-22,V1426,D036,C00369,Kerala,8,59533.0,887700.0,52200.0,861000
S06341,2022-08-12,V1142,D020,C00266,Kerala,6,80026.0,691900.0,55100.0,594000
S06342,2022-06-04,V1431,D018,C01433,Tamil Nadu,5,38249.0,1136900.0,58000.0,1044000
S06343,2024-02-13,V1250,D033,C00007,Tamil Nadu,8,56830.0,1176700.0,67900.0,990000
S06344,2022-10-16,V1172,D011,C01857,Karnataka,8,83464.0,1297000.0,0.0,1279000
S06345,2022-07-06,V1137,D011,C01137,Gujarat,5,87793.0,1109200.0,40800.0,1036000
S06346,2023-02-18,V1330,D014,C01165,Kerala,6,87007.0,1107400.0,82200.0,1049000
S06347,2024-10-18,V1055,D036,C00726,Rajasthan,6,83691.0,644700.0,78100.0,580000
S06348,2023-12-27,V1202,D014,C00836,West Bengal,7,84677.0,1599400.0,272600.0,1499000
S06349,2022-08-13,V1173,D040,C01243,Telangana,10,121909.0,790000.0,59700.0,709000
S06350,2024-12-29,V1078,D008,C01978,Delhi,10,63430.0,1809300.0,126200.0,1703000
S06351,2023-12-17,V1177,D012,C01074,Gujarat,9,109239.0,689600.0,40700.0,629000
S06352,2022-09-30,V1265,D016,C00446,Delhi,9,99165.0,221000.0,14400.0,204000
S06353,2024-10-06,V1339,D011,C01391,Rajasthan,6,91644.0,1086000.0,89100.0,962000
S06354,2025-12-21,V1044,D013,C00362,Delhi,8,73718.0,1995900.0,236900.0,1441000
S06355,2024-02-29,V1437,D023,C01692,West Bengal,6,56991.0,667200.0,35300.0,695000
S06356,2022-08-24,V1440,D005,C00910,Maharashtra,8,14786.0,1190800.0,8000.0,1175000
S06357,2023-03-29,V1346,D034,C00899,Delhi,8,83951.0,638400.0,,540000
S06358,2024-05-25,V1463,D036,C01487,Maharashtra,8,41662.0,860100.0,50000.0,859000
S06359,2025-12-31,V1214,D022,C00285,Kerala,6,82038.0,1400800.0,173600.0,1351000
S06360,2025-09-19,V1411,D025,C01685,Kerala,9,83209.0,1345300.0,10400.0,1370000
S06361,2025-09-25,V1364,D039,C02133,Maharashtra,7,6684.0,628500.0,20400.0,618000
S06362,2025-05-01,V1282,D032,C02442,Telangana,7,96326.0,399000.0,47400.0,340000
S06363,2024-04-19,V1090,D006,C00434,Karnataka,4,88849.0,633400.0,96500.0,598000
S06364,2024-08-04,V1279,D038,C02191,Delhi,6,75669.0,326800.0,15000.0,318000
S06365,2024-12-08,V1451,D025,C00484,Rajasthan,8,63712.0,1246200.0,78800.0,1136000
S06366,2024-11-11,V1493,D017,C00900,Karnataka,8,88336.0,1092900.0,75300.0,973000
S06367,2024-07-22,V1225,D039,C00396,Maharashtra,8,88295.0,1745200.0,177800.0,1440000
S06368,2022-07-16,V1124,D007,C00302,West Bengal,8,43964.0,954800.0,54100.0,931000
S06369,2025-07-09,V1374,D009,C01548,Kerala,8,53436.0,420700.0,6800.0,430000
S06370,2022-01-15,V1038,D012,C01121,Karnataka,7,81381.0,866100.0,33400.0,789000
S06371,2023-09-15,V1076,D003,C02324,West Bengal,7,31091.0,1563300.0,80200.0,1435000
S06372,2023-09-27,V1281,D012,C01868,Rajasthan,8,106205.0,409600.0,0.0,359000
S06373,2025-12-26,V1496,D015,C01781,Kerala,7,43790.0,1778600.0,74700.0,1728000
S06374,2022-05-11,V1165,D013,C00904,Karnataka,7,117008.0,440000.0,68000.0,404000
S06375,2023-11-27,V1222,D019,C00725,Kerala,7,81646.0,1277500.0,30500.0,1224000
S06376,2023-06-07,V1162,D035,C01611,West Bengal,5,105642.0,678400.0,61200.0,596000
S06377,2022-05-23,V1221,D031,C01049,West Bengal,7,70798.0,666200.0,22900.0,682000
S06378,2022-11-23,V1004,D013,C01193,Rajasthan,6,78947.0,1125000.0,123900.0,985000
S06379,2023-09-09,V1298,D005,C02426,Karnataka,8,104563.0,252900.0,29100.0,207000
S06380,2025-08-31,V1299,D001,C00123,Maharashtra,8,78495.0,443300.0,77600.0,365000
S06381,2023-07-22,V1158,D020,C01602,Maharashtra,9,97729.0,1579400.0,144900.0,1283000
S06382,2025-07-09,V1133,D006,C00387,Telangana,6,73011.0,1176900.0,186200.0,1050000
S06383,2024-12-08,V1381,D021,C00416,Gujarat,8,117837.0,904100.0,73200.0,859000
S06384,2025-04-11,V1094,D010,C00755,Karnataka,9,93506.0,814900.0,98700.0,789000
S06385,2025-06-01,V1024,D029,C00230,Maharashtra,7,42540.0,1482000.0,53000.0,1377000
S06386,2024-11-09,V1021,D020,C00761,Karnataka,8,118735.0,654300.0,34800.0,616000
S06387,2024-12-07,V1441,D035,C00603,Gujarat,4,98668.0,1193200.0,61100.0,1111000
S06388,2022-08-14,V1183,D023,C02348,Delhi,7,54055.0,1200300.0,23600.0,1215000
S06389,2024-11-13,V1051,D036,C01197,Uttar Pradesh,8,95726.0,1338000.0,136400.0,1125000
S06390,2022-03-12,V1440,D027,C00459,Telangana,6,7908.0,920800.0,34300.0,902000
S06391,2024-12-13,V1075,D033,C00168,Maharashtra,4,50951.0,1084800.0,13200.0,1126000
S06392,2024-08-13,V1169,D038,C01794,Karnataka,6,118249.0,531500.0,35300.0,472000
S06393,2025-01-10,V1011,D029,C00644,West Bengal,5,89521.0,594900.0,16600.0,544000
S06394,2024-07-27,V1340,D001,C01471,Rajasthan,5,60757.0,2228100.0,86700.0,2378000
S06395,2023-06-23,V1350,D020,C01549,,8,74273.0,585300.0,34600.0,571000
S06396,2023-06-24,V1379,D023,C00087,Maharashtra,10,47838.0,535500.0,12400.0,524000
S06397,2024-05-20,V1132,D036,C01805,Kerala,8,26588.0,2422800.0,277100.0,2216000
S06398,2023-11-22,V1165,D013,C02095,Gujarat,10,131516.0,416600.0,87200.0,320000
S06399,2023-05-13,V1470,D040,C00947,Maharashtra,9,38546.0,1136700.0,22000.0,1089000
S06400,2023-12-16,V1411,D016,C00139,Gujarat,7,46370.0,941500.0,50000.0,862000
S06401,2024-02-23,V1019,D031,C01931,Maharashtra,10,111304.0,936200.0,61900.0,863000
S06402,2022-12-17,V1346,D037,C02451,Gujarat,8,60220.0,629600.0,75900.0,539000
S06403,2024-07-21,V1407,D034,C01423,Uttar Pradesh,9,38846.0,595700.0,67100.0,567000
S06404,2023-04-04,V1280,D022,C00934,Maharashtra,6,58487.0,314400.0,32100.0,252000
S06405,2023-01-27,V1320,D025,C01166,West Bengal,8,32052.0,1149600.0,40800.0,1033000
S06406,2023-09-04,V1001,D033,C00839,Maharashtra,7,140315.0,678600.0,57800.0,674000
S06407,2022-05-31,V1016,D021,C01316,Gujarat,6,91931.0,670700.0,51700.0,652000
S06408,2024-05-31,V1018,D015,C02035,Maharashtra,5,119118.0,862900.0,121400.0,789000
S06409,2024-12-07,V1080,D025,C01791,Telangana,8,47164.0,2622400.0,142500.0,2490000
S06410,2025-10-28,V1496,D036,C02266,Gujarat,6,48254.0,1412900.0,63300.0,1365000
S06411,2023-02-19,V1318,D025,C02374,Uttar Pradesh,5,69043.0,1693600.0,286200.0,1550000
S06412,2024-02-26,V1392,D032,C00128,Karnataka,7,68698.0,1245700.0,90000.0,1050000
S06413,2024-01-06,V1148,D029,C02015,Rajasthan,9,65886.0,1008000.0,153200.0,842000
S06414,2024-12-04,V1469,D031,C02379,Uttar Pradesh,7,61852.0,563600.0,56000.0,508000
S06415,2024-07-01,V1100,D005,C01713,Tamil Nadu,10,79988.0,1077300.0,103700.0,966000
S06416,2025-03-25,V1452,D004,C00980,Uttar Pradesh,8,34252.0,2141200.0,122000.0,1978000
S06417,2025-05-27,V1016,D015,C00558,Kerala,5,96565.0,1072800.0,176300.0,829000
S06418,2022-06-15,V1011,D021,C02044,Tamil Nadu,6,96480.0,313000.0,40900.0,248000
S06419,2023-06-03,V1040,D038,C00432,Kerala,3,60954.0,581800.0,55600.0,538000
S06420,2024-08-12,V1396,D034,C00324,Kerala,6,70479.0,1221500.0,76800.0,1158000
S06421,2024-03-05,V1129,D008,C01461,Kerala,6,83053.0,1668400.0,0.0,1759000
S06422,2023-12-06,V1226,D007,C01027,Gujarat,8,67609.0,1420600.0,0.0,1444000
S06423,2022-09-10,V1236,D032,C01832,Maharashtra,9,34612.0,1888100.0,109800.0,1710000
S06424,2024-04-16,V1395,D016,C01016,Rajasthan,6,93751.0,957700.0,124000.0,784000
S06425,2024-12-17,V1175,D019,C00030,Karnataka,10,90520.0,545000.0,45500.0,494000
S06426,2022-02-26,V1004,D004,C00524,Tamil Nadu,9,73128.0,406400.0,47000.0,385000
S06427,2024-05-14,V1194,D040,C01268,Karnataka,8,68898.0,1328500.0,37400.0,1311000
S06428,2025-08-16,V1145,D040,C00734,Delhi,8,104086.0,1012100.0,131600.0,954000
S06429,2024-04-18,V1366,D025,C01769,Telangana,7,63783.0,357700.0,44100.0,274000
S06430,2025-10-24,V1376,D006,C01399,West Bengal,7,19717.0,427600.0,30500.0,378000
S06431,2023-05-31,V1046,D001,C00943,Uttar Pradesh,8,83174.0,1272900.0,33300.0,1232000
S06432,2022-01-06,V1397,D028,C02206,Karnataka,6,123533.0,1178500.0,101900.0,1031000
S06433,2024-09-23,V1036,D007,C01590,West Bengal,7,67843.0,903700.0,111000.0,855000
S06434,2022-11-07,V1310,D038,C02319,Kerala,10,70592.0,581100.0,67700.0,529000
S06435,2022-01-15,V1195,D038,C00410,West Bengal,9,58281.0,941400.0,46700.0,856000
S06436,2022-09-21,V1151,D002,C01302,West Bengal,10,77162.0,788500.0,116000.0,640000
S06437,2025-09-26,V1242,D036,C01509,Uttar Pradesh,10,69513.0,2138300.0,141600.0,2094000
S06438,2025-02-15,V1156,D010,C01259,Kerala,9,67391.0,2011300.0,210100.0,2015000
S06439,2023-02-06,V1397,D033,C01044,Delhi,8,98995.0,592900.0,58600.0,514000
S06440,2024-05-23,V1484,D028,C02390,Karnataka,8,54072.0,1290500.0,78200.0,1353000
S06441,2023-05-11,V1408,D033,C01104,West Bengal,8,40415.0,1606600.0,168000.0,1371000
S06442,2022-09-17,V1220,D031,C01299,Delhi,9,46752.0,1509900.0,129200.0,1412000
S06443,2025-12-15,V1252,D018,C01080,Maharashtra,7,29469.0,1612400.0,112300.0,1493000
S06444,2025-04-04,V1224,D016,C00975,Karnataka,7,40651.0,2386700.0,160400.0,2195000
S06445,2023-06-16,V1397,D036,C00391,Delhi,4,103101.0,891900.0,0.0,871000
S06446,2023-06-01,V1277,D031,C02110,Rajasthan,7,96074.0,280200.0,27900.0,242000
S06447,2025-04-06,V1235,D034,C02087,Kerala,8,71040.0,1395700.0,29200.0,1249000
S06448,2023-11-05,V1205,D024,C01949,Telangana,8,102792.0,1138800.0,165700.0,933000
S06449,2023-07-05,V1188,D036,C00059,Gujarat,6,41213.0,2013700.0,28300.0,1892000
S06450,2023-07-20,V1277,D015,C00969,West Bengal,9,103511.0,350400.0,48800.0,267000
S06451,2023-10-15,V1345,D038,C02370,West Bengal,7,82607.0,1588500.0,181000.0,1312000
S06452,2024-02-01,V1217,D025,C00937,Uttar Pradesh,8,92681.0,790000.0,53500.0,790000
S06453,2022-02-28,V1404,D016,C01825,West Bengal,8,40798.0,1613200.0,120200.0,1491000
S06454,2023-12-03,V1414,D014,C02180,Uttar Pradesh,8,76072.0,887600.0,40500.0,841000
S06455,2023-10-05,V1215,D035,C01834,Delhi,6,69700.0,879100.0,18800.0,873000
S06456,2023-02-06,V1455,D035,C00494,Delhi,10,59160.0,1097200.0,45000.0,1050000
S06457,2023-06-04,V1087,D015,C00954,Tamil Nadu,9,95104.0,744700.0,138000.0,672000
S06458,2023-09-13,V1467,D016,C01069,Telangana,6,41955.0,889600.0,24000.0,788000
S06459,2023-06-19,V1148,D020,C01285,Delhi,7,63510.0,952800.0,64000.0,939000
S06460,2025-08-20,V1283,D032,C01986,Delhi,10,83189.0,356500.0,44900.0,284000
S06461,2024-02-12,V1142,D028,C00022,Gujarat,9,74402.0,1670800.0,60100.0,1786000
S06462,2024-01-05,V1222,D022,C00805,Karnataka,7,85224.0,2055000.0,95200.0,1887000
S06463,2023-01-20,V1171,D019,C02024,Rajasthan,6,87056.0,1099900.0,97400.0,942000
S06464,2025-08-31,V1353,D021,C01263,Maharashtra,9,81873.0,1497200.0,182800.0,1519000
S06465,2022-02-03,V1041,D005,C00493,Delhi,10,108447.0,1026400.0,214900.0,774000
S06466,2024-03-14,V1420,D020,C01211,Tamil Nadu,10,43263.0,687100.0,38500.0,556000
S06467,2022-09-04,V1452,D037,C01334,Gujarat,7,48827.0,1762100.0,110000.0,1573000
S06468,2025-01-28,V1282,D016,C01554,Karnataka,7,97282.0,269600.0,18800.0,232000
S06469,2023-07-07,V1274,D033,C01710,Rajasthan,6,76421.0,248300.0,31100.0,215000
S06470,2023-03-05,V1350,D033,C02451,Telangana,5,62330.0,1346300.0,53700.0,1315000
S06471,2022-03-26,V1100,D003,C02160,Gujarat,3,76663.0,778300.0,91600.0,733000
S06472,2025-02-28,V1375,D033,C00321,Uttar Pradesh,8,38015.0,636700.0,35700.0,656000
S06473,2023-08-03,V1110,D018,C00382,Tamil Nadu,8,67245.0,768100.0,109200.0,697000
S06474,2023-01-22,V1339,D018,C02458,Maharashtra,10,75757.0,1746300.0,315900.0,1511000
S06475,2025-05-18,V1153,D023,C01724,Delhi,6,109219.0,743500.0,122900.0,721000
S06476,2022-01-29,V1374,D017,C02158,Karnataka,10,46925.0,332200.0,29300.0,283000
S06477,2023-11-16,V1396,D010,C00099,Telangana,7,59452.0,1087800.0,28300.0,1002000
S06478,2022-08-23,V1105,D016,C00093,Maharashtra,10,97103.0,1005000.0,25400.0,1024000
S06479,2022-07-05,V1309,D038,C02232,Rajasthan,8,80948.0,1795400.0,127900.0,1842000
S06480,2022-02-01,V1250,D023,C00425,Tamil Nadu,8,51062.0,1748000.0,64000.0,1646000
S06481,2022-10-01,V1148,D031,C01491,Telangana,8,37369.0,984600.0,129100.0,888000
S06482,2025-10-15,V1295,D037,C00906,Delhi,6,102365.0,391200.0,3300.0,350000
S06483,2023-10-13,V1497,D040,C00395,Uttar Pradesh,8,92497.0,605900.0,63500.0,518000
S06484,2025-12-31,V1002,D010,C01194,West Bengal,9,123271.0,622700.0,60400.0,571000
S06485,2023-01-26,V1479,D025,C02285,Tamil Nadu,5,51658.0,1381100.0,26600.0,1281000
S06486,2025-01-18,V1428,D032,C01288,Maharashtra,6,37574.0,771200.0,35400.0,709000
S06487,2022-05-11,V1265,D025,C02125,Kerala,8,105490.0,206300.0,18800.0,201000
S06488,2022-06-07,V1306,D040,C00489,Telangana,5,65405.0,1209000.0,75400.0,1080000
S06489,2022-01-24,V1185,D034,C00193,Rajasthan,6,66679.0,1222700.0,85700.0,1306000
S06490,2025-08-06,V1065,D009,C02251,Kerala,10,83764.0,960900.0,34600.0,949000
S06491,2024-09-08,V1286,D029,C02077,Gujarat,6,96419.0,263300.0,43100.0,229000
S06492,2024-12-22,V1409,D001,C02270,Uttar Pradesh,8,82288.0,780800.0,94100.0,641000
S06493,2025-09-16,V1116,D001,C00835,West Bengal,7,56335.0,1311800.0,95300.0,1205000
S06494,2023-05-01,V1359,D012,C00934,Delhi,7,64772.0,2291200.0,242400.0,2062000
S06495,2024-11-21,V1375,D009,C00115,West Bengal,7,22752.0,471200.0,15200.0,467000
S06496,2024-01-04,V1380,D017,C01027,Telangana,6,21204.0,685800.0,45700.0,619000
S06497,2024-03-03,V1171,D035,C02471,Karnataka,6,80407.0,720600.0,78000.0,640000
S06498,2024-08-24,V1197,D020,C02307,Kerala,7,90931.0,1434100.0,271900.0,1123000
S06499,2023-11-18,V1209,D016,C01557,Rajasthan,10,102723.0,1255500.0,102100.0,1190000
S06500,2022-02-05,V1428,D002,C00891,Telangana,7,24383.0,1300400.0,0.0,1310000
S06501,2022-04-20,V1451,D034,C01415,Delhi,5,69387.0,1044200.0,148300.0,918000
S06502,2024-01-03,V1208,D011,C02242,West Bengal,8,61919.0,845400.0,70800.0,742000
S06503,2024-04-12,V1485,D022,C00085,Karnataka,8,72965.0,1366300.0,101700.0,1261000
S06504,2024-12-06,V1286,D035,C01197,Rajasthan,8,117433.0,345400.0,50700.0,298000
S06505,2024-04-15,V1193,D037,C02120,Maharashtra,7,83442.0,1740900.0,181600.0,1516000
S06506,2022-10-02,V1001,D009,C01444,West Bengal,4,143127.0,736200.0,105500.0,616000
S06507,2023-06-20,V1306,D040,C00822,Maharashtra,8,81037.0,680800.0,75200.0,613000
S06508,2023-10-11,V1323,D021,C01307,Tamil Nadu,8,68722.0,661400.0,32600.0,654000
S06509,2025-12-08,V1485,D015,C00681,Delhi,7,85376.0,803100.0,80100.0,821000
S06510,2024-02-18,V1360,D039,C01562,Karnataka,9,26904.0,2064300.0,107100.0,1852000
S06511,2024-07-16,V1015,D032,C02429,Telangana,5,76566.0,666900.0,28800.0,645000
S06512,2024-12-10,V1284,D019,C01741,Delhi,7,68131.0,412100.0,34200.0,412000
S06513,2023-06-14,V1372,D032,C02441,Delhi,8,32673.0,440900.0,21700.0,438000
S06514,2025-11-10,V1249,D032,C01176,Kerala,5,59150.0,812700.0,97800.0,772000
S06515,2024-09-13,V1215,D022,C00978,West Bengal,8,75499.0,1022500.0,4000.0,1028000
S06516,2025-05-24,V1405,D038,C02166,Karnataka,9,87723.0,1550800.0,255000.0,1372000
S06517,2024-12-30,V1306,D036,C00408,Kerala,6,86907.0,2020500.0,230200.0,1756000
S06518,2024-06-27,V1341,D006,C01530,West Bengal,7,92512.0,1056700.0,128700.0,902000
S06519,2022-02-15,V1233,D032,C01987,Kerala,6,75517.0,1241000.0,143700.0,1060000
S06520,2024-05-02,V1140,D031,C00812,Karnataka,9,43996.0,800200.0,0.0,836000
S06521,2022-07-09,V1260,D008,C01407,Telangana,7,49196.0,1587700.0,189600.0,1366000
S06522,2024-05-31,V1480,D028,C00235,Karnataka,7,18999.0,1663900.0,65800.0,1631000
S06523,2024-10-21,V1302,D012,C01791,Kerala,7,71042.0,1540400.0,131200.0,1435000
S06524,2024-03-07,V1354,D021,C02132,Telangana,6,69145.0,1159200.0,145800.0,1069000
S06525,2023-03-27,V1063,D039,C01531,Rajasthan,5,49523.0,2403600.0,167300.0,2241000
S06526,2022-03-28,V1494,D038,C01449,Karnataka,4,73482.0,571700.0,63500.0,515000
S06527,2024-09-07,V1123,D023,C02110,Rajasthan,7,57600.0,2212900.0,165100.0,1980000
S06528,2024-10-17,V1486,D025,C00454,West Bengal,6,60392.0,1717600.0,161200.0,1617000
S06529,2023-11-30,V1223,D006,C02244,Uttar Pradesh,7,40088.0,1711300.0,83800.0,1776000
S06530,2024-11-12,V1460,D002,C01942,Karnataka,6,45511.0,954500.0,75700.0,836000
S06531,2025-02-12,V1446,D011,C02240,Gujarat,7,56998.0,2045200.0,169900.0,1796000
S06532,2024-01-19,V1378,D040,C00918,Karnataka,9,57749.0,478000.0,2700.0,485000
S06533,2022-03-11,V1459,D026,C01287,Rajasthan,9,53274.0,1744100.0,97100.0,1554000
S06534,2025-06-25,V1305,D022,C01659,Telangana,9,77669.0,1537300.0,138800.0,1459000
S06535,2023-11-13,V1425,D039,C01308,West Bengal,5,73897.0,483200.0,72600.0,393000
S06536,2024-09-09,V1087,D025,C00744,Gujarat,6,83460.0,1021600.0,92800.0,814000
S06537,2025-08-23,V1036,D039,C00984,Delhi,8,71434.0,1439300.0,112100.0,1235000
S06538,2023-06-14,V1272,D005,C01543,West Bengal,10,45299.0,489900.0,17400.0,519000
S06539,2024-06-27,V1405,D005,C02446,West Bengal,8,82780.0,1819700.0,0.0,1656000
S06540,2022-01-29,V1383,D017,C00875,Gujarat,6,86504.0,1239000.0,97700.0,1095000
S06541,2025-07-17,V1264,D012,C01295,Kerala,9,62205.0,471000.0,28200.0,446000
S06542,2022-03-28,V1261,D005,C01111,Kerala,7,98324.0,213400.0,28900.0,194000
S06543,2024-03-01,V1305,D025,C02392,Uttar Pradesh,9,88703.0,1601500.0,88400.0,1393000
S06544,2023-05-29,V1435,D012,C02216,Uttar Pradesh,7,36003.0,771500.0,103700.0,654000
S06545,2022-02-22,V1421,D033,C01253,Tamil Nadu,7,83934.0,780100.0,4100.0,803000
S06546,2023-11-07,V1055,D028,C02130,West Bengal,7,87792.0,846900.0,54600.0,789000
S06547,2025-09-28,V1298,D034,C00660,Uttar Pradesh,9,105897.0,257500.0,19000.0,255000
S06548,2022-09-01,V1191,D006,C01525,Maharashtra,8,73152.0,2019700.0,141300.0,1851000
S06549,2023-03-04,V1400,D015,C01847,Delhi,7,65829.0,703900.0,76900.0,677000
S06550,2022-10-04,V1253,D009,C00096,Tamil Nadu,9,64327.0,762100.0,76800.0,731000
S06551,2022-07-02,V1496,D010,C00684,Uttar Pradesh,7,39068.0,1529300.0,82300.0,1366000
S06552,2022-12-03,V1217,D033,C01106,Kerala,8,110552.0,1034300.0,134700.0,852000
S06553,2024-04-15,V1340,D009,C00530,Tamil Nadu,8,58426.0,2000900.0,120600.0,1824000
S06554,2025-02-14,V1055,D035,C02308,Tamil Nadu,9,75738.0,598500.0,48800.0,581000
S06555,2024-10-05,V1467,D028,C02232,Gujarat,9,47049.0,1592200.0,69100.0,1621000
S06556,2025-01-31,V1077,D016,C00233,Uttar Pradesh,7,84985.0,1352500.0,92300.0,1244000
S06557,2024-11-11,V1190,D015,C01345,Rajasthan,7,56615.0,1812900.0,106400.0,1743000
S06558,2023-07-14,V1419,D037,C01737,Uttar Pradesh,4,68781.0,1256000.0,99900.0,1117000
S06559,2025-08-08,V1484,D010,C00708,Uttar Pradesh,8,49360.0,1811600.0,68200.0,1666000
S06560,2022-09-09,V1243,D012,C00134,Tamil Nadu,9,61681.0,2362700.0,214100.0,2276000
S06561,2024-10-19,V1243,D024,C01650,West Bengal,9,34670.0,2463700.0,182200.0,2212000
S06562,2022-06-12,V1025,D039,C00468,Kerala,8,101340.0,621500.0,79500.0,575000
S06563,2025-01-23,V1490,D029,C00064,Maharashtra,7,74247.0,1098500.0,64000.0,1117000
S06564,2022-05-08,V1009,D020,C00542,Karnataka,7,124967.0,324000.0,41600.0,251000
S06565,2022-11-12,V1014,D011,C01240,Kerala,8,108712.0,733600.0,87700.0,607000
S06566,2023-07-26,V1237,D004,C00149,Kerala,7,87386.0,769600.0,58600.0,658000
S06567,2024-10-11,V1002,D035,C01630,West Bengal,8,111510.0,712100.0,92400.0,686000
S06568,2022-03-08,V1083,D037,C01182,Uttar Pradesh,9,96397.0,608700.0,60500.0,561000
S06569,2023-01-11,V1314,D007,C01104,Karnataka,7,77274.0,1854300.0,319900.0,1574000
S06570,2023-05-03,V1353,D027,C02268,Telangana,6,78198.0,1370900.0,27900.0,1324000
S06571,2024-12-04,V1150,D037,C00838,Telangana,9,84488.0,1777400.0,117700.0,1720000
S06572,2025-11-05,V1398,D009,C02342,Telangana,9,99179.0,928700.0,115700.0,879000
S06573,2024-06-16,V1304,D023,C00583,Uttar Pradesh,6,39694.0,2165400.0,150600.0,1998000
S06574,2024-01-12,V1115,D012,C01886,Kerala,7,80954.0,565000.0,55900.0,468000
S06575,2023-05-07,V1357,D038,C00914,Tamil Nadu,7,97606.0,1100900.0,171000.0,985000
S06576,2025-04-16,V1297,D026,C01561,Maharashtra,7,101995.0,292400.0,25500.0,264000
S06577,2022-06-06,V1407,D004,C00071,Gujarat,6,66681.0,1867200.0,73800.0,1808000
S06578,2022-07-08,V1078,D018,C01293,Telangana,9,75679.0,792700.0,116100.0,659000
S06579,2022-10-21,V1116,D040,C00114,Maharashtra,7,52529.0,1049400.0,151100.0,957000
S06580,2023-01-27,V1152,D003,C01918,Tamil Nadu,7,73282.0,1092500.0,123700.0,1022000
S06581,2023-11-06,V1171,D015,C01219,West Bengal,8,100872.0,884500.0,94900.0,740000
S06582,2025-10-14,V1445,D027,C02136,Tamil Nadu,7,63519.0,449800.0,42500.0,473000
S06583,2024-08-08,V1367,D022,C01315,Uttar Pradesh,7,45493.0,414600.0,23900.0,392000
S06584,2023-07-15,V1273,D035,C00894,Kerala,8,107041.0,222700.0,37600.0,150000
S06585,2022-11-06,V1271,D006,C02191,West Bengal,9,68174.0,275100.0,28000.0,278000
S06586,2024-08-05,V1443,D011,C00541,Kerala,8,60297.0,1532800.0,92300.0,1420000
S06587,2023-01-05,V1224,D031,C00629,Rajasthan,6,36145.0,978000.0,20200.0,943000
S06588,2025-11-27,V1113,D020,C01558,Telangana,8,87376.0,686000.0,39100.0,742000
S06589,2023-11-29,V1069,D011,C01422,Telangana,7,88800.0,1571700.0,75400.0,1296000
S06590,2024-03-15,V1166,D032,C00084,Uttar Pradesh,8,94503.0,692300.0,103300.0,551000
S06591,2025-08-13,V1327,D025,C00405,Gujarat,7,69839.0,2032900.0,179200.0,1692000
S06592,2023-03-23,V1236,D039,C02151,West Bengal,8,34234.0,1758900.0,135500.0,1619000
S06593,2023-11-21,V1211,D024,C01450,Rajasthan,8,80284.0,1760300.0,137100.0,1839000
S06594,2024-02-17,V1241,D040,C01722,Telangana,5,82864.0,1418500.0,141300.0,1298000
S06595,2023-02-01,V1488,D008,C02347,Maharashtra,6,63509.0,811600.0,63700.0,695000
S06596,2022-03-21,V1499,D014,C00591,Rajasthan,8,62582.0,2082600.0,139600.0,2046000
S06597,2023-02-19,V1081,D024,C01626,Tamil Nadu,8,105557.0,690200.0,43000.0,630000
S06598,2022-06-14,V1058,D025,C01968,Uttar Pradesh,7,104289.0,892400.0,81200.0,810000
S06599,2024-09-14,V1123,D021,C00634,Gujarat,8,52195.0,874300.0,99600.0,733000
S06600,2022-01-11,V1426,D019,C00485,Rajasthan,9,39558.0,536100.0,14000.0,519000
S06601,2023-04-08,V1230,D038,C00275,Karnataka,8,82829.0,1528200.0,45400.0,1212000
S06602,2025-07-15,V1432,D027,C00969,Uttar Pradesh,8,38469.0,1674300.0,85700.0,1599000
S06603,2024-04-10,V1324,D004,C00896,Rajasthan,8,47001.0,1836100.0,229700.0,1634000
S06604,2024-09-07,V1277,D019,C01833,Telangana,8,111925.0,322800.0,12500.0,290000
S06605,2024-09-03,V1141,D035,C01884,West Bengal,7,92993.0,1048700.0,128800.0,881000
S06606,2023-03-12,V1173,D007,C00626,Telangana,8,117885.0,840500.0,97800.0,734000
S06607,2024-07-12,V1074,D039,C02227,West Bengal,8,61878.0,1058300.0,148800.0,866000
S06608,2022-11-20,V1260,D038,C00746,Rajasthan,8,9278.0,1073300.0,0.0,1072000
S06609,2024-07-17,V1141,D018,C00849,Maharashtra,9,87171.0,1288800.0,214600.0,958000
S06610,2024-09-24,V1147,D026,C00056,Gujarat,7,71833.0,1249600.0,103000.0,1129000
S06611,2025-07-04,V1020,D018,C02081,West Bengal,7,81181.0,644400.0,52100.0,601000
S06612,2025-09-05,V1400,D014,C00474,Maharashtra,8,77522.0,1561000.0,61900.0,1446000
S06613,2022-02-05,V1470,D023,C00588,Telangana,7,55146.0,1210500.0,0.0,1166000
S06614,2023-03-14,V1250,D034,C01516,Telangana,10,59748.0,919600.0,71500.0,812000
S06615,2024-03-10,V1269,D005,C00257,Telangana,6,83501.0,365000.0,41800.0,311000
S06616,2023-04-15,V1463,D014,C00526,Kerala,8,49436.0,1405700.0,212800.0,1344000
S06617,2024-06-22,V1256,D007,C01278,Tamil Nadu,10,35240.0,2561100.0,133300.0,2374000
S06618,2025-06-02,V1312,D025,C02049,Delhi,10,39927.0,1303600.0,57900.0,1182000
S06619,2023-01-12,V1215,D008,C01405,Tamil Nadu,5,98734.0,1271500.0,1200.0,1160000
S06620,2025-07-29,V1258,D019,C02312,Telangana,6,62120.0,1597400.0,132200.0,1405000
S06621,2025-07-12,V1261,D029,C02343,Delhi,10,101051.0,393500.0,55200.0,332000
S06622,2025-08-28,V1356,D016,C00913,Gujarat,8,26500.0,1991700.0,78500.0,1921000
S06623,2022-04-18,V1303,D023,C01865,Karnataka,8,51657.0,1745800.0,176500.0,1496000
S06624,2023-03-05,V1252,D013,C00481,Delhi,7,22735.0,1757200.0,38400.0,1649000
S06625,2022-07-01,V1038,D018,C00930,Rajasthan,5,82647.0,475800.0,44000.0,421000
S06626,2022-06-25,V1453,D024,C01575,West Bengal,7,89886.0,1780900.0,168800.0,1671000
S06627,2022-03-19,V1445,D033,C02266,Telangana,9,95800.0,460800.0,68700.0,367000
S06628,2023-10-05,V1093,D024,C01766,Delhi,7,122668.0,491600.0,48400.0,470000
S06629,2022-05-08,V1147,D008,C01729,Rajasthan,6,78716.0,1368600.0,82800.0,1088000
S06630,2023-03-09,V1487,D033,C01876,West Bengal,6,58132.0,1665400.0,0.0,1662000
S06631,2025-12-04,V1161,D021,C02117,Delhi,6,122877.0,336400.0,33400.0,296000
S06632,2025-07-15,V1407,D025,C00712,Maharashtra,10,69066.0,1477900.0,173700.0,1377000
S06633,2025-10-01,V1393,D022,C01760,Tamil Nadu,7,123543.0,936800.0,98000.0,820000
S06634,2022-02-23,V1431,D007,C01060,Rajasthan,7,53141.0,577200.0,39000.0,551000
S06635,2024-08-23,V1009,D004,C01431,Karnataka,6,127991.0,770100.0,96200.0,611000
S06636,2024-07-15,V1242,D017,C00485,Delhi,4,34136.0,1331500.0,182700.0,1038000
S06637,2022-07-13,V1283,D001,C01410,Karnataka,7,85774.0,426000.0,69500.0,377000
S06638,2025-08-16,V1419,D025,C00011,Gujarat,7,51492.0,1048300.0,117600.0,834000
S06639,2023-08-14,V1113,D035,C01053,Delhi,6,113182.0,725700.0,32000.0,690000
S06640,2025-11-27,V1154,D039,C01413,Gujarat,9,77689.0,1764600.0,96900.0,1608000
S06641,2022-06-16,V1090,D026,C01709,Telangana,8,101826.0,607400.0,42500.0,644000
S06642,2024-08-07,V1381,D033,C01839,Maharashtra,7,116547.0,1265400.0,172400.0,1054000
S06643,2022-07-11,V1500,D014,C00987,Kerala,10,48619.0,2217100.0,137000.0,2157000
S06644,2025-10-19,V1071,D031,C01807,Rajasthan,8,53174.0,2438700.0,134700.0,2416000
S06645,2024-06-06,V1117,D040,C01434,Tamil Nadu,8,100809.0,855500.0,68000.0,701000
S06646,2022-04-21,V1154,D023,C01611,Uttar Pradesh,6,90567.0,1705300.0,166300.0,1647000
S06647,2022-11-10,V1445,D035,C01499,Karnataka,6,93690.0,1538300.0,56400.0,1713000
S06648,2023-06-09,V1223,D021,C00225,West Bengal,7,53710.0,2107800.0,250500.0,1920000
S06649,2022-01-19,V1141,D010,C02090,Delhi,7,108113.0,501200.0,12800.0,438000
S06650,2022-01-13,V1162,D017,C00859,Tamil Nadu,7,95152.0,654000.0,89700.0,552000
S06651,2025-09-14,V1300,D008,C01440,Karnataka,7,65835.0,327100.0,20100.0,286000
S06652,2025-12-04,V1194,D035,C00126,Maharashtra,9,80421.0,1770700.0,13700.0,1817000
S06653,2024-02-23,V1071,D032,C00990,Telangana,9,49223.0,975200.0,115900.0,872000
S06654,2025-08-11,V1411,D013,C01778,Kerala,9,52080.0,1889600.0,47900.0,1814000
S06655_DUP,2024-08-15,V1212,D008,C00978,Uttar Pradesh,8,61370.0,2038900.0,122700.0,1923000
S06656,2022-02-10,V1129,D022,C01266,West Bengal,10,88521.0,772900.0,41400.0,636000
S06657,2024-11-09,V1365,D011,C01949,Maharashtra,9,68946.0,530500.0,48300.0,460000
S06658,2022-01-27,V1373,D033,C01734,Karnataka,8,68536.0,480800.0,11400.0,485000
S06659,2025-04-07,V1078,D017,C00105,Maharashtra,9,70260.0,712400.0,47700.0,653000
S06660,2023-06-21,V1037,D006,C01242,Telangana,6,92251.0,543000.0,27100.0,534000
S06661,2022-07-26,V1023,D001,C00104,Tamil Nadu,8,85620.0,772600.0,42000.0,682000
S06662,2023-01-13,V1383,D001,C01215,Tamil Nadu,9,84637.0,475800.0,49000.0,432000
S06663,2024-09-25,V1313,D040,C01720,Tamil Nadu,9,84744.0,642900.0,67800.0,567000
S06664,2025-05-22,V1397,D016,C00300,West Bengal,6,108830.0,951600.0,0.0,980000
S06665,2024-04-13,V1314,D036,C02358,Gujarat,9,92259.0,1719800.0,94200.0,1749000
S06666,2022-08-23,V1201,D012,C00253,West Bengal,7,111714.0,1344600.0,304300.0,911000
S06667,2025-08-08,V1295,D040,C01678,Tamil Nadu,7,102361.0,481900.0,23800.0,406000
S06668,2025-03-01,V1362,D003,C02350,West Bengal,6,59443.0,511300.0,8700.0,514000
S06669,2023-08-22,V1200,D005,C00959,Kerala,8,42118.0,1769500.0,93400.0,1515000
S06670,2024-03-21,V1458,D026,C02126,Tamil Nadu,7,85354.0,716400.0,46200.0,635000
S06671,2025-11-09,V1450,D015,C00856,Kerala,6,60818.0,1759700.0,111400.0,1768000
S06672,2023-07-06,V1401,D039,C02329,Uttar Pradesh,8,92262.0,1326500.0,213800.0,1010000
S06673,2022-02-07,V1497,D003,C02188,Tamil Nadu,8,62503.0,1382900.0,102900.0,1117000
S06674,2022-08-01,V1196,D025,C01649,Tamil Nadu,6,39732.0,2406700.0,75200.0,2481000
S06675,2024-05-27,V1058,D028,C00552,Gujarat,6,90941.0,1455700.0,281900.0,995000
S06676,2025-12-28,V1243,D024,C02296,West Bengal,7,37871.0,1879900.0,114800.0,1727000
S06677,2024-12-16,V1373,D018,C00127,Kerala,8,67126.0,304700.0,16900.0,300000
S06678,2024-06-21,V1390,D016,C01479,Kerala,8,96642.0,1130500.0,43600.0,1075000
S06679,2023-04-17,V1195,D033,C01898,Delhi,7,52459.0,1806800.0,94600.0,1591000
S06680,2023-10-04,V1147,D036,C01682,Delhi,8,65497.0,1854100.0,246200.0,1640000
S06681,2022-02-26,V1223,D002,C00688,Uttar Pradesh,8,49613.0,1301300.0,79700.0,1202000
S06682,2023-06-27,V1402,D015,C01341,Tamil Nadu,8,56347.0,1584600.0,85400.0,1324000
S06683,2024-06-29,V1031,D012,C01935,Delhi,7,65688.0,481600.0,60700.0,422000
S06684,2025-08-16,V1165,D021,C02329,Tamil Nadu,7,126724.0,467800.0,81600.0,387000
S06685,2025-09-09,V1115,D039,C00209,West Bengal,7,84705.0,661400.0,91900.0,595000
S06686,2025-04-14,V1403,D023,C00312,Karnataka,6,54644.0,1515300.0,113000.0,1439000
S06687,2022-02-01,V1235,D035,C01714,Tamil Nadu,7,54676.0,2200300.0,36600.0,2196000
S06688,2025-03-31,V1044,D001,C01950,Tamil Nadu,7,78348.0,565700.0,39900.0,576000
S06689,2022-11-16,V1131,D036,C00149,Uttar Pradesh,7,56895.0,2040600.0,170800.0,1973000
S06690,2024-06-19,V1023,D014,C00360,Telangana,10,77432.0,760200.0,0.0,760000
S06691,2025-10-14,V1238,D025,C01758,Karnataka,8,74900.0,1929200.0,87100.0,2007000
S06692,2025-07-21,V1499,D015,C01971,Delhi,8,60946.0,2051500.0,72300.0,1911000
S06693,2024-08-28,V1284,D026,C01286,West Bengal,9,86236.0,518700.0,33900.0,494000
S06694,2023-03-14,V1435,D023,C02389,Uttar Pradesh,7,43433.0,1188700.0,105700.0,1100000
S06695,2024-02-01,V1372,D004,C02014,Gujarat,7,31594.0,660700.0,27900.0,601000
S06696,2024-10-25,V1442,D040,C01357,Tamil Nadu,7,67498.0,830100.0,129900.0,626000
S06697,2024-01-22,V1156,D034,C00706,Uttar Pradesh,8,67749.0,1913500.0,197900.0,1642000
S06698,2023-08-14,V1476,D006,C02041,Gujarat,9,30946.0,990300.0,100800.0,908000
S06699,2023-08-12,V1120,D012,C01050,Rajasthan,8,61563.0,593200.0,50500.0,589000
S06700,2024-05-26,V1220,D005,C01255,Delhi,9,52216.0,935100.0,46700.0,925000
S06701,2022-02-22,V1341,D029,C00707,Rajasthan,8,67101.0,1087100.0,94200.0,962000
S06702,2025-12-29,V1144,D036,C02360,Kerala,8,62592.0,1879600.0,155100.0,1818000
S06703,2022-05-30,V1133,D031,C01907,Delhi,4,97390.0,454800.0,42600.0,409000
S06704,2025-12-09,V1066,D023,C00627,Delhi,7,76185.0,874100.0,80900.0,680000
S06705,2022-02-21,V1003,D011,C02123,Rajasthan,9,113731.0,691700.0,21600.0,723000
S06706,2024-01-19,V1251,D001,C01554,West Bengal,7,44474.0,2063200.0,109600.0,1741000
S06707,2023-09-03,V1494,D005,C01568,Karnataka,8,76819.0,1005100.0,97300.0,886000
S06708,2024-04-18,V1111,D021,C02024,Kerala,7,65685.0,808100.0,94000.0,753000
S06709,2023-09-26,V1221,D018,C00746,Delhi,10,98075.0,774600.0,37800.0,779000
S06710,2025-08-03,V1468,D017,C00723,Rajasthan,8,36351.0,1123300.0,109400.0,1046000
S06711,2022-01-25,V1387,D018,C01226,Telangana,8,73545.0,839000.0,94000.0,769000
S06712,2025-12-11,V1003,D006,C01573,Rajasthan,7,116773.0,809200.0,145700.0,735000
S06713,2024-10-04,V1251,D012,C01977,Delhi,7,34745.0,2398700.0,184700.0,2186000
S06714,2025-02-11,V1072,D026,C00175,Kerala,9,44364.0,2639200.0,233700.0,2262000
S06715,2022-07-24,V1124,D025,C00577,Tamil Nadu,8,42567.0,1995800.0,212200.0,1881000
S06716,2022-04-06,V1124,D005,C01659,Maharashtra,9,40938.0,908000.0,73200.0,875000
S06717,2023-08-04,V1307,D009,C02343,Uttar Pradesh,6,54858.0,1164700.0,52900.0,1077000
S06718,2023-04-17,V1100,D018,C01332,Uttar Pradesh,8,71255.0,1156700.0,135700.0,1140000
S06719,2025-02-17,V1126,D004,C01420,Rajasthan,7,60341.0,1274500.0,118700.0,1147000
S06720,2025-08-02,V1113,D006,C01812,Gujarat,7,92244.0,338200.0,47600.0,277000
S06721,2023-09-17,V1179,D031,C00213,Kerala,7,93300.0,529200.0,44800.0,471000
S06722,2025-01-27,V1329,D021,C00082,Karnataka,6,83184.0,1276500.0,9300.0,1446000
S06723,2022-03-29,V1200,D034,C02458,Telangana,7,43591.0,804300.0,61400.0,734000
S06724,2024-12-20,V1164,D029,C00111,Delhi,7,75943.0,1098300.0,21800.0,1141000
S06725,2022-05-26,V1259,D001,C00800,Rajasthan,7,48661.0,777800.0,3600.0,741000
S06726,2024-09-02,V1308,D007,C01693,Delhi,8,15058.0,2575700.0,59100.0,2940000
S06727,2023-07-13,V1008,D011,C01190,Uttar Pradesh,10,74975.0,1073400.0,118200.0,875000
S06728,2023-08-30,V1446,D014,C01973,Tamil Nadu,9,67521.0,1553500.0,146500.0,1482000
S06729,2023-02-08,V1459,D017,C01293,Tamil Nadu,6,54549.0,735500.0,66700.0,701000
S06730,2023-08-13,V1302,D015,C01647,Kerala,5,75179.0,927900.0,69200.0,886000
S06731,2025-07-01,V1288,D016,C00282,Karnataka,7,84510.0,289200.0,25600.0,262000
S06732,2025-03-27,V1348,D018,C00674,Uttar Pradesh,7,39078.0,977400.0,72800.0,877000
S06733,2023-05-13,V1221,D002,C01272,Kerala,7,88932.0,1738500.0,120800.0,1581000
S06734,2023-03-06,V1183,D018,C01027,West Bengal,6,64906.0,651000.0,78400.0,597000
S06735,2024-01-14,V1177,D035,C02012,Rajasthan,10,111962.0,327500.0,87300.0,184000
S06736,2024-09-27,V1080,D007,C00672,Rajasthan,8,34138.0,2122500.0,87300.0,2092000
S06737,2022-09-24,V1421,D036,C00919,Tamil Nadu,7,77470.0,1186600.0,132200.0,1315000
S06738,2024-11-26,V1161,D018,C02080,Rajasthan,3,112006.0,731900.0,88200.0,623000
S06739,2025-10-18,V1143,D007,C02034,West Bengal,9,68159.0,1948900.0,135400.0,2013000
S06740,2025-05-18,V1483,D021,C00386,Telangana,10,45538.0,2057100.0,53400.0,1943000
S06741,2024-03-12,V1254,D004,C01660,Uttar Pradesh,6,49525.0,2166500.0,40200.0,2018000
S06742,2023-04-13,V1311,D015,C00613,Kerala,6,56524.0,1527800.0,203000.0,1195000
S06743,2023-04-18,V1123,D013,C02353,Gujarat,9,61081.0,2267900.0,260000.0,2082000
S06744,2024-12-19,V1139,D011,C01292,Maharashtra,9,81486.0,903500.0,48600.0,856000
S06745,2023-10-27,V1365,D020,C00945,Rajasthan,6,75240.0,333600.0,24200.0,310000
S06746,2022-06-05,V1226,D016,C00600,Delhi,8,75456.0,1791900.0,68700.0,1767000
S06747,2024-09-17,V1074,D024,C00405,Tamil Nadu,7,76047.0,2258100.0,187900.0,2063000
S06748,2022-07-21,V1418,D010,C02409,Rajasthan,9,73584.0,1580100.0,124100.0,1424000
S06749,2025-12-12,V1202,D025,C01058,Kerala,6,81906.0,615800.0,27800.0,558000
S06750,2023-09-02,V1335,D022,C00907,Kerala,8,83385.0,797000.0,161400.0,659000
S06751,2023-05-15,V1171,D026,C00087,Maharashtra,8,72380.0,726500.0,0.0,625000
S06752,2022-03-22,V1281,D030,C01421,Karnataka,7,121124.0,249600.0,31400.0,190000
S06753,2022-09-03,V1388,D030,C01486,West Bengal,10,71784.0,1199300.0,171000.0,1001000
S06754,2025-10-16,V1443,D010,C00481,Telangana,8,71408.0,1097300.0,128800.0,909000
S06755,2024-02-24,V1104,D037,C00125,Telangana,8,65325.0,1225300.0,33300.0,1176000
S06756,2025-08-10,V1337,D013,C01487,Uttar Pradesh,9,91732.0,1347700.0,171700.0,1178000
S06757,2025-10-28,V1458,D009,C00548,Delhi,9,86636.0,1597600.0,116300.0,1558000
S06758,2022-03-13,V1322,D014,C02226,Rajasthan,7,84878.0,534100.0,48300.0,471000
S06759,2023-07-11,V1072,D033,C01018,Tamil Nadu,10,27120.0,2915200.0,164900.0,2723000
S06760,2025-05-09,V1095,D018,C02176,Rajasthan,8,85156.0,953600.0,98600.0,751000
S06761,2023-12-26,V1102,D014,C01828,West Bengal,3,88699.0,448600.0,29800.0,383000
S06762,2024-01-14,V1054,D030,C00215,West Bengal,8,106043.0,1219400.0,14800.0,1222000
S06763,2024-04-12,V1377,D010,C00498,Tamil Nadu,6,74170.0,545200.0,15700.0,535000
S06764,2024-10-22,V1483,D023,C01904,Karnataka,6,50847.0,2276200.0,186100.0,1911000
S06765,2025-10-03,V1259,D021,C00500,Maharashtra,5,54036.0,811400.0,38900.0,744000
S06766,2025-07-19,V1300,D015,C01999,Rajasthan,9,67535.0,548500.0,41900.0,507000
S06767,2024-07-02,V1387,D011,C02219,West Bengal,5,78988.0,1572100.0,101000.0,1367000
S06768,2024-04-22,V1208,D006,C01132,Delhi,7,70129.0,1030200.0,78100.0,944000
S06769,2023-06-12,V1237,D019,C01371,Delhi,8,79222.0,1299100.0,219200.0,1120000
S06770,2022-06-19,V1295,D034,C01563,Rajasthan,9,91067.0,253200.0,28600.0,235000
S06771,2024-11-01,V1153,D031,C01961,Rajasthan,6,108651.0,963200.0,128700.0,820000
S06772,2022-01-04,V1031,D006,C02019,Rajasthan,7,73690.0,614900.0,26500.0,617000
S06773,2024-10-17,V1284,D021,C01944,Uttar Pradesh,8,86380.0,394400.0,38500.0,365000
S06774,2023-12-28,V1412,D010,C02079,Delhi,8,44443.0,2121500.0,0.0,2131000
S06775,2025-02-23,V1037,D019,C00086,Uttar Pradesh,10,108570.0,977100.0,120800.0,922000
S06776,2025-10-18,V1109,D037,C01589,Gujarat,4,115855.0,725900.0,66500.0,599000
S06777,2024-03-18,V1132,D020,C01016,Delhi,8,45812.0,2048800.0,267500.0,1862000
S06778,2024-04-16,V1403,D023,C02233,Gujarat,6,63939.0,697000.0,46400.0,666000
S06779,2023-12-14,V1253,D006,C01640,Tamil Nadu,8,72336.0,1086500.0,94500.0,1024000
S06780,2023-06-29,V1268,D012,C00316,Rajasthan,5,59077.0,398200.0,35600.0,355000
S06781,2022-05-10,V1323,D013,C01519,Maharashtra,7,59555.0,1703400.0,97300.0,1699000
S06782,2022-02-15,V1139,D001,C01020,Uttar Pradesh,10,49563.0,992600.0,76600.0,926000
S06783,2024-11-22,V1357,D038,C00861,Delhi,8,84675.0,739000.0,77900.0,721000
S06784,2025-08-29,V1016,D030,C02096,West Bengal,7,96057.0,609800.0,70200.0,529000
S06785,2022-03-20,V1057,D020,C01293,Maharashtra,10,98629.0,1395200.0,16300.0,1345000
S06786,2023-04-23,V1408,D012,C02448,Gujarat,10,36571.0,721000.0,0.0,690000
S06787,2024-06-07,V1330,D008,C02252,West Bengal,9,81934.0,632100.0,38500.0,523000
S06788,2024-10-26,V1089,D031,C01821,Maharashtra,8,133883.0,407700.0,38800.0,377000
S06789,2024-12-10,V1220,D017,C01327,Karnataka,8,55518.0,761200.0,98100.0,632000
S06790,2024-10-11,V1026,D015,C01046,Gujarat,6,86927.0,477400.0,14600.0,431000
S06791,2022-05-03,V1336,D005,C00179,Karnataka,7,56895.0,1814300.0,161100.0,1590000
S06792,2023-01-06,V1378,D014,C01603,Gujarat,7,63028.0,453000.0,28200.0,449000
S06793,2023-11-17,V1140,D032,C01611,Kerala,4,34433.0,2162000.0,146900.0,2054000
S06794,2022-04-04,V1176,D006,C02341,Uttar Pradesh,8,75648.0,1082800.0,153200.0,815000
S06795,2023-05-17,V1119,D019,C02199,Uttar Pradesh,6,67467.0,738600.0,5200.0,726000
S06796,2023-07-17,V1195,D023,C01755,Gujarat,8,68065.0,1425600.0,129700.0,1272000
S06797,2025-11-30,V1137,D012,C00558,Tamil Nadu,6,90851.0,486800.0,7100.0,474000
S06798,2023-04-09,V1124,D017,C02408,Maharashtra,8,41497.0,1448400.0,81400.0,1371000
S06799,2025-11-20,V1216,D011,C01558,Tamil Nadu,7,56873.0,1508300.0,70500.0,1474000
S06800,2024-10-20,V1430,D028,C00093,Telangana,7,48867.0,683300.0,45600.0,665000
S06801,2024-10-08,V1382,D036,C00447,Rajasthan,7,98496.0,1164600.0,136200.0,1033000
S06802,2025-04-12,V1149,D002,C00889,Telangana,10,99903.0,887700.0,243600.0,626000
S06803,2025-05-15,V1472,D021,C00550,Maharashtra,9,33275.0,1701700.0,103000.0,1571000
S06804,2022-11-21,V1106,D025,C02255,Uttar Pradesh,7,97317.0,451000.0,27400.0,422000
S06805,2023-09-07,V1456,D038,C00296,Delhi,9,26659.0,1615800.0,28100.0,1640000
S06806,2024-02-11,V1155,D006,C01105,Tamil Nadu,8,62998.0,924100.0,108700.0,787000
S06807,2025-11-28,V1271,D015,C02203,Kerala,10,85536.0,295000.0,47300.0,276000
S06808,2022-03-01,V1102,D038,C02261,Telangana,8,87219.0,1159400.0,96400.0,999000
S06809,2023-11-28,V1382,D024,C02395,Maharashtra,7,102974.0,711500.0,67900.0,565000
S06810,2022-11-10,V1159,D038,C01485,Gujarat,5,78789.0,890700.0,67100.0,767000
S06811,2022-10-30,V1437,D032,C00868,Delhi,4,76284.0,843400.0,102200.0,787000
S06812,2025-01-17,V1042,D008,C00685,Gujarat,8,93982.0,920300.0,114400.0,837000
S06813,2022-10-22,V1252,D025,C02003,Maharashtra,6,32066.0,1847300.0,123100.0,1745000
S06814,2025-03-05,V1080,D030,C01521,Maharashtra,10,30676.0,1163900.0,54300.0,1151000
S06815,2025-12-23,V1445,D031,C00837,Kerala,8,71444.0,1456900.0,200400.0,1399000
S06816,2025-02-08,V1209,D011,C00997,Kerala,7,104086.0,870800.0,93100.0,752000
S06817,2022-09-06,V1338,D031,C01574,Rajasthan,5,84784.0,942600.0,149200.0,800000
S06818,2022-07-28,V1440,D003,C01868,Rajasthan,7,34082.0,1085700.0,83600.0,1080000
S06819,2023-10-01,V1268,D033,C01260,Telangana,6,79311.0,558400.0,0.0,523000
S06820,2024-03-16,V1029,D034,C00721,Delhi,9,96688.0,445800.0,79900.0,329000
S06821,2025-02-11,V1111,D033,C00102,Rajasthan,6,75621.0,602200.0,86300.0,423000
S06822,2023-09-10,V1107,D020,C00128,Kerala,8,74192.0,1008700.0,88800.0,872000
S06823,2022-09-02,V1458,D002,C01959,Kerala,6,68309.0,1524500.0,25100.0,1519000
S06824,2025-12-19,V1455,D011,C00171,Telangana,8,64859.0,1343100.0,83500.0,1309000
S06825,2025-08-14,V1239,D034,C00755,Uttar Pradesh,8,64160.0,2336500.0,132400.0,2282000
S06826,2024-08-13,V1446,D020,C01135,West Bengal,6,63997.0,2021800.0,253800.0,1770000
S06827,2024-10-13,V1124,D022,C01052,Tamil Nadu,6,36297.0,1152300.0,102400.0,1022000
S06828,2025-09-28,V1340,D028,C00247,Kerala,6,55228.0,802800.0,65500.0,717000
S06829,2023-11-25,V1196,D016,C00621,Kerala,10,63074.0,2549000.0,154900.0,2479000
S06830,2022-08-01,V1121,D007,C01703,Maharashtra,4,93953.0,954800.0,58300.0,825000
S06831,2024-06-04,V1126,D032,C00480,Rajasthan,7,75129.0,1415600.0,134300.0,1301000
S06832,2023-10-21,V1210,D017,C00673,Tamil Nadu,3,94718.0,1275300.0,18900.0,1268000
S06833,2025-03-14,V1170,D017,C02500,Delhi,6,106532.0,320400.0,57400.0,235000
S06834,2025-02-01,V1106,D015,C01033,Karnataka,9,90463.0,960500.0,0.0,998000
S06835,2023-11-20,V1168,D022,C00522,Karnataka,7,73931.0,1176300.0,0.0,1243000
S06836,2023-06-22,V1065,D028,C01842,Telangana,6,85036.0,1177500.0,92300.0,1173000
S06837,2023-09-09,V1485,D036,C00390,Gujarat,8,91958.0,1724500.0,119500.0,1761000
S06838,2024-07-13,V1190,D012,C01395,Maharashtra,9,71603.0,1614000.0,257300.0,1345000
S06839,2024-07-19,V1054,D004,C01127,Karnataka,7,101121.0,1080300.0,128800.0,889000
S06840,2024-01-18,V1288,D026,C01503,Karnataka,7,70885.0,327700.0,6500.0,331000
S06841,2024-02-17,V1442,D034,C00006,West Bengal,8,67069.0,2002500.0,123300.0,1897000
S06842,2025-12-20,V1180,D009,C02310,West Bengal,7,70007.0,1082300.0,96100.0,960000
S06843,2023-01-06,V1423,D022,C02491,Kerala,10,42002.0,1255200.0,10400.0,1205000
S06844,2022-09-12,V1306,D027,C01846,Tamil Nadu,9,78916.0,1209600.0,77900.0,1192000
S06845,2025-03-13,V1370,D019,C01910,Tamil Nadu,7,55077.0,318800.0,13900.0,322000
S06846,2025-09-28,V1149,D037,C01413,Uttar Pradesh,5,109436.0,729700.0,52000.0,652000
S06847,2024-06-08,V1019,D026,C00394,West Bengal,7,88980.0,828300.0,500.0,815000
S06848,2023-08-10,V1173,D020,C00116,Gujarat,7,112816.0,807500.0,79800.0,781000
S06849,2023-05-25,V1463,D033,C00960,Maharashtra,7,43778.0,1293200.0,67400.0,1190000
S06850,2023-11-15,V1396,D017,C00713,Tamil Nadu,10,69944.0,1322900.0,187000.0,1128000
S06851,2022-03-18,V1393,D002,C02091,Kerala,6,121615.0,975800.0,118500.0,825000
S06852,2024-02-12,V1440,D033,C00314,Telangana,7,31800.0,1168100.0,64700.0,1093000
S06853,2023-01-29,V1187,D023,C00072,Gujarat,8,56299.0,1844000.0,48900.0,1737000
S06854,2023-01-23,V1162,D006,C02018,West Bengal,8,104389.0,641500.0,42800.0,554000
S06855,2024-03-29,V1463,D018,C00611,Uttar Pradesh,7,41884.0,601400.0,55500.0,559000
S06856,2025-11-08,V1286,D033,C00602,West Bengal,6,117166.0,228900.0,19000.0,182000
S06857,2022-10-28,V1149,D001,C02003,Uttar Pradesh,7,97222.0,466700.0,60100.0,441000
S06858,2025-08-24,V1140,D026,C02032,Rajasthan,6,44080.0,1442700.0,115900.0,1272000
S06859,2024-01-29,V1439,D025,C01376,West Bengal,9,32614.0,1542100.0,84700.0,1555000
S06860,2025-11-22,V1027,D036,C00485,Telangana,8,76821.0,1107100.0,146600.0,1034000
S06861,2023-07-13,V1031,D008,C00099,Delhi,7,55827.0,1086700.0,142400.0,848000
S06862,2025-12-27,V1369,D018,C02092,Maharashtra,9,67309.0,491100.0,75100.0,456000
S06863,2024-08-22,V1001,D022,C01678,Maharashtra,7,151073.0,778700.0,101500.0,667000
S06864,2024-09-05,V1086,D014,C01054,Maharashtra,8,111724.0,530600.0,83800.0,465000
S06865,2024-04-02,V1496,D021,C00710,West Bengal,7,43164.0,1709100.0,191500.0,1684000
S06866,2023-10-22,V1213,D040,C01787,Maharashtra,7,96521.0,680800.0,43900.0,668000
S06867,2024-02-07,V1364,D001,C00253,Tamil Nadu,9,39831.0,416600.0,26400.0,387000
S06868,2025-05-27,V1244,D015,C01110,Maharashtra,6,47113.0,2780400.0,239200.0,2583000
S06869,2025-03-03,V1046,D035,C02178,Uttar Pradesh,7,92287.0,1509500.0,115100.0,1382000
S06870,2022-02-04,V1093,D023,C02131,West Bengal,9,132719.0,806600.0,86700.0,759000
S06871,2024-10-11,V1381,D015,C01788,Uttar Pradesh,6,118743.0,706700.0,73400.0,619000
S06872_DUP,2025-05-04,V1048,D037,C01223,Kerala,7,83141.0,1405500.0,85600.0,1264000
S06873,2024-12-23,V1298,D015,C01390,Delhi,10,110600.0,261800.0,0.0,278000
S06874,2023-12-28,V1175,D025,C01033,Kerala,9,83808.0,1096900.0,107500.0,914000
S06875,2023-05-06,V1186,D008,C02322,Karnataka,8,60973.0,1630700.0,177700.0,1193000
S06876,2024-09-10,V1477,D020,C01293,Telangana,7,73210.0,615900.0,54600.0,591000
S06877,2024-08-27,V1303,D013,C02436,Gujarat,7,65678.0,1367800.0,58900.0,1280000
S06878,2023-07-01,V1308,D013,C01363,Uttar Pradesh,10,48335.0,1063600.0,70000.0,1012000
S06879,2023-08-17,V1176,D013,C00276,Telangana,7,81616.0,1162300.0,61500.0,1003000
S06880,2023-06-23,V1191,D039,C00422,Karnataka,3,57361.0,2109900.0,199100.0,1927000
S06881,2022-03-07,V1343,D011,C01215,Telangana,9,46356.0,1741900.0,100300.0,1770000
S06882,2022-02-16,V1020,D031,C00212,Gujarat,8,87297.0,521500.0,21100.0,501000
S06883,2022-05-02,V1119,D011,C02036,Gujarat,7,66667.0,906700.0,0.0,956000
S06884,2023-09-12,V1301,D020,C00531,Karnataka,8,77080.0,1139500.0,85800.0,1000000
S06885,2024-01-16,V1312,D031,C00077,Delhi,10,53926.0,1885800.0,35700.0,1992000
S06886,2023-08-20,V1047,D033,C01071,West Bengal,9,80175.0,1246400.0,153900.0,1057000
S06887,2025-10-27,V1394,D022,C01765,Delhi,6,107171.0,1428200.0,113700.0,1332000
S06888,2022-11-25,V1272,D025,C01556,Karnataka,6,72812.0,346400.0,23700.0,313000
S06889,2023-07-29,V1119,D007,C01524,Maharashtra,7,95663.0,479300.0,16400.0,422000
S06890,2022-12-28,V1376,D027,C01643,Gujarat,8,13251.0,633000.0,57000.0,561000
S06891,2023-03-14,V1496,D006,C01597,Rajasthan,10,59220.0,1567700.0,67600.0,1486000
S06892,2024-05-03,V1212,D008,C00774,Gujarat,8,56708.0,1488300.0,125800.0,1404000
S06893,2023-03-29,V1142,D023,C02147,Rajasthan,7,96269.0,766600.0,19700.0,782000
S06894,2023-04-10,V1150,D019,C00885,Maharashtra,6,91252.0,1212500.0,16400.0,1208000
S06895,2024-09-07,V1297,D002,C02073,Delhi,10,131640.0,202800.0,6000.0,217000
S06896,2025-04-27,V1024,D002,C00149,Telangana,7,53374.0,1475000.0,71600.0,1459000
S06897,2022-11-07,V1242,D023,C01700,Maharashtra,6,58010.0,1157400.0,41800.0,1157000
S06898,2022-06-12,V1013,D025,C01433,West Bengal,8,145757.0,624600.0,71700.0,539000
S06899,2022-12-16,V1020,D009,C01390,Tamil Nadu,7,77257.0,867200.0,34000.0,899000
S06900,2024-04-23,V1216,D029,C00066,Maharashtra,7,47657.0,1311600.0,140800.0,1109000
S06901,2025-11-03,V1373,D040,C01603,Kerala,5,79492.0,416700.0,50400.0,373000
S06902,2022-08-22,V1442,D026,C01052,Tamil Nadu,8,72318.0,1682600.0,78100.0,1330000
S06903,2022-03-04,V1044,D039,C00896,Kerala,6,91492.0,1472800.0,140400.0,1314000
S06904,2024-02-11,V1123,D008,C01252,Maharashtra,7,64266.0,1058100.0,109000.0,916000
S06905,2025-12-18,V1211,D010,C00946,Telangana,5,81050.0,1709900.0,178600.0,1618000
S06906,2024-03-18,V1288,D018,C02265,West Bengal,7,63077.0,391800.0,48800.0,342000
S06907,2025-09-12,V1494,D017,C01455,Karnataka,7,79901.0,1176400.0,171300.0,1073000
S06908,2024-07-27,V1343,D021,C02092,Gujarat,9,53058.0,598500.0,16700.0,607000
S06909,2022-02-16,V1270,D017,C01027,Kerala,7,74300.0,314200.0,29600.0,278000
S06910,2023-09-17,V1031,D025,C01864,Delhi,7,72819.0,652800.0,37000.0,606000
S06911,2025-01-30,V1041,D007,C00633,Karnataka,7,98097.0,597700.0,7500.0,641000
S06912,2024-01-15,V1077,D031,C00399,Rajasthan,8,100775.0,503000.0,53500.0,460000
S06913,2022-10-12,V1331,D029,C01103,Tamil Nadu,8,77497.0,1047600.0,126600.0,1026000
S06914,2022-09-22,V1166,D008,C01633,Rajasthan,8,114490.0,854400.0,75300.0,910000
S06915,2024-08-27,V1121,D026,C01568,West Bengal,4,91377.0,1599400.0,144100.0,1224000
S06916,2023-11-08,V1336,D015,C01463,Karnataka,8,56893.0,1126500.0,90400.0,1045000
S06917,2024-04-18,V1408,D027,C02450,Uttar Pradesh,8,47288.0,822700.0,49000.0,712000
S06918,2023-06-29,V1220,D009,C00455,Kerala,9,55580.0,1210000.0,91900.0,1230000
S06919,2023-05-11,V1441,D034,C00737,Delhi,10,77836.0,1150400.0,12200.0,1162000
S06920,2024-08-31,V1368,D026,C01379,Maharashtra,7,27674.0,408300.0,15500.0,395000
S06921,2022-01-12,V1359,D006,C01765,Uttar Pradesh,6,46783.0,709700.0,72400.0,617000
S06922,2023-09-28,V1434,D015,C01182,West Bengal,8,62909.0,1422000.0,118400.0,1319000
S06923,2023-06-26,V1092,D038,C02288,West Bengal,6,56611.0,861400.0,148300.0,715000
S06924,2025-02-12,V1380,D008,C00218,Karnataka,8,21229.0,447600.0,20500.0,433000
S06925,2024-11-30,V1479,D032,C00991,Delhi,10,39702.0,1586100.0,79100.0,1446000
S06926,2023-09-15,V1497,D025,C01177,Karnataka,5,79743.0,1719600.0,158300.0,1723000
S06927,2023-01-19,V1290,D020,C00142,Rajasthan,8,95455.0,356300.0,32800.0,280000
S06928,2022-12-11,V1378,D004,C00704,Rajasthan,7,48882.0,412900.0,24600.0,356000
S06929,2022-11-05,V1445,D030,C01754,West Bengal,7,85729.0,500500.0,56000.0,410000
S06930,2023-02-04,V1427,D040,C01344,Uttar Pradesh,8,56757.0,1216100.0,113500.0,1114000
S06931,2025-01-16,V1449,D037,C02103,Delhi,8,103086.0,1573700.0,189300.0,1495000
S06932,2022-03-08,V1417,D011,C01880,Uttar Pradesh,8,97959.0,1652700.0,249800.0,1364000
S06933,2022-02-08,V1191,D035,C01539,Uttar Pradesh,7,61679.0,611700.0,0.0,608000
S06934,2024-02-28,V1366,D014,C00524,Karnataka,9,56564.0,469100.0,0.0,510000
S06935,2022-11-23,V1206,D006,C02007,Karnataka,8,80955.0,1450600.0,128100.0,1375000
S06936,2025-04-28,V1401,D004,C00739,Gujarat,8,95333.0,1271500.0,200100.0,1144000
S06937,2025-01-03,V1406,D009,C01646,Delhi,8,79782.0,1107900.0,122700.0,981000
S06938,2025-01-28,V1468,D004,C00814,Delhi,8,22658.0,602100.0,71900.0,537000
S06939,2023-10-30,V1295,D005,C01580,Delhi,7,75401.0,304200.0,30500.0,244000
S06940,2023-10-02,V1238,D035,C02474,Telangana,8,62567.0,895100.0,83300.0,821000
S06941,2023-09-14,V1083,D021,C00405,Maharashtra,7,81093.0,935200.0,122800.0,782000
S06942,2022-10-14,V1320,D002,C01583,Kerala,5,33951.0,2105900.0,208600.0,1906000
S06943,2024-04-08,V1284,D012,C01575,Delhi,10,53823.0,359200.0,24500.0,335000
S06944,2025-06-15,V1258,D012,C00438,Gujarat,7,42794.0,2282800.0,369700.0,1912000
S06945,2023-01-10,V1339,D025,C01108,Rajasthan,7,84125.0,1247500.0,78400.0,1304000
S06946,2022-03-24,V1426,D025,C00228,Kerala,8,52520.0,802000.0,11700.0,819000
S06947,2024-04-05,V1075,D025,C00243,Rajasthan,8,72027.0,1948600.0,173900.0,1708000
S06948,2023-08-07,V1216,D029,C00273,Delhi,9,61317.0,1547200.0,141300.0,1434000
S06949,2025-03-11,V1362,D017,C01755,Karnataka,7,56304.0,485000.0,38700.0,449000
S06950,2025-06-05,V1410,D011,C01150,West Bengal,6,70347.0,629200.0,67500.0,534000
S06951,2025-10-20,V1390,D038,C00854,Delhi,8,105230.0,876700.0,31600.0,872000
S06952,2023-07-29,V1400,D011,C02333,Delhi,8,73315.0,1126900.0,85600.0,1038000
S06953,2025-08-10,V1428,D014,C02070,Telangana,6,32388.0,1516600.0,118700.0,1425000
S06954,2022-06-22,V1481,D023,C00945,Delhi,7,105572.0,1159700.0,50000.0,1148000
S06955,2023-06-29,V1305,D005,C02220,Uttar Pradesh,7,82038.0,1190200.0,23000.0,1175000
S06956,2023-01-24,V1125,D011,C00822,Gujarat,7,73049.0,775600.0,123100.0,593000
S06957,2025-09-10,V1282,D018,C02152,Karnataka,7,110276.0,296800.0,31600.0,258000
S06958,2024-05-26,V1355,D015,C01022,Maharashtra,9,69695.0,1009800.0,162100.0,831000
S06959,2023-06-19,V1051,D010,C01713,Tamil Nadu,7,84593.0,1453900.0,101400.0,1460000
S06960,2022-08-11,V1379,D024,C01927,Karnataka,8,47030.0,455000.0,56800.0,402000
S06961,2025-02-17,V1273,D004,C00159,Maharashtra,7,106168.0,387300.0,49100.0,324000
S06962,2024-08-14,V1469,D016,C00233,Delhi,5,78993.0,885000.0,90200.0,755000
S06963,2025-05-31,V1106,D027,C01183,Uttar Pradesh,10,96186.0,1045900.0,145600.0,880000
S06964,2023-10-03,V1454,D001,C02275,Gujarat,8,64690.0,2037600.0,89600.0,1895000
S06965,2022-08-08,V1225,D027,C00002,Tamil Nadu,5,68403.0,458000.0,19400.0,488000
S06966,2023-05-04,V1287,D007,C01311,Delhi,7,79053.0,254500.0,15200.0,273000
S06967,2024-06-24,V1331,D010,C01506,Karnataka,7,69627.0,1821500.0,143900.0,1659000
S06968,2022-12-18,V1290,D006,C02478,Tamil Nadu,8,103523.0,248900.0,34500.0,205000
S06969,2022-04-14,V1452,D024,C02115,Kerala,8,61293.0,2443700.0,186500.0,2204000
S06970,2025-04-17,V1084,D007,C02031,Maharashtra,5,69794.0,838800.0,54200.0,689000
S06971,2024-02-15,V1365,D037,C02018,Gujarat,5,65603.0,379900.0,52100.0,349000
S06972,2023-08-03,V1488,D039,C02242,Maharashtra,5,48842.0,2189100.0,0.0,2364000
S06973,2024-03-18,V1111,D040,C00219,Telangana,7,75355.0,1171900.0,0.0,1169000
S06974,2024-12-14,V1128,D040,C00660,Telangana,7,51751.0,1195400.0,63500.0,1072000
S06975,2022-01-02,V1238,D024,C00376,Tamil Nadu,7,82076.0,1529000.0,97900.0,1290000
S06976,2023-10-06,V1363,D009,C00208,Maharashtra,8,50252.0,391900.0,19700.0,359000
S06977,2023-01-07,V1480,D040,C00833,Kerala,7,43486.0,1339700.0,59500.0,1274000
S06978,2022-05-15,V1398,D022,C00923,Karnataka,6,118349.0,1541400.0,202300.0,1298000
S06979,2022-02-22,V1398,D020,C00461,Uttar Pradesh,6,86171.0,1064200.0,135600.0,851000
S06980,2023-10-06,V1221,D023,C01109,Maharashtra,7,78139.0,1722600.0,187100.0,1440000
S06981,2024-03-05,V1323,D005,C00877,Gujarat,8,65447.0,1684100.0,133700.0,1660000
S06982,2024-01-12,V1106,D040,C00573,Telangana,7,74987.0,683500.0,47500.0,625000
S06983,2025-02-17,V1232,D010,C01640,Gujarat,8,43878.0,964000.0,89900.0,922000
S06984,2023-10-31,V1095,D010,C00785,Telangana,8,89500.0,523300.0,54700.0,524000
S06985,2024-05-11,V1014,D023,C00964,Uttar Pradesh,6,129508.0,419200.0,55700.0,351000
S06986,2025-04-07,V1429,D002,C01279,Delhi,8,70729.0,420400.0,3700.0,460000
S06987,2024-08-18,V1403,D022,C00054,Kerala,7,66172.0,2004200.0,139300.0,1832000
S06988,2025-08-23,V1256,D019,C01776,Maharashtra,7,25080.0,2080100.0,95300.0,2082000
S06989,2022-11-20,V1008,D030,C00565,Gujarat,9,88940.0,937800.0,70800.0,776000
S06990,2025-02-23,V1046,D014,C00268,West Bengal,8,108412.0,865700.0,42900.0,760000
S06991,2024-10-14,V1056,D019,C02113,Telangana,4,72444.0,1464800.0,229800.0,1284000
S06992,2024-05-01,V1359,D017,C01386,Rajasthan,5,55412.0,647700.0,77100.0,517000
S06993,2022-01-06,V1102,D036,C02295,Uttar Pradesh,7,99382.0,383100.0,55400.0,320000
S06994,2024-03-02,V1126,D009,C01187,Rajasthan,7,78394.0,1365300.0,140700.0,1154000
S06995,2025-06-08,V1431,D002,C00305,Gujarat,5,40415.0,1180600.0,41300.0,1149000
S06996,2024-07-30,V1439,D027,C01427,Delhi,7,47722.0,1530300.0,124300.0,1389000
S06997,2022-01-08,V1382,D038,C01277,Kerala,6,115724.0,616000.0,55100.0,560000
S06998,2023-02-25,V1155,D022,C02175,Tamil Nadu,7,80933.0,1804700.0,23800.0,1801000
S06999,2024-04-11,V1290,D036,C00151,Kerala,7,91109.0,367400.0,9500.0,432000
S07000,2025-04-01,V1101,D037,C00425,Maharashtra,6,100010.0,484500.0,39200.0,372000
S07001,2023-10-13,V1429,D040,C01482,Kerala,6,73608.0,416000.0,7500.0,385000
S07002,2025-06-05,V1043,D027,C01734,Uttar Pradesh,8,85433.0,1153700.0,68900.0,1258000
S07003,2025-03-08,V1373,D032,C00971,West Bengal,8,60935.0,530200.0,62300.0,462000
S07004,2023-01-26,V1256,D022,C02274,Delhi,9,34847.0,1578200.0,110900.0,1366000
S07005,2022-10-12,V1379,D004,C00456,Kerala,10,30773.0,402200.0,15400.0,407000
S07006,2025-08-12,V1226,D004,C01690,Tamil Nadu,8,80221.0,1066400.0,112100.0,962000
S07007,2024-05-10,V1080,D038,C02297,Maharashtra,6,59106.0,1640400.0,71300.0,1650000
S07008,2025-05-24,V1376,D032,C00799,Karnataka,8,13109.0,747800.0,39300.0,669000
S07009,2025-09-09,V1316,D019,C00196,Karnataka,9,37229.0,1932700.0,32400.0,1803000
S07010,2023-09-13,V1233,D010,C01523,Tamil Nadu,5,74607.0,1583400.0,56900.0,1610000
S07011,2022-03-08,V1187,D036,C02079,Uttar Pradesh,8,49679.0,1819500.0,102500.0,1725000
S07012,2025-08-21,V1172,D038,C00159,Karnataka,8,73403.0,434000.0,25400.0,412000
S07013,2024-05-02,V1241,D002,C02018,Karnataka,9,86672.0,656600.0,53300.0,602000
S07014,2022-06-25,V1131,D031,C02099,Maharashtra,8,63275.0,1405100.0,184700.0,1313000
S07015,2024-02-14,V1142,D022,C02049,Karnataka,6,85191.0,1071200.0,136400.0,1046000
S07016,2022-02-10,V1140,D021,C01499,West Bengal,7,32554.0,1602500.0,125200.0,1380000
S07017,2023-02-28,V1007,D026,C01622,Delhi,7,90078.0,791400.0,77500.0,682000
S07018,2023-05-24,V1464,D021,C00271,Telangana,10,23229.0,659500.0,54100.0,581000
S07019,2023-10-26,V1119,D036,C02045,Rajasthan,6,73720.0,1179200.0,77600.0,1067000
S07020,2024-04-06,V1083,D038,C02136,Uttar Pradesh,10,90233.0,1010700.0,112300.0,969000
S07021,2025-05-11,V1076,D009,C02454,Rajasthan,8,51194.0,1247200.0,159700.0,1030000
S07022,2023-05-29,V1495,D017,C01669,Karnataka,6,52744.0,2165100.0,195200.0,2111000
S07023,2024-12-10,V1239,D005,C02079,Tamil Nadu,7,53678.0,2080000.0,173300.0,2117000
S07024,2025-10-08,V1164,D016,C01780,Tamil Nadu,8,66289.0,515600.0,72500.0,454000
S07025,2024-12-29,V1202,D025,C02189,Karnataka,8,93219.0,1386800.0,41400.0,1332000
S07026,2023-01-08,V1045,D017,C01292,Karnataka,5,124603.0,1268900.0,164100.0,1052000
S07027,2024-09-17,V1157,D014,C01248,Tamil Nadu,7,85188.0,1277400.0,0.0,1157000
S07028,2023-02-15,V1125,D035,C00109,Karnataka,8,92375.0,1481600.0,108200.0,1235000
S07029,2023-11-30,V1402,D038,C00883,Kerala,7,70535.0,1684200.0,250900.0,1489000
S07030,2024-07-16,V1030,D022,C02286,Tamil Nadu,8,72385.0,1027400.0,127400.0,925000
S07031,2023-03-05,V1213,D021,C01912,West Bengal,9,85174.0,579900.0,7700.0,540000
S07032,2022-01-06,V1396,D040,C01486,Gujarat,7,75588.0,1163300.0,74600.0,1070000
S07033,2025-05-08,V1417,D020,C01325,Uttar Pradesh,8,92614.0,1270800.0,61500.0,1166000
S07034,2024-11-28,V1257,D017,C02004,West Bengal,8,60729.0,1595900.0,105800.0,1573000
S07035,2022-06-29,V1112,D033,C00439,West Bengal,8,52591.0,966400.0,95100.0,897000
S07036,2023-07-06,V1169,D033,C01459,Uttar Pradesh,10,95377.0,600900.0,1400.0,652000
S07037,2023-01-18,V1112,D017,C02075,Tamil Nadu,9,61243.0,1279600.0,0.0,1315000
S07038,2025-11-29,V1332,D011,C02154,Gujarat,8,52143.0,1507500.0,173000.0,1398000
S07039,2025-10-07,V1147,D009,C01490,Uttar Pradesh,6,71936.0,757000.0,78300.0,595000
S07040,2024-10-07,V1316,D033,C00211,Uttar Pradesh,8,57694.0,2492200.0,137700.0,2256000
S07041,2023-10-06,V1328,D036,C01882,West Bengal,7,36173.0,2217300.0,79900.0,2038000
S07042,2022-03-18,V1470,D026,C00800,Gujarat,5,47784.0,1100900.0,115200.0,970000
S07043,2022-12-27,V1186,D020,C00839,Maharashtra,8,77258.0,1925400.0,99800.0,1751000
S07044,2022-05-16,V1481,D021,C00088,West Bengal,7,97395.0,545700.0,92700.0,421000
S07045,2025-02-27,V1201,D018,C01654,Uttar Pradesh,8,100294.0,1446400.0,239400.0,1246000
S07046,2022-05-09,V1341,D021,C00219,Uttar Pradesh,7,97982.0,1050100.0,144900.0,860000
S07047,2024-09-16,V1331,D026,C00622,West Bengal,8,54715.0,1593200.0,310700.0,1284000
S07048,2025-10-23,V1409,D017,C01440,Rajasthan,8,77633.0,1491500.0,140800.0,1206000
S07049,2023-03-26,V1235,D029,C00159,Tamil Nadu,7,60232.0,905500.0,71300.0,765000
S07050,2024-09-26,V1397,D010,C01748,West Bengal,8,105426.0,1006500.0,186700.0,858000
S07051,2025-07-08,V1178,D017,C01142,Maharashtra,7,94396.0,935700.0,154200.0,801000
S07052,2023-09-17,V1246,D040,C02167,Tamil Nadu,6,75779.0,1017300.0,27200.0,945000
S07053,2023-10-18,V1250,D003,C02375,Delhi,6,38102.0,915100.0,63700.0,801000
S07054,2022-10-20,V1353,D018,C00559,Karnataka,7,81311.0,1041600.0,47800.0,1061000
S07055,2023-09-17,V1310,D038,C01273,Kerala,7,57284.0,1724400.0,49500.0,1671000
S07056,2025-06-30,V1040,D038,C01572,Delhi,8,63281.0,952400.0,87400.0,925000
S07057,2024-08-27,V1405,D009,C00002,Kerala,7,75578.0,1781500.0,225500.0,1720000
S07058,2022-10-22,V1380,D019,C00197,Maharashtra,8,33740.0,493500.0,41600.0,422000
S07059,2024-02-09,V1053,D030,C00408,Uttar Pradesh,5,133209.0,463400.0,80100.0,426000
S07060,2024-10-29,V1481,D029,C00786,Kerala,7,93271.0,891600.0,99900.0,894000
S07061,2022-04-23,V1331,D014,C00692,Kerala,8,62094.0,1236600.0,170100.0,1048000
S07062,2025-01-20,V1043,D018,C01005,Uttar Pradesh,8,86930.0,1067000.0,140200.0,927000
S07063,2022-10-22,V1246,D006,C01479,West Bengal,5,75344.0,861500.0,106400.0,656000
S07064,2023-03-07,V1419,D038,C00946,Rajasthan,6,55610.0,1901400.0,30500.0,1914000
S07065,2023-09-01,V1140,D007,C00880,Karnataka,10,65835.0,2152400.0,170500.0,2136000
S07066,2024-01-08,V1467,D020,C00456,Karnataka,8,53869.0,696300.0,42000.0,673000
S07067,2025-08-31,V1210,D021,C00721,Tamil Nadu,5,90984.0,1331100.0,85100.0,1129000
S07068,2022-11-22,V1114,D032,C01895,Uttar Pradesh,7,96613.0,490700.0,77200.0,404000
S07069,2023-01-09,V1179,D008,C00861,Delhi,6,78497.0,1074800.0,48600.0,994000
S07070,2023-07-08,V1263,D004,C00798,Delhi,8,60613.0,398800.0,32300.0,382000
S07071,2025-06-06,V1345,D027,C01585,Rajasthan,8,84989.0,953000.0,73800.0,905000
S07072,2025-11-11,V1464,D026,C01504,Delhi,9,31679.0,970500.0,30700.0,1001000
S07073,2023-10-27,V1098,D031,C02031,Uttar Pradesh,9,95446.0,800400.0,60400.0,729000
S07074,2024-10-09,V1481,D016,C01713,Karnataka,5,77070.0,1259400.0,112800.0,1084000
S07075,2025-09-02,V1264,D025,C00111,Delhi,6,51381.0,373600.0,27100.0,304000
S07076,2025-05-21,V1064,D031,C02462,Rajasthan,8,38646.0,827600.0,69200.0,752000
S07077,2024-09-22,V1464,D014,C02389,Maharashtra,8,29381.0,849200.0,54900.0,845000
S07078,2024-02-29,V1175,D014,C02469,Karnataka,5,107758.0,475400.0,63500.0,429000
S07079,2025-12-09,V1311,D029,C01035,Delhi,7,54750.0,2205200.0,177600.0,1969000
S07080,2022-12-16,V1350,D012,C02473,Uttar Pradesh,9,61062.0,786100.0,52200.0,731000
S07081,2023-06-14,V1007,D010,C02031,Rajasthan,7,93053.0,929500.0,67900.0,900000
S07082,2024-11-07,V1111,D012,C02346,Gujarat,9,77462.0,1091700.0,49400.0,1114000
S07083,2022-01-31,V1344,D031,C00599,Telangana,4,39055.0,1891900.0,26700.0,1839000
S07084,2024-01-02,V1163,D011,C02468,Telangana,7,84119.0,975800.0,94300.0,878000
S07085,2025-06-02,V1005,D013,C01292,West Bengal,8,132842.0,573600.0,7000.0,571000
S07086,2022-09-16,V1012,D033,C01042,Karnataka,9,80136.0,1045800.0,119300.0,978000
S07087,2025-03-19,V1414,D026,C02376,Rajasthan,6,77250.0,1234300.0,121200.0,1092000
S07088,2023-08-26,V1077,D029,C02256,Delhi,10,86857.0,1648300.0,35600.0,1578000
S07089,2025-06-11,V1051,D005,C00862,Kerala,7,76600.0,868800.0,104500.0,859000
S07090,2024-07-16,V1282,D036,C01381,Telangana,7,113750.0,290700.0,50600.0,235000
S07091,2022-08-18,V1060,D027,C01875,Delhi,6,71108.0,530000.0,79000.0,474000
S07092,2024-12-10,V1327,D029,C01431,Uttar Pradesh,9,78925.0,1184600.0,72800.0,1061000
S07093,2022-03-24,V1273,D017,C00684,Karnataka,7,99900.0,362400.0,61400.0,324000
S07094,2022-12-22,V1325,D035,C02447,Delhi,5,109358.0,535500.0,81900.0,456000
S07095,2025-07-21,V1246,D035,C00171,Rajasthan,8,56696.0,1876200.0,32900.0,1809000
S07096,2025-07-03,V1390,D023,C02329,West Bengal,5,110314.0,742600.0,84800.0,726000
S07097,2022-03-09,V1323,D035,C01886,Gujarat,9,73857.0,1490000.0,190800.0,1255000
S07098,2023-07-09,V1208,D021,C01684,Kerala,7,69589.0,1623300.0,26600.0,1605000
S07099,2022-05-18,V1008,D011,C00576,Gujarat,7,91527.0,941700.0,65900.0,815000
S07100,2023-02-01,V1137,D011,C02175,Uttar Pradesh,9,100912.0,474900.0,0.0,472000
S07101,2025-11-14,V1066,D038,C01439,Karnataka,8,81258.0,2284600.0,111600.0,2126000
S07102,2022-10-13,V1008,D022,C01523,Gujarat,6,85037.0,1027500.0,114900.0,959000
S07103,2024-07-26,V1137,D030,C01568,Rajasthan,6,90074.0,1096400.0,13600.0,1017000
S07104,2025-03-20,V1104,D004,C00614,Uttar Pradesh,7,50906.0,1130500.0,44000.0,1163000
S07105,2025-07-11,V1039,D011,C00707,Delhi,8,64333.0,1268700.0,65300.0,1026000
S07106,2023-06-02,V1157,D030,C02320,Tamil Nadu,7,108573.0,606900.0,51800.0,562000
S07107,2024-10-15,V1254,D002,C01270,Telangana,9,49116.0,1758800.0,230500.0,1451000
S07108,2023-12-08,V1090,D017,C00233,Telangana,6,107957.0,967800.0,0.0,1030000
S07109,2022-06-06,V1137,D029,C00898,West Bengal,6,86400.0,1613600.0,112800.0,1338000
S07110,2022-11-22,V1011,D008,C01988,Kerala,6,101918.0,325800.0,41700.0,301000
S07111,2024-12-29,V1026,D006,C01983,Delhi,8,84875.0,851300.0,107800.0,704000
S07112,2024-09-29,V1079,D005,C01286,Rajasthan,10,56424.0,903100.0,84400.0,851000
S07113,2024-02-01,V1227,D037,C00898,West Bengal,6,56336.0,2177800.0,0.0,2061000
S07114,2025-02-15,V1334,D004,C01275,Delhi,8,81012.0,1019600.0,60600.0,909000
S07115,2024-10-06,V1395,D035,C01493,Kerala,6,95390.0,1449200.0,65000.0,1259000
S07116,2023-05-11,V1315,D035,C00516,Gujarat,6,58721.0,2217300.0,67900.0,2151000
S07117,2023-03-06,V1309,D036,C00506,Delhi,5,82133.0,596800.0,66400.0,558000
S07118,2025-10-12,V1468,D007,C00135,Tamil Nadu,8,28970.0,1511100.0,63200.0,1424000
S07119,2025-11-20,V1128,D009,C00955,Kerala,7,50539.0,1819000.0,197200.0,1724000
S07120,2022-02-14,V1400,D040,C00415,Kerala,6,59818.0,1763000.0,64400.0,1622000
S07121,2025-03-01,V1469,D001,C00090,Tamil Nadu,8,72057.0,489600.0,44500.0,454000
S07122,2022-07-14,V1284,D024,C01065,Delhi,5,73951.0,442100.0,45000.0,389000
S07123,2025-06-12,V1421,D020,C00901,Delhi,6,67156.0,419200.0,34800.0,386000
S07124,2024-05-10,V1069,D019,C00709,Tamil Nadu,7,75813.0,1832300.0,285700.0,1427000
S07125,2024-10-01,V1440,D038,C01618,Rajasthan,5,17702.0,1632700.0,80100.0,1594000
S07126,2024-10-21,V1283,D010,C01420,Rajasthan,9,91614.0,245100.0,16500.0,229000
S07127,2024-06-02,V1111,D010,C00327,Uttar Pradesh,10,78304.0,713900.0,54000.0,659000
S07128,2023-01-02,V1031,D011,C00620,Gujarat,10,65372.0,1177200.0,148700.0,881000
S07129,2025-03-25,V1360,D019,C00514,Gujarat,8,40221.0,674600.0,72200.0,595000
S07130,2024-03-20,V1216,D028,C01405,Uttar Pradesh,9,66149.0,1079300.0,23800.0,1011000
S07131,2024-03-07,V1156,D021,C01686,West Bengal,9,59542.0,1740600.0,150600.0,1657000
S07132,2023-04-11,V1196,D009,C00294,Tamil Nadu,9,48925.0,1703200.0,106400.0,1672000
S07133,2022-01-15,V1496,D012,C00061,Kerala,5,54941.0,2087900.0,123400.0,1919000
S07134,2024-03-20,V1214,D010,C00802,Maharashtra,7,91227.0,768900.0,111400.0,675000
S07135,2023-05-20,V1040,D038,C02322,Uttar Pradesh,9,48745.0,1515400.0,0.0,1374000
S07136,2024-08-21,V1140,D007,C02342,Uttar Pradesh,8,59119.0,1243200.0,58400.0,1171000
S07137,2023-06-17,V1073,D014,C01536,Gujarat,4,74924.0,1285000.0,154300.0,981000
S07138,2025-11-22,V1343,D014,C01405,West Bengal,7,72750.0,1885200.0,122300.0,1856000
S07139,2024-09-21,V1401,D030,C00740,Rajasthan,6,93008.0,1192800.0,102300.0,936000
S07140,2023-10-28,V1421,D021,C01617,Karnataka,8,59753.0,754400.0,73600.0,621000
S07141,2024-10-31,V1317,D001,C02277,Gujarat,7,86278.0,1387700.0,218200.0,1097000
S07142,2024-08-05,V1385,D027,C00111,Uttar Pradesh,7,105064.0,442000.0,71700.0,326000
S07143,2024-06-25,V1209,D036,C00779,Uttar Pradesh,6,104575.0,1219000.0,160300.0,966000
S07144,2024-04-24,V1314,D022,C00938,Uttar Pradesh,8,83396.0,1935400.0,274900.0,1682000
S07145,2025-09-23,V1054,D021,C01524,Uttar Pradesh,5,95717.0,646700.0,67300.0,590000
S07146,2023-04-09,V1270,D015,C02193,Tamil Nadu,8,61728.0,336700.0,35900.0,362000
S07147,2023-09-24,V1279,D035,C00232,Gujarat,7,74595.0,533400.0,75000.0,448000
S07148,2023-01-05,V1016,D013,C01625,Rajasthan,9,88705.0,751600.0,67800.0,668000
S07149,2024-04-12,V1275,D034,C01800,Uttar Pradesh,9,67188.0,574300.0,45300.0,523000
S07150,2025-12-14,V1362,D016,C02444,Karnataka,7,64004.0,417500.0,30900.0,390000
S07151,2024-06-07,V1184,D021,C01978,Uttar Pradesh,6,49857.0,1317100.0,140100.0,1080000
S07152,2022-10-30,V1273,D011,C00554,Maharashtra,6,91011.0,400000.0,39100.0,343000
S07153,2025-09-08,V1144,D012,C01025,Gujarat,5,56976.0,1978300.0,91900.0,1889000
S07154,2025-02-28,V1136,D010,C00591,Rajasthan,10,42594.0,2203200.0,77900.0,2051000
S07155,2023-10-06,V1065,D027,C02350,West Bengal,9,72268.0,1815300.0,169500.0,1725000
S07156,2022-08-03,V1164,D029,C01836,Gujarat,9,63581.0,437500.0,20900.0,406000
S07157,2023-08-12,V1402,D001,C00088,Tamil Nadu,9,70888.0,777700.0,83900.0,624000
S07158,2025-03-21,V1468,D026,C00826,Gujarat,7,33921.0,1390600.0,87800.0,1375000
S07159,2024-04-23,V1318,D033,C01047,Gujarat,7,84343.0,1473100.0,85700.0,1419000
S07160,2022-09-29,V1313,D004,C02248,Kerala,4,76063.0,512400.0,65000.0,433000
S07161,2022-08-20,V1307,D017,C01569,Delhi,10,58003.0,2122900.0,237800.0,2049000
S07162,2025-11-14,V1238,D017,C00128,Delhi,5,77611.0,1674600.0,105900.0,1574000
S07163,2023-10-16,V1212,D022,C02339,Rajasthan,6,57677.0,1735600.0,29100.0,1662000
S07164,2024-09-29,V1311,D008,C00538,Telangana,7,62369.0,1213400.0,90200.0,1192000
S07165,2023-06-11,V1393,D002,C01413,Gujarat,9,115220.0,974700.0,110800.0,1029000
S07166,2022-05-12,V1207,D013,C02319,Delhi,7,81695.0,1866700.0,186600.0,1838000
S07167,2023-08-25,V1283,D031,C00383,West Bengal,8,87938.0,464200.0,39600.0,462000
S07168,2024-10-09,V1236,D002,C01872,Uttar Pradesh,5,38110.0,2150400.0,110900.0,2097000
S07169,2023-05-03,V1143,D028,C00050,Karnataka,6,71706.0,1623900.0,125200.0,1528000
S07170,2024-05-31,V1146,D009,C01274,Tamil Nadu,8,86248.0,1722500.0,227000.0,1547000
S07171,2023-10-03,V1040,D022,C00454,Maharashtra,7,49210.0,1571900.0,79900.0,1424000
S07172,2023-05-09,V1220,D012,C02147,Telangana,7,49647.0,1741700.0,120300.0,1539000
S07173,2023-01-08,V1357,D031,C01394,Rajasthan,4,109424.0,1441700.0,165600.0,1308000
S07174,2023-01-16,V1343,D031,C00241,Delhi,8,42845.0,2121800.0,41900.0,2001000
S07175,2023-01-09,V1493,D013,C02075,Gujarat,8,68434.0,543100.0,46900.0,559000
S07176,2024-11-16,V1020,D010,C00680,Tamil Nadu,7,98037.0,759500.0,61800.0,624000
S07177,2023-05-08,V1381,D026,C00133,Rajasthan,4,114431.0,735500.0,80100.0,679000
S07178,2024-12-19,V1398,D022,C00996,Gujarat,6,101332.0,968500.0,163500.0,805000
S07179,2023-03-31,V1219,D022,C01881,Rajasthan,7,89694.0,1036500.0,74900.0,946000
S07180,2023-04-24,V1142,D018,C00374,Rajasthan,5,80458.0,742000.0,108100.0,693000
S07181,2025-09-12,V1179,D001,C00079,Gujarat,8,80475.0,981700.0,144500.0,887000
S07182,2025-07-04,V1342,D031,C02258,Delhi,10,77724.0,2120900.0,191200.0,1840000
S07183,2023-08-09,V1432,D025,C02102,Uttar Pradesh,9,44523.0,991700.0,32000.0,953000
S07184,2023-01-28,V1322,D015,C01488,Kerala,6,69240.0,1345600.0,41500.0,1335000
S07185,2024-11-11,V1258,D008,C01892,West Bengal,9,51738.0,2347600.0,179400.0,2173000
S07186,2022-04-13,V1327,D019,C00434,Delhi,7,74924.0,1436900.0,96800.0,1349000
S07187,2023-10-29,V1036,D034,C02458,Karnataka,8,56106.0,980000.0,117600.0,791000
S07188,2024-05-26,V1305,D007,C02466,Delhi,8,94652.0,615800.0,47800.0,596000
S07189,2024-09-14,V1022,D028,C01688,Telangana,9,56752.0,988400.0,53500.0,936000
S07190,2022-06-06,V1480,D029,C00341,Telangana,7,36843.0,1045500.0,95500.0,984000
S07191,2022-01-05,V1445,D003,C01049,Rajasthan,8,88947.0,1829100.0,297300.0,1717000
S07192,2023-02-09,V1255,D023,C00437,Uttar Pradesh,8,61068.0,652100.0,104100.0,530000
S07193,2022-06-24,V1188,D030,C00359,Karnataka,7,35692.0,718900.0,84700.0,642000
S07194,2024-01-11,V1367,D021,C02324,Maharashtra,8,37333.0,406300.0,1500.0,379000
S07195,2025-09-05,V1319,D035,C01024,West Bengal,6,66820.0,599200.0,46500.0,494000
S07196,2023-02-23,V1353,D019,C02474,Rajasthan,7,78491.0,1770500.0,312200.0,1547000
S07197,2023-10-25,V1258,D003,C00528,Gujarat,6,55010.0,1173300.0,118300.0,985000
S07198,2022-11-11,V1119,D012,C01065,Maharashtra,10,76599.0,834900.0,65600.0,698000
S07199,2022-03-06,V1037,D034,C00670,Rajasthan,7,97239.0,388000.0,49300.0,309000
S07200,2024-10-24,V1142,D020,C00577,Tamil Nadu,7,91175.0,1805800.0,88400.0,1734000
S07201,2023-01-10,V1265,D014,C01278,Tamil Nadu,8,95638.0,400600.0,47800.0,308000
S07202,2024-03-10,V1213,D035,C01617,Delhi,9,107309.0,791500.0,90200.0,752000
S07203,2024-09-24,V1254,D018,C02229,Telangana,8,74655.0,855000.0,66000.0,732000
S07204,2025-05-11,V1139,D030,C02272,Karnataka,9,52518.0,1872100.0,52500.0,1832000
S07205,2022-09-29,V1469,D012,C00618,Kerala,7,78118.0,699100.0,9300.0,659000
S07206,2024-04-29,V1184,D020,C01595,Gujarat,8,50267.0,2285500.0,108700.0,1886000
S07207,2025-08-23,V1424,D034,C00417,Karnataka,8,33346.0,1229600.0,130000.0,1101000
S07208,2023-12-08,V1196,D026,C02469,Karnataka,7,36268.0,2317500.0,182900.0,2009000
S07209,2022-03-01,V1222,D025,C01474,Tamil Nadu,6,69327.0,1452500.0,112200.0,1337000
S07210,2023-01-17,V1302,D015,C02408,Maharashtra,8,64242.0,1941700.0,279200.0,1617000
S07211,2025-03-07,V1132,D019,C00204,Kerala,7,34796.0,1218600.0,104700.0,1032000
S07212,2025-03-03,V1110,D038,C01276,Tamil Nadu,6,82511.0,591200.0,28700.0,650000
S07213,2023-04-05,V1190,D028,C02052,Kerala,8,65081.0,1690000.0,104700.0,1644000
S07214,2022-10-15,V1403,D022,C00962,Telangana,6,67867.0,1260000.0,52000.0,1200000
S07215,2023-03-03,V1073,D030,C02400,Kerala,7,106232.0,1380400.0,94900.0,1265000
S07216,2022-12-20,V1219,D025,C02195,Gujarat,9,80126.0,1756600.0,75300.0,1679000
S07217,2024-12-18,V1337,D017,C01329,Kerala,8,102220.0,1532700.0,182700.0,1358000
S07218,2025-05-14,V1354,D035,C00923,Gujarat,9,76442.0,1183700.0,161400.0,969000
S07219,2022-03-10,V1218,D010,C00385,Telangana,7,89407.0,492300.0,36600.0,409000
S07220,2024-12-18,V1041,D037,C00844,Karnataka,5,111383.0,401700.0,25200.0,402000
S07221,2025-01-04,V1008,D019,C02012,Tamil Nadu,7,91407.0,461200.0,64100.0,360000
S07222,2024-06-14,V1235,D034,C00379,Gujarat,6,64268.0,837700.0,58800.0,785000
S07223,2025-06-26,V1406,D014,C01947,Telangana,8,77792.0,1495500.0,85900.0,1280000
S07224,2022-02-26,V1015,D015,C00318,Rajasthan,8,98497.0,350600.0,40700.0,274000
S07225,2024-10-19,V1444,D032,C00892,Maharashtra,6,41026.0,1759900.0,172300.0,1651000
S07226,2022-07-05,V1338,D036,C02406,Uttar Pradesh,7,96919.0,490400.0,31200.0,427000
S07227,2025-08-03,V1005,D022,C02159,Gujarat,7,124097.0,337700.0,12300.0,336000
S07228,2024-01-01,V1172,D008,C01723,Karnataka,10,68408.0,929600.0,62200.0,828000
S07229,2022-05-13,V1111,D028,C02296,Delhi,6,61843.0,658900.0,57100.0,560000
S07230,2024-12-26,V1475,D022,C01792,Kerala,10,47110.0,1577900.0,89700.0,1359000
S07231,2024-12-30,V1278,D038,C01449,Delhi,9,101396.0,437700.0,75000.0,402000
S07232,2023-11-10,V1163,D033,C02463,Rajasthan,8,93710.0,820300.0,99600.0,714000
S07233,2023-03-30,V1140,D029,C00748,Maharashtra,4,29880.0,2085800.0,166500.0,1868000
S07234,2022-01-26,V1282,D035,C00589,Kerala,6,114788.0,357300.0,5000.0,369000
S07235,2025-08-19,V1003,D033,C01080,West Bengal,9,109615.0,323400.0,17100.0,291000
S07236,2022-09-27,V1129,D009,C00808,Tamil Nadu,6,73443.0,739200.0,57000.0,681000
S07237,2025-05-16,V1083,D015,C01796,West Bengal,7,84148.0,916100.0,114700.0,760000
S07238,2024-05-10,V1311,D032,C00887,Rajasthan,5,54406.0,929900.0,32700.0,893000
S07239,2024-09-28,V1335,D008,C01611,Tamil Nadu,8,69745.0,861000.0,55100.0,790000
S07240,2024-10-11,V1234,D009,C00129,West Bengal,9,74404.0,871400.0,45200.0,880000
S07241,2025-06-07,V1071,D026,C01374,Rajasthan,7,64004.0,2304500.0,14700.0,2105000
S07242,2022-02-18,V1186,D021,C01974,West Bengal,5,75436.0,1627400.0,27900.0,1500000
S07243,2025-12-19,V1422,D030,C00940,Tamil Nadu,6,49450.0,857600.0,89400.0,776000
S07244,2022-03-05,V1102,D023,C02184,Tamil Nadu,8,90841.0,931700.0,34200.0,934000
S07245,2025-12-30,V1082,D023,C00631,Karnataka,10,102601.0,601000.0,28300.0,579000
S07246,2023-01-17,V1056,D002,C01923,Tamil Nadu,7,80988.0,651800.0,75500.0,587000
S07247,2025-05-20,V1409,D018,C02066,Uttar Pradesh,7,88836.0,1162300.0,59300.0,1004000
S07248,2022-05-02,V1060,D020,C00109,Tamil Nadu,5,63733.0,631800.0,70800.0,547000
S07249,2023-11-05,V1291,D028,C00144,Telangana,10,92042.0,327300.0,31200.0,300000
S07250,2024-03-02,V1500,D035,C01637,West Bengal,8,43762.0,1674200.0,152100.0,1656000
S07251,2025-10-26,V1321,D013,C01850,West Bengal,8,88965.0,1048600.0,159300.0,1015000
S07252,2022-06-30,V1207,D007,C00396,West Bengal,8,62785.0,1440000.0,49200.0,1408000
S07253,2022-02-23,V1104,D022,C01172,Maharashtra,7,56992.0,742900.0,24700.0,703000
S07254,2024-08-05,V1001,D034,C00178,West Bengal,8,141219.0,370400.0,33000.0,297000
S07255,2022-03-13,V1078,D021,C01788,West Bengal,9,74444.0,1889800.0,232800.0,1650000
S07256,2025-02-09,V1477,D033,C01164,Tamil Nadu,8,92096.0,623900.0,37200.0,613000
S07257,2022-02-25,V1072,D005,C00638,Rajasthan,10,36445.0,1855200.0,67800.0,1858000
S07258,2025-11-18,V1010,D009,C01643,Maharashtra,8,118851.0,723500.0,30300.0,617000
S07259,2024-02-18,V1409,D025,C00208,Rajasthan,7,75293.0,1821700.0,109900.0,1836000
S07260,2025-10-17,V1210,D002,C01149,West Bengal,6,102669.0,1061700.0,70400.0,1084000
S07261,2022-07-05,V1179,D002,C00136,West Bengal,7,67557.0,499700.0,50000.0,462000
S07262,2023-02-04,V1359,D019,C01204,Delhi,10,55464.0,1400600.0,110400.0,1285000
S07263,2023-10-27,V1262,D040,C00278,Karnataka,8,78322.0,297300.0,22200.0,267000
S07264,2022-02-12,V1458,D024,C02200,Gujarat,9,82629.0,1711000.0,0.0,1752000
S07265,2022-05-31,V1234,D016,C02105,Delhi,9,82743.0,1468300.0,173100.0,1443000
S07266,2023-04-27,V1357,D015,C02260,West Bengal,8,90468.0,468800.0,73700.0,387000
S07267,2024-12-12,V1440,D021,C00909,Tamil Nadu,9,30882.0,1431300.0,40500.0,1438000
S07268,2024-11-01,V1232,D016,C00290,Kerala,9,24932.0,2557700.0,165300.0,2379000
S07269,2022-05-07,V1143,D012,C02179,Tamil Nadu,6,87652.0,1502100.0,179200.0,1343000
S07270,2022-03-29,V1488,D022,C00304,West Bengal,8,54393.0,1120000.0,74400.0,1062000
S07271,2024-08-16,V1114,D014,C00010,Uttar Pradesh,10,91915.0,1081700.0,76700.0,1036000
S07272,2023-06-10,V1020,D034,C00114,Gujarat,9,87418.0,529200.0,54200.0,433000
S07273,2025-03-03,V1290,D038,C00806,Delhi,7,80378.0,210100.0,6600.0,209000
S07274,2023-03-12,V1494,D036,C01652,Maharashtra,9,72598.0,1583900.0,166100.0,1391000
S07275,2023-06-15,V1044,D034,C02061,Kerala,9,69612.0,1194000.0,33300.0,1046000
S07276,2022-11-17,V1425,D007,C00186,Gujarat,5,58096.0,424500.0,39800.0,425000
S07277,2023-01-25,V1416,D030,C01013,Tamil Nadu,8,52102.0,1573700.0,69000.0,1487000
S07278,2024-10-28,V1465,D022,C00378,Uttar Pradesh,8,74440.0,861400.0,42100.0,797000
S07279,2023-11-20,V1211,D040,C01301,West Bengal,8,65545.0,1443700.0,172600.0,1188000
S07280,2024-08-20,V1128,D018,C00174,Telangana,5,44699.0,1141800.0,42100.0,1026000
S07281,2022-04-25,V1257,D028,C00347,Delhi,8,85603.0,1225400.0,107300.0,1101000
S07282,2024-02-22,V1072,D012,C00175,Karnataka,7,35118.0,2159300.0,66400.0,2185000
S07283,2023-11-02,V1422,D029,C02237,Gujarat,8,49395.0,516000.0,19300.0,512000
S07284,2025-08-23,V1332,D006,C01532,Delhi,9,57649.0,2270500.0,102900.0,2181000
S07285,2023-09-11,V1242,D015,C01994,Maharashtra,8,50657.0,1962800.0,101900.0,1828000
S07286,2022-05-31,V1258,D037,C02297,Karnataka,7,63075.0,879200.0,83500.0,808000
S07287,2024-10-15,V1357,D037,C00730,Rajasthan,8,79785.0,1090900.0,89000.0,903000
S07288,2022-08-07,V1262,D007,C01498,Delhi,7,83552.0,301400.0,29200.0,270000
S07289,2025-08-21,V1420,D035,C01432,Telangana,8,32642.0,1335600.0,161300.0,1255000
S07290,2023-07-15,V1463,D038,C01719,Kerala,7,46659.0,1341700.0,76300.0,1309000
S07291,2025-02-20,V1475,D037,C00554,Kerala,7,40646.0,638900.0,53100.0,613000
S07292,2024-08-16,V1311,D015,C01416,Maharashtra,7,46110.0,1512800.0,81100.0,1663000
S07293,2023-11-11,V1372,D012,C01124,Uttar Pradesh,6,15930.0,601100.0,22300.0,541000
S07294,2024-05-03,V1156,D009,C00289,Kerala,7,59517.0,1835600.0,69800.0,1827000
S07295,2022-09-24,V1020,D018,C00102,Rajasthan,4,87739.0,834100.0,167000.0,713000
S07296,2022-04-19,V1201,D004,C02405,Karnataka,7,95438.0,1230100.0,78500.0,1349000
S07297,2025-01-24,V1436,D019,C00944,Rajasthan,7,28413.0,603300.0,25700.0,615000
S07298,2025-11-01,V1067,D040,C01798,Telangana,7,61430.0,2160700.0,119300.0,1980000
S07299,2025-06-13,V1273,D032,C02435,Maharashtra,5,102238.0,223800.0,16000.0,192000
S07300,2023-03-22,V1097,D012,C00583,Delhi,7,126824.0,327400.0,26100.0,288000
S07301,2023-06-08,V1215,D031,C00676,Rajasthan,10,78004.0,1439000.0,181400.0,1189000
S07302,2023-06-09,V1072,D008,C00989,Karnataka,10,47118.0,1156900.0,68500.0,963000
S07303,2024-10-23,V1368,D030,C02058,Telangana,9,21848.0,656200.0,35100.0,577000
S07304,2024-06-30,V1406,D002,C00387,Kerala,9,76446.0,1105700.0,,905000
S07305,2025-03-09,V1380,D005,C01007,Rajasthan,3,24667.0,671300.0,36400.0,642000
S07306,2025-10-12,V1353,D028,C00838,Karnataka,9,80109.0,1503000.0,0.0,1397000
S07307,2023-07-28,V1118,D019,C02010,Uttar Pradesh,9,92762.0,811900.0,66400.0,741000
S07308,2024-08-26,V1266,D030,C00783,,9,94477.0,493400.0,55800.0,434000
S07309,2024-01-02,V1053,D027,C02159,Rajasthan,6,119327.0,491600.0,78200.0,426000
S07310,2025-10-26,V1188,D015,C01504,Maharashtra,4,23637.0,1018000.0,9000.0,1055000
S07311,2023-06-02,V1253,D033,C00062,Rajasthan,6,73896.0,501000.0,35400.0,473000
S07312,2022-10-02,V1335,D029,C00132,Tamil Nadu,9,69238.0,664400.0,25600.0,646000
S07313,2023-07-08,V1049,D006,C01823,Tamil Nadu,9,123054.0,663200.0,97700.0,633000
S07314,2024-06-23,V1407,D012,C01963,Rajasthan,9,69052.0,1048900.0,67700.0,1035000
S07315,2025-10-24,V1230,D022,C00422,Uttar Pradesh,6,71264.0,1048900.0,64900.0,1047000
S07316,2025-04-25,V1441,D001,C00355,Delhi,7,70987.0,1664500.0,49200.0,1703000
S07317,2022-01-27,V1264,D038,C00093,West Bengal,10,73283.0,472500.0,51700.0,431000
S07318,2024-01-14,V1274,D031,C02486,Maharashtra,8,93366.0,310100.0,33100.0,210000
S07319,2022-08-21,V1347,D029,C02359,Maharashtra,5,59782.0,609900.0,49200.0,509000
S07320,2023-06-14,V1410,D039,C02475,Telangana,8,66900.0,1773300.0,139900.0,1710000
S07321,2025-10-11,V1079,D015,C00711,Rajasthan,10,65616.0,2663700.0,233000.0,2547000
S07322,2025-12-09,V1256,D034,C01754,Rajasthan,7,32529.0,1725400.0,92100.0,1820000
S07323,2022-08-13,V1015,D016,C01572,Uttar Pradesh,8,108954.0,898900.0,45700.0,851000
S07324,2022-07-25,V1238,D006,C00004,Maharashtra,9,92006.0,1204300.0,47700.0,1066000
S07325,2024-10-14,V1407,D018,C00368,Uttar Pradesh,7,61296.0,2004600.0,66900.0,2126000
S07326,2023-08-24,V1433,D006,C00339,Rajasthan,6,72467.0,1109900.0,89900.0,1077000
S07327,2023-09-25,V1142,D011,C02071,Kerala,6,88080.0,1729500.0,56100.0,1662000
S07328,2025-06-29,V1194,D026,C01258,Delhi,6,75065.0,796700.0,98800.0,737000
S07329,2025-09-06,V1276,D008,C01700,Kerala,7,74838.0,409400.0,39300.0,350000
S07330,2025-08-08,V1198,D031,C01902,Karnataka,7,63760.0,1446300.0,157700.0,1193000
S07331,2025-02-17,V1090,D014,C00332,Maharashtra,5,117495.0,898500.0,92400.0,722000
S07332,2025-12-03,V1153,D019,C02332,Delhi,9,125816.0,1332900.0,137300.0,1129000
S07333,2024-11-17,V1203,D015,C00427,Telangana,7,85463.0,701300.0,67900.0,668000
S07334,2025-07-16,V1260,D024,C01140,Telangana,5,14786.0,1088900.0,20700.0,1016000
S07335,2024-02-29,V1461,D008,C00794,Karnataka,8,70304.0,703400.0,58400.0,648000
S07336,2022-03-16,V1273,D007,C01754,Telangana,6,98741.0,386800.0,56500.0,311000
S07337,2025-04-07,V1194,D022,C01389,Kerala,8,74318.0,995500.0,16400.0,986000
S07338,2025-09-20,V1331,D039,C00349,Kerala,7,99141.0,766300.0,89600.0,712000
S07339,2023-04-02,V1387,D017,C01991,Gujarat,10,81276.0,1092300.0,104100.0,1119000
S07340,2023-09-18,V1216,D007,C01697,Gujarat,6,64974.0,2086700.0,54300.0,2119000
S07341,2024-04-15,V1245,D039,C01467,Delhi,7,76005.0,610600.0,72700.0,487000
S07342,2024-08-10,V1109,D024,C02151,Rajasthan,8,109779.0,572600.0,45100.0,583000
S07343,2024-09-12,V1433,D028,C01797,West Bengal,10,79941.0,1328200.0,73200.0,1222000
S07344,2023-07-31,V1434,D038,C00090,Rajasthan,7,59932.0,1116000.0,0.0,1063000
S07345,2025-06-02,V1088,D022,C00189,Telangana,7,79002.0,508700.0,6800.0,488000
S07346,2025-04-03,V1174,D026,C02422,West Bengal,7,99275.0,767500.0,104300.0,631000
S07347,2025-10-08,V1136,D030,C00609,Gujarat,6,56266.0,1711600.0,0.0,1687000
S07348,2024-04-21,V1462,D009,C00700,Rajasthan,9,64976.0,864400.0,41600.0,844000
S07349,2022-04-24,V1033,D039,C01470,Tamil Nadu,8,106568.0,740100.0,24900.0,707000
S07350,2025-05-20,V1104,D013,C02174,Delhi,9,53499.0,764100.0,15100.0,817000
S07351,2022-04-27,V1158,D012,C00648,Karnataka,8,95469.0,1247000.0,132000.0,1153000
S07352,2022-10-11,V1281,D032,C02199,Uttar Pradesh,7,117059.0,269600.0,34200.0,245000
S07353,2023-02-21,V1125,D014,C02092,West Bengal,6,88607.0,821400.0,102500.0,819000
S07354,2022-09-28,V1269,D025,C00963,West Bengal,8,91461.0,423000.0,69600.0,319000
S07355,2024-11-23,V1374,D018,C00101,Delhi,10,67520.0,348400.0,18400.0,312000
S07356,2023-10-06,V1415,D027,C02139,Uttar Pradesh,6,69575.0,1672000.0,197400.0,1642000
S07357,2022-11-17,V1050,D023,C01699,Uttar Pradesh,8,101543.0,1199800.0,88800.0,1032000
S07358,2022-01-07,V1070,D040,C00865,Tamil Nadu,5,61806.0,1388100.0,118900.0,1246000
S07359,2022-11-13,V1048,D040,C02239,Gujarat,8,73262.0,1439700.0,202400.0,1387000
S07360,2024-10-09,V1455,D012,C00599,Telangana,9,61463.0,2193400.0,204800.0,2085000
S07361,2025-03-06,V1327,D026,C00074,Tamil Nadu,9,71288.0,1947800.0,98300.0,1675000
S07362,2023-03-09,V1266,D012,C02042,Karnataka,7,93759.0,459700.0,36400.0,425000
S07363,2022-04-18,V1396,D039,C00243,Karnataka,8,62771.0,1911100.0,171300.0,1591000
S07364,2024-03-25,V1294,D022,C02313,Delhi,8,94396.0,213300.0,31300.0,187000
S07365,2025-02-17,V1118,D039,C00365,Kerala,10,101237.0,964700.0,121300.0,874000
S07366,2022-04-13,V1256,D011,C00836,Delhi,7,28063.0,2486000.0,59200.0,2581000
S07367,2025-03-08,V1352,D034,C00478,Karnataka,9,30929.0,1613200.0,166700.0,1413000
S07368,2022-09-07,V1019,D028,C02404,Tamil Nadu,9,105400.0,989200.0,96100.0,1035000
S07369,2023-01-12,V1304,D020,C02161,Kerala,8,53839.0,1993400.0,195100.0,1697000
S07370,2024-06-28,V1249,D003,C01857,Delhi,6,85370.0,1912000.0,270800.0,1820000
S07371,2022-03-17,V1035,D011,C01598,Delhi,8,86022.0,1386600.0,150700.0,1218000
S07372,2023-03-23,V1132,D039,C00097,Tamil Nadu,10,56608.0,2602200.0,261000.0,2250000
S07373,2022-07-22,V1225,D031,C02262,West Bengal,8,82773.0,1824100.0,206900.0,1707000
S07374,2022-11-10,V1172,D005,C01983,Uttar Pradesh,5,66416.0,454500.0,52200.0,454000
S07375,2025-02-03,V1146,D024,C00893,Karnataka,6,85496.0,1807800.0,244300.0,1398000
S07376,2022-12-01,V1325,D008,C02151,Karnataka,5,106043.0,792300.0,165400.0,648000
S07377,2022-03-05,V1203,D011,C02398,Karnataka,6,73745.0,755300.0,20300.0,757000
S07378,2022-11-10,V1249,D022,C00144,Delhi,7,76504.0,1739600.0,202200.0,1585000
S07379,2022-05-07,V1400,D001,C00324,Delhi,9,75796.0,1561800.0,140500.0,1488000
S07380,2024-06-28,V1047,D013,C00461,Karnataka,5,88277.0,513700.0,26400.0,557000
S07381,2025-11-22,V1180,D006,C02324,Delhi,7,72692.0,1282900.0,39300.0,1155000
S07382,2022-09-02,V1037,D016,C01331,Telangana,9,87544.0,834500.0,131000.0,643000
S07383,2024-11-30,V1464,D032,C00369,Maharashtra,5,11493.0,1409400.0,62200.0,1351000
S07384,2023-06-14,V1093,D040,C00184,Telangana,8,123101.0,782800.0,92800.0,808000
S07385,2022-04-15,V1410,D012,C01746,Maharashtra,7,65466.0,1905600.0,131200.0,1869000
S07386,2024-10-02,V1096,D013,C01011,Tamil Nadu,8,75440.0,830400.0,114300.0,681000
S07387,2022-11-03,V1163,D023,C02309,Telangana,7,70472.0,412200.0,40500.0,408000
S07388,2024-01-21,V1305,D037,C01692,Maharashtra,7,77569.0,985800.0,86700.0,1003000
S07389,2024-01-11,V1416,D012,C02287,Delhi,8,39939.0,679500.0,47500.0,620000
S07390,2024-05-22,V1089,D036,C01816,Rajasthan,5,96758.0,805300.0,66900.0,794000
S07391,2022-07-17,V1107,D010,C02466,Tamil Nadu,7,64985.0,879400.0,148200.0,690000
S07392,2023-01-02,V1441,D024,C00166,Kerala,7,89573.0,972500.0,49800.0,884000
S07393,2024-12-13,V1161,D002,C01408,Rajasthan,9,123372.0,881500.0,161900.0,627000
S07394,2025-09-24,V1105,D025,C00267,Delhi,6,95298.0,396600.0,55200.0,375000
S07395,2022-01-18,V1372,D027,C01696,Rajasthan,7,29191.0,687800.0,62600.0,645000
S07396,2023-08-28,V1046,D039,C00001,Tamil Nadu,8,98082.0,868800.0,114100.0,836000
S07397,2025-07-11,V1434,D007,C00641,Delhi,8,70489.0,1319600.0,45900.0,1373000
S07398,2023-02-24,V1438,D012,C01368,Maharashtra,6,71244.0,511400.0,42800.0,458000
S07399,2023-10-16,V1429,D029,C01828,Maharashtra,5,70897.0,1080000.0,18300.0,1077000
S07400,2025-08-14,V1148,D033,C00401,Uttar Pradesh,7,57816.0,1770700.0,61400.0,1767000
S07401,2025-11-16,V1058,D016,C00809,Karnataka,8,106303.0,1051400.0,89400.0,1068000
S07402,2024-08-15,V1213,D005,C00905,Tamil Nadu,8,98017.0,1064300.0,110400.0,934000
S07403,2024-10-11,V1168,D007,C00761,Uttar Pradesh,10,63775.0,990000.0,110400.0,891000
S07404,2024-06-15,V1480,D007,C02436,Rajasthan,6,26941.0,1756700.0,10700.0,1737000
S07405,2023-02-19,V1316,D017,C00363,Karnataka,6,52175.0,1282700.0,92500.0,1328000
S07406,2025-07-19,V1473,D006,C01763,Telangana,8,80921.0,979100.0,96300.0,798000
S07407,2022-02-19,V1376,D017,C02311,Kerala,6,31606.0,676100.0,0.0,684000
S07408,2022-03-27,V1358,D023,C02135,Rajasthan,6,59311.0,1740900.0,203100.0,1580000
S07409,2024-05-29,V1056,D028,C01879,Rajasthan,5,88727.0,849300.0,45200.0,846000
S07410,2025-05-08,V1035,D032,C02105,West Bengal,6,76703.0,1281400.0,117500.0,1237000
S07411,2025-04-04,V1024,D031,C01620,Maharashtra,8,63695.0,1489400.0,128200.0,1325000
S07412,2024-09-17,V1297,D028,C00084,Rajasthan,10,110290.0,302700.0,10900.0,323000
S07413,2023-07-04,V1101,D040,C00187,Kerala,6,95833.0,464600.0,44800.0,367000
S07414,2023-06-10,V1495,D035,C00973,Maharashtra,7,58129.0,676300.0,44200.0,631000
S07415,2023-09-14,V1067,D019,C01463,Tamil Nadu,5,45016.0,2168800.0,263000.0,1937000
S07416,2023-01-10,V1474,D038,C02011,Telangana,9,66280.0,1063900.0,152700.0,895000
S07417,2023-09-05,V1334,D038,C01479,Gujarat,7,90469.0,1736700.0,0.0,1736000
S07418,2022-06-03,V1054,D023,C00876,Rajasthan,9,108067.0,1576300.0,208400.0,1336000
S07419,2023-04-13,V1030,D001,C01512,Rajasthan,5,75895.0,1052100.0,99100.0,872000
S07420,2025-10-06,V1198,D026,C00149,Tamil Nadu,7,76556.0,571700.0,59600.0,482000
S07421,2024-10-29,V1170,D016,C00665,Delhi,8,104274.0,584400.0,54400.0,562000
S07422,2022-07-27,V1158,D020,C01253,Telangana,9,74606.0,1646800.0,152700.0,1635000
S07423,2023-02-23,V1265,D015,C01897,Kerala,9,103913.0,281600.0,60200.0,235000
S07424,2023-01-15,V1065,D028,C01688,Uttar Pradesh,7,76978.0,1083800.0,46700.0,1027000
S07425,2023-02-16,V1065,D034,C00518, telangana ,8,106083.0,673200.0,111000.0,521000
S07426,2024-10-06,V1348,D014,C00018,Rajasthan,5,38037.0,1206600.0,101400.0,1078000
S07427,2025-07-31,V1496,D002,C01531,West Bengal,6,47211.0,1546900.0,159400.0,1373000
S07428,2024-11-03,V1137,D038,C00556,Delhi,10,85399.0,1771100.0,235800.0,1452000
S07429,2023-12-15,V1466,D003,C00973,Kerala,8,60155.0,756800.0,72000.0,662000
S07430,2022-08-23,V1173,D025,C00989,Kerala,4,110118.0,428300.0,62300.0,369000
S07431,2022-07-28,V1168,D012,C01091,Maharashtra,7,58409.0,1204100.0,74000.0,1183000
S07432,2025-04-04,V1046,D020,C00743,Gujarat,6,104855.0,962100.0,142000.0,852000
S07433,2024-09-17,V1212,D002,C01165,Rajasthan,9,47500.0,1855500.0,189400.0,1772000
S07434,2024-01-16,V1249,D014,C01474,Gujarat,9,67120.0,1357700.0,106000.0,1212000
S07435,2024-04-23,V1332,D007,C00392,Gujarat,6,48707.0,1061600.0,29700.0,1092000
S07436,2025-05-24,V1080,D010,C01973,Gujarat,7,36112.0,1487100.0,39900.0,1392000
S07437,2025-04-03,V1095,D032,C00898,Uttar Pradesh,7,94970.0,719400.0,42900.0,625000
S07438,2022-05-08,V1217,D031,C01695,Karnataka,8,100722.0,868200.0,89000.0,674000
S07439,2023-08-01,V1035,D011,C01907,Tamil Nadu,6,73117.0,809600.0,122000.0,721000
S07440,2022-03-04,V1072,D034,C02270,Kerala,7,46534.0,881100.0,91900.0,794000
S07441,2023-07-17,V1315,D019,C00828,Rajasthan,8,61031.0,593800.0,34300.0,525000
S07442,2024-07-19,V1477,D002,C01121,Delhi,6,66179.0,768000.0,75100.0,635000
S07443,2022-11-01,V1287,D039,C00341,Rajasthan,9,90751.0,472300.0,16100.0,463000
S07444,2022-08-08,V1073,D018,C00643,Maharashtra,5,68375.0,1253000.0,128400.0,1138000
S07445,2023-12-19,V1496,D018,C00961,Delhi,8,56862.0,1502700.0,150400.0,1356000
S07446,2024-02-06,V1261,D031,C01415,Telangana,9,106768.0,344700.0,2700.0,383000
S07447,2024-11-09,V1359,D034,C00064,Delhi,7,56453.0,1463600.0,230800.0,1213000
S07448,2022-01-21,V1099,D011,C00830,Uttar Pradesh,8,79609.0,630200.0,68700.0,518000
S07449,2022-12-29,V1290,D028,C02466,Uttar Pradesh,7,85420.0,280200.0,0.0,273000
S07450,2025-02-13,V1039,D015,C01970,Telangana,9,75281.0,1156000.0,35100.0,1093000
S07451,2024-09-23,V1313,D029,C00820,Uttar Pradesh,9,81091.0,606000.0,67700.0,514000
S07452,2025-08-07,V1102,D035,C02117,Karnataka,8,77141.0,833700.0,103700.0,668000
S07453,2025-04-05,V1455,D030,C02081,West Bengal,8,65754.0,1104300.0,86000.0,1108000
S07454,2025-05-10,V1028,D022,C00415,Delhi,7,47317.0,1598900.0,24800.0,1443000
S07455,2024-01-17,V1327,D002,C00740,West Bengal,8,81517.0,1158200.0,132400.0,950000
S07456,2025-11-01,V1070,D001,C01085,West Bengal,10,69908.0,600900.0,63000.0,533000
S07457,2023-08-31,V1344,D025,C01582,Karnataka,7,34715.0,2397800.0,169100.0,2302000
S07458,2025-08-12,V1247,D005,C00158,Kerala,9,34681.0,725300.0,69100.0,635000
S07459,2023-07-27,V1484,D008,C02215,Kerala,6,51706.0,1612300.0,169500.0,1358000
S07460,2023-10-11,V1326,D033,C01274,Telangana,5,97503.0,879800.0,0.0,917000
S07461,2024-09-28,V1186,D008,C00410,Uttar Pradesh,8,73704.0,945900.0,94000.0,825000
S07462,2023-08-05,V1044,D003,C01787,Gujarat,7,70897.0,1685200.0,108900.0,1542000
S07463,2022-08-03,V1298,D011,C01067,Gujarat,10,103514.0,315800.0,0.0,322000
S07464,2025-08-02,V1221,D016,C01892,Tamil Nadu,9,92997.0,710500.0,67300.0,732000
S07465,2023-10-24,V1027,D035,C00487,Karnataka,10,75536.0,1064600.0,98200.0,1024000
S07466,2025-09-16,V1291,D031,C01931,Kerala,8,82778.0,312100.0,15900.0,275000
S07467,2023-08-07,V1105,D028,C00236,Delhi,7,102465.0,606100.0,34400.0,595000
S07468,2025-11-22,V1118,D015,C00340,Telangana,7,75564.0,734900.0,70200.0,677000
S07469,2024-05-30,V1005,D027,C00288,Maharashtra,7,139102.0,817400.0,105000.0,654000
S07470,2025-01-27,V1187,D026,C00111,Delhi,6,55225.0,1878900.0,93900.0,1726000
S07471,2025-01-08,V1110,D039,C01773,Karnataka,8,98296.0,791400.0,74900.0,759000
S07472,2022-10-23,V1036,D001,C01181,Uttar Pradesh,9,60286.0,704400.0,87500.0,583000
S07473,2025-04-06,V1218,D025,C00127,Kerala,7,78508.0,1558100.0,162000.0,1344000
S07474,2025-10-12,V1111,D039,C02342,Delhi,8,74023.0,1126200.0,117300.0,993000
S07475,2024-08-23,V1068,D006,C01338,Rajasthan,9,29660.0,1289400.0,0.0,1365000
S07476,2025-10-15,V1234,D040,C01834,Telangana,7,75821.0,1111100.0,107200.0,976000
S07477,2025-05-21,V1032,D027,C02411,Karnataka,4,59328.0,1406600.0,84200.0,1178000
S07478,2024-08-31,V1496,D030,C01733,West Bengal,9,45811.0,1194500.0,79500.0,1089000
S07479,2023-11-29,V1236,D039,C00884,Maharashtra,7,33322.0,1180200.0,103700.0,1180000
S07480,2025-06-06,V1499,D020,C02201,Gujarat,7,74205.0,2056600.0,58900.0,1876000
S07481,2022-09-29,V1441,D010,C02116,Rajasthan,7,95488.0,729900.0,106000.0,578000
S07482,2024-03-30,V1490,D002,C02346,Maharashtra,10,75827.0,1685700.0,78600.0,1632000
S07483,2025-04-06,V1272,D032,C01084,Telangana,9,50213.0,363000.0,15300.0,331000
S07484,2025-10-11,V1212,D016,C00702,Uttar Pradesh,8,63694.0,2268500.0,48700.0,2145000
S07485,2023-01-26,V1360,D005,C01049,Delhi,7,51648.0,1884500.0,177900.0,1634000
S07486,2022-05-18,V1041,D010,C01540,Delhi,8,115510.0,1072000.0,24600.0,1012000
S07487,2023-05-03,V1421,D007,C02458,Telangana,7,71722.0,1189000.0,59200.0,1031000
S07488,2025-06-16,V1162,D004,C01248,Rajasthan,5,113368.0,549600.0,52100.0,531000
S07489,2024-02-05,V1004,D040,C00269,Delhi,7,85013.0,982100.0,80000.0,863000
S07490,2022-03-23,V1119,D040,C01737,Uttar Pradesh,7,72741.0,1194500.0,156500.0,1116000
S07491,2022-06-24,V1122,D015,C00675,Gujarat,10,78628.0,794600.0,77700.0,656000
S07492,2023-05-11,V1008,D030,C01763,Gujarat,6,81538.0,932400.0,51900.0,857000
S07493_DUP,2023-05-16,V1335,D039,C00020,Gujarat,8,78971.0,1504100.0,17700.0,1552000
S07494,2022-07-17,V1048,D033,C00274,West Bengal,8,48885.0,557700.0,73800.0,523000
S07495,2023-12-23,V1424,D033,C00513,Maharashtra,10,34980.0,1048500.0,68900.0,999000
S07496,2023-12-02,V1227,D040,C02451,Kerala,9,63906.0,958000.0,73500.0,853000
S07497,2022-10-19,V1360,D026,C00664,Rajasthan,10,36971.0,1242700.0,38000.0,1206000
S07498,2022-12-06,V1170,D036,C00726,Maharashtra,8,110314.0,489100.0,46100.0,385000
S07499,2024-08-28,V1066,D025,C00991,West Bengal,5,67566.0,954000.0,140500.0,809000
S07500,2025-10-22,V1091,D004,C00010,Delhi,5,103821.0,1005500.0,98200.0,970000
S07501,2025-12-26,V1323,D029,C01574,Rajasthan,7,62579.0,1073700.0,134300.0,850000
S07502,2024-03-28,V1359,D032,C00808,Rajasthan,7,41979.0,627900.0,6900.0,596000
S07503,2022-02-26,V1134,D034,C00324,Kerala,6,60864.0,1679400.0,27000.0,1493000
S07504,2025-08-04,V1179,D037,C00882,Karnataka,7,85170.0,465600.0,54500.0,365000
S07505,2025-10-20,V1473,D030,C00936,Telangana,7,65228.0,549800.0,42600.0,522000
S07506,2023-02-11,V1426,D032,C00523,Gujarat,7,69729.0,689700.0,59000.0,640000
S07507,2023-08-08,V1207,D030,C01027,Karnataka,6,80989.0,1346200.0,60500.0,1427000
S07508,2022-02-07,V1121,D004,C01198,West Bengal,8,85017.0,918100.0,53700.0,824000
S07509,2025-03-16,V1151,D001,C02467,Gujarat,7,60677.0,1883100.0,183500.0,1936000
S07510,2025-02-07,V1270,D016,C01248,Tamil Nadu,6,90957.0,254600.0,27000.0,239000
S07511,2022-01-31,V1284,D015,C01959,Karnataka,8,67991.0,333800.0,24500.0,310000
S07512,2024-10-23,V1093,D034,C01541,Telangana,10,103565.0,787300.0,135100.0,588000
S07513,2023-08-25,V1033,D015,C00252,Gujarat,9,88556.0,532700.0,42300.0,489000
S07514,2024-03-07,V1248,D036,C01070,Uttar Pradesh,10,43223.0,1592700.0,119400.0,1431000
S07515,2022-11-15,V1399,D031,C02428,Delhi,5,86449.0,1028700.0,137700.0,1030000
S07516,2025-04-06,V1077,D017,C01073,Tamil Nadu,8,72964.0,725400.0,31800.0,673000
S07517,2023-08-14,V1205,D014,C00782,Delhi,6,97676.0,1006300.0,126700.0,860000
S07518,2025-05-12,V1081,D022,C02197,Gujarat,9,113297.0,545600.0,51100.0,481000
S07519,2022-08-05,V1122,D006,C02043,Karnataka,5,76842.0,926900.0,92900.0,811000
S07520,2024-05-08,V1307,D013,C00425,Maharashtra,5,60487.0,1368000.0,52100.0,1311000
S07521,2023-03-30,V1144,D006,C00964,Delhi,6,55996.0,1511000.0,319200.0,1208000
S07522,2025-11-12,V1132,D035,C02070,Maharashtra,9,49902.0,2315900.0,1200.0,2574000
S07523,2024-03-24,V1498,D002,C02301,Maharashtra,8,64320.0,2035000.0,16100.0,1987000
S07524,2024-11-17,V1087,D005,C00174,Karnataka,6,83783.0,998000.0,118100.0,889000
S07525,2022-05-06,V1095,D001,C01390,Rajasthan,7,77208.0,441800.0,1700.0,466000
S07526,2024-09-15,V1465,D037,C00961,West Bengal,6,83478.0,1225400.0,62600.0,1124000
S07527,2022-05-28,V1276,D037,C02055,Tamil Nadu,7,51683.0,392600.0,13000.0,379000
S07528,2023-06-13,V1022,D004,C01735,Kerala,8,86181.0,786300.0,56200.0,777000
S07529,2022-11-22,V1213,D030,C01324,Karnataka,8,86970.0,1544100.0,189700.0,1325000
S07530,2022-01-04,V1283,D040,C01389,Rajasthan,7,85458.0,393900.0,32400.0,335000
S07531,2024-05-06,V1127,D035,C01861,Tamil Nadu,8,59409.0,2080400.0,120400.0,1952000
S07532,2022-12-19,V1275,D013,C01271,Maharashtra,8,72861.0,422800.0,41400.0,366000
S07533,2024-01-19,V1325,D018,C00359,Kerala,10,121451.0,410800.0,28600.0,390000
S07534,2025-01-21,V1126,D004,C01677,Kerala,9,56667.0,965000.0,47400.0,907000
S07535,2022-09-18,V1407,D021,C00158,Delhi,9,48037.0,1021400.0,42300.0,1019000
S07536,2024-11-03,V1227,D013,C00852,West Bengal,6,68032.0,2295500.0,259100.0,2077000
S07537,2023-03-10,V1482,D039,C00615,Gujarat,8,79571.0,844100.0,69100.0,785000
S07538,2023-04-29,V1044,D009,C01385,Kerala,7,76617.0,1250400.0,154800.0,1173000
S07539,2024-04-22,V1163,D030,C01682,Kerala,10,96790.0,810400.0,54400.0,741000
S07540,2024-07-02,V1361,D038,C01852,Karnataka,8,52048.0,375700.0,33800.0,356000
S07541,2024-08-15,V1448,D034,C01608,Uttar Pradesh,9,34329.0,1087600.0,66700.0,995000
S07542,2022-10-13,V1111,D038,C00202,Uttar Pradesh,6,74517.0,466900.0,20700.0,433000
S07543,2024-04-26,V1491,D020,C01576,Gujarat,10,60496.0,1231900.0,89100.0,1207000
S07544,2023-01-21,V1097,D004,C01077,Kerala,6,126870.0,586300.0,88700.0,588000
S07545,2023-02-09,V1209,D016,C01891,Telangana,9,98229.0,1041200.0,46500.0,850000
S07546,2025-10-16,V1158,D024,C00338,Uttar Pradesh,5,83579.0,1267600.0,90600.0,1192000
S07547,2022-05-28,V1213,D023,C00788,Karnataka,8,101340.0,1056300.0,66600.0,1034000
S07548,2023-08-27,V1452,D034,C01310,Maharashtra,7,26336.0,1495200.0,125900.0,1272000
S07549,2023-10-04,V1367,D027,C01242,Tamil Nadu,7,35110.0,543600.0,57600.0,504000
S07550,2022-12-24,V1399,D026,C00104,Kerala,9,88106.0,1821200.0,284000.0,1426000
S07551,2025-02-21,V1127,D012,C00006,West Bengal,8,52903.0,2130600.0,0.0,2206000
S07552,2023-12-13,V1474,D009,C01153,Karnataka,6,41274.0,489600.0,52800.0,452000
S07553,2024-11-17,V1218,D022,C00375,Delhi,6,93431.0,607800.0,53000.0,503000
S07554,2023-07-20,V1326,D011,C00628,Uttar Pradesh,9,92615.0,1064800.0,125700.0,924000
S07555,2025-08-03,V1349,D037,C02189,Delhi,8,78256.0,1676700.0,0.0,1827000
S07556,2024-12-01,V1332,D011,C00349,Karnataka,7,71682.0,670800.0,54600.0,694000
S07557,2023-05-02,V1301,D022,C01240,Telangana,8,102140.0,863800.0,82600.0,818000
S07558,2025-11-06,V1241,D010,C00158,Uttar Pradesh,10,65592.0,1439900.0,167200.0,1272000
S07559,2025-06-17,V1324,D017,C02038,Kerala,7,57330.0,2300500.0,211600.0,1974000
S07560,2024-05-14,V1453,D017,C00517,Delhi,9,100840.0,1149600.0,122000.0,996000
S07561,2022-01-25,V1195,D008,C01666,Kerala,7,51823.0,771300.0,61600.0,677000
S07562,2024-05-13,V1256,D017,C01016,Gujarat,7,34254.0,2011300.0,57000.0,1849000
S07563,2024-10-06,V1091,D022,C01432,West Bengal,10,80712.0,873500.0,74900.0,824000
S07564,2023-06-18,V1178,D013,C00299,Kerala,9,117983.0,973300.0,193100.0,874000
S07565,2022-07-30,V1387,D029,C01657,Telangana,10,100729.0,1825800.0,219800.0,1702000
S07566,2024-04-04,V1321,D030,C00938,Maharashtra,5,108711.0,1301800.0,89700.0,1078000
S07567,2025-03-17,V1106,D037,C02325,Rajasthan,8,82980.0,1045900.0,168400.0,909000
S07568,2023-04-12,V1274,D030,C02046,Uttar Pradesh,7,92505.0,420700.0,37700.0,416000
S07569,2023-10-29,V1406,D024,C01428,Maharashtra,8,74047.0,640100.0,81900.0,524000
S07570,2022-01-02,V1063,D022,C02412,Tamil Nadu,7,63368.0,2354300.0,162400.0,2187000
S07571,2024-10-25,V1031,D005,C00771,West Bengal,7,67984.0,727600.0,45700.0,652000
S07572,2025-06-19,V1197,D021,C01981,Kerala,6,83214.0,806300.0,55700.0,709000
S07573,2025-02-08,V1329,D026,C00093,Kerala,10,98682.0,1243500.0,72700.0,1163000
S07574,2023-09-20,V1157,D018,C00675,Kerala,7,123564.0,1189100.0,33400.0,1239000
S07575,2022-03-07,V1411,D032,C01907,Gujarat,8,42908.0,2162700.0,146800.0,2147000
S07576,2023-12-20,V1424,D006,C00675,Karnataka,9,35374.0,1503000.0,45100.0,1302000
S07577,2025-10-05,V1267,D018,C01422,Karnataka,9,73622.0,386600.0,29400.0,358000
S07578,2022-05-02,V1190,D029,C01438,Uttar Pradesh,6,72087.0,970100.0,6900.0,936000
S07579,2022-11-09,V1021,D011,C00020,Gujarat,8,101639.0,553700.0,61100.0,470000
S07580,2025-05-08,V1411,D003,C00904,Telangana,9,50060.0,1852800.0,232000.0,1548000
S07581,2024-04-10,V1448,D012,C00256,Tamil Nadu,5,23118.0,1275500.0,15600.0,1251000
S07582,2022-09-06,V1222,D022,C00702,Uttar Pradesh,9,76278.0,1265700.0,27900.0,1069000
S07583,2022-02-05,V1259,D023,C00075,Karnataka,9,41379.0,1060900.0,45800.0,987000
S07584,2023-08-23,V1377,D010,C02048,Rajasthan,7,79526.0,456000.0,63300.0,385000
S07585,2024-05-19,V1348,D017,C02153,Uttar Pradesh,8,35161.0,2229600.0,241400.0,2081000
S07586,2025-05-12,V1068,D022,C00872,Delhi,8,42295.0,2637400.0,271000.0,2240000
S07587,2025-07-15,V1337,D039,C00359,Telangana,8,97506.0,1310400.0,90600.0,1182000
S07588,2023-10-31,V1463,D011,C00631,Rajasthan,4,50397.0,1556600.0,72500.0,1471000
S07589,2023-09-10,V1376,D036,C00301,Maharashtra,7,26975.0,667500.0,49300.0,637000
S07590,2025-09-22,V1241,D002,C00891,Gujarat,8,73289.0,1560400.0,226600.0,1276000
S07591,2025-02-09,V1262,D002,C00619,Rajasthan,6,98384.0,367200.0,30100.0,348000
S07592,2022-11-02,V1130,D030,C00206,West Bengal,8,72863.0,1700400.0,132200.0,1468000
S07593,2024-09-22,V1331,D001,C01880,Karnataka,8,84907.0,1737300.0,197600.0,1480000
S07594,2024-11-10,V1121,D035,C00432,Maharashtra,7,75244.0,1287100.0,261300.0,1092000
S07595,2022-12-08,V1171,D009,C01886,Karnataka,6,104922.0,851500.0,0.0,870000
S07596,2025-11-29,V1133,D038,C01873,Maharashtra,5,101128.0,1483500.0,132400.0,1444000
S07597,2023-03-10,V1168,D010,C02442,Telangana,8,82156.0,1182000.0,116600.0,1063000
S07598,2024-03-13,V1184,D035,C01151,Kerala,7,33319.0,2296800.0,131000.0,2025000
S07599,2023-12-23,V1042,D015,C02231,Uttar Pradesh,10,99190.0,595000.0,87900.0,414000
S07600,2024-10-08,V1359,D008,C00451,Gujarat,9,52600.0,2274800.0,196000.0,2037000
S07601,2025-08-10,V1221,D011,C01734,Maharashtra,6,78008.0,1531300.0,197500.0,1264000
S07602,2023-07-29,V1475,D039,C00068,West Bengal,8,42657.0,903400.0,59100.0,783000
S07603,2023-07-16,V1091,D009,C01229,Uttar Pradesh,6,106480.0,967600.0,67900.0,843000
S07604,2025-01-02,V1335,D022,C01451,Maharashtra,8,81096.0,1857700.0,298200.0,1477000
S07605,2025-10-23,V1090,D031,C01907,Karnataka,8,102626.0,565400.0,94900.0,469000
S07606,2025-08-20,V1274,D011,C02398,Karnataka,8,89038.0,375100.0,41500.0,328000
S07607,2025-01-04,V1246,D033,C00438,Maharashtra,7,57264.0,1179500.0,72000.0,1031000
S07608,2024-10-24,V1225,D005,C01592,West Bengal,8,77880.0,874700.0,115100.0,867000
S07609,2025-01-28,V1328,D036,C01153,Telangana,6,57874.0,995500.0,49400.0,936000
S07610,2025-09-29,V1415,D014,C01000,West Bengal,8,57956.0,1742000.0,88600.0,1532000
S07611,2022-01-16,V1159,D038,C00283,Telangana,7,66621.0,2067000.0,235700.0,1750000
S07612,2024-05-10,V1425,D007,C01917,Kerala,7,66665.0,1272900.0,71200.0,1115000
S07613,2022-02-19,V1093,D017,C00665,Uttar Pradesh,5,112414.0,307200.0,37900.0,279000
S07614,2024-04-23,V1147,D029,C00568,Telangana,8,78086.0,974200.0,62000.0,872000
S07615,2023-07-31,V1156,D032,C02009,Telangana,6,60762.0,928600.0,64200.0,810000
S07616,2023-03-22,V1477,D021,C00396,Karnataka,6,78186.0,734900.0,41000.0,659000
S07617,2025-07-25,V1060,D032,C01621,Telangana,9,65432.0,1625600.0,101600.0,1523000
S07618,2024-11-02,V1198,D009,C01541,Gujarat,9,93094.0,521500.0,75600.0,451000
S07619,2024-04-08,V1213,D006,C00673,Uttar Pradesh,7,109069.0,691300.0,102800.0,616000
S07620,2025-07-12,V1401,D007,C01971,Karnataka,8,89128.0,1460200.0,181900.0,1137000
S07621,2022-05-24,V1243,D011,C01040,Telangana,7,54707.0,649600.0,68000.0,613000
S07622,2024-08-02,V1484,D026,C01887,Delhi,10,57889.0,2321300.0,174900.0,2151000
S07623,2022-08-17,V1371,D034,C01398,Rajasthan,7,41769.0,512600.0,84400.0,418000
S07624,2022-12-07,V1352,D017,C00995,Maharashtra,6,35224.0,887900.0,73700.0,836000
S07625,2022-09-28,V1377,D008,C01602,Gujarat,8,72114.0,383000.0,13200.0,383000
S07626,2024-03-05,V1081,D005,C01057,Telangana,7,118975.0,372500.0,47200.0,332000
S07627,2024-07-08,V1225,D029,C01151,Maharashtra,6,64894.0,890100.0,114000.0,825000
S07628,2025-01-09,V1294,D016,C01131,Delhi,10,107012.0,367600.0,51900.0,336000
S07629,2023-10-06,V1105,D022,C00065,West Bengal,7,111618.0,980100.0,158300.0,837000
S07630,2025-10-04,V1060,D015,C00782,Telangana,8,61641.0,1729300.0,125700.0,1713000
S07631,2023-06-30,V1068,D009,C00470,Uttar Pradesh,8,56356.0,2387500.0,222700.0,2355000
S07632,2022-08-17,V1395,D008,C00997,Tamil Nadu,6,102125.0,1600500.0,104200.0,1438000
S07633,2022-02-23,V1329,D025,C02114,Tamil Nadu,6,94117.0,446200.0,72300.0,297000
S07634,2022-07-06,V1141,D022,C01720,Uttar Pradesh,6,89530.0,843600.0,49200.0,740000
S07635,2023-10-13,V1369,D014,C02081,Delhi,6,55516.0,471500.0,0.0,484000
S07636,2023-08-27,V1348,D021,C00252,Maharashtra,8,46416.0,1114100.0,47600.0,1066000
S07637,2025-06-02,V1409,D014,C02012,Karnataka,10,83156.0,1026400.0,48200.0,973000
S07638,2022-07-03,V1456,D006,C02463,West Bengal,8,62873.0,1936800.0,177200.0,1680000
S07639,2023-01-19,V1442,D034,C01050,Gujarat,6,68127.0,1900700.0,65000.0,1778000
S07640,2025-12-03,V1091,D012,C01804,West Bengal,6,91770.0,787500.0,68400.0,719000
S07641,2022-02-11,V1385,D012,C01650,Maharashtra,10,134290.0,895300.0,154200.0,616000
S07642,2023-09-12,V1197,D024,C01827,West Bengal,6,74658.0,664300.0,46200.0,581000
S07643,2022-10-17,V1202,D006,C01047,Rajasthan,8,74979.0,1452200.0,183400.0,1281000
S07644,2024-02-19,V1324,D029,C00438,Maharashtra,9,64400.0,2281000.0,239800.0,2158000
S07645,2025-11-23,V1302,D037,C02045,Uttar Pradesh,6,74095.0,1229600.0,39300.0,1279000
S07646,2022-11-28,V1210,D038,C02398,West Bengal,7,82817.0,1013000.0,52500.0,925000
S07647,2023-06-26,V1500,D024,C01241,Maharashtra,7,46258.0,1359300.0,58000.0,1301000
S07648,2023-10-19,V1088,D003,C02409,Tamil Nadu,6,69454.0,893400.0,82700.0,783000
S07649,2025-03-12,V1049,D007,C01789,Rajasthan,8,121525.0,387800.0,12600.0,418000
S07650,2025-12-09,V1015,D003,C01223,Gujarat,10,98662.0,986300.0,51200.0,968000
S07651,2022-05-22,V1408,D035,C00523,Uttar Pradesh,6,46705.0,2533800.0,142500.0,2279000
S07652,2023-12-15,V1204,D025,C00711,Telangana,6,52960.0,1275400.0,47800.0,1287000
S07653,2025-01-04,V1219,D039,C00492,Uttar Pradesh,8,78139.0,1585200.0,10000.0,1601000
S07654,2022-01-13,V1325,D026,C02195,Telangana,7,96375.0,1435700.0,101500.0,1359000
S07655,2025-03-23,V1218,D024,C00875,Tamil Nadu,9,91699.0,1111000.0,112200.0,931000
S07656,2022-12-21,V1287,D029,C01499,Telangana,6,98696.0,233100.0,10700.0,175000
S07657,2024-01-28,V1030,D035,C02083,Kerala,8,87521.0,643200.0,67100.0,552000
S07658,2025-11-30,V1079,D025,C02438,Tamil Nadu,7,67060.0,1869200.0,70700.0,1806000
S07659,2024-07-16,V1467,D039,C02380,Gujarat,6,46791.0,1079900.0,67800.0,1030000
S07660,2025-12-16,V1226,D011,C02467,Telangana,10,81311.0,1260200.0,126200.0,1121000
S07661,2024-05-31,V1084,D004,C01750,Tamil Nadu,10,80566.0,1108700.0,73400.0,1090000
S07662,2022-11-04,V1185,D007,C00946,Maharashtra,8,85795.0,812100.0,60800.0,800000
S07663,2024-10-08,V1168,D035,C00463,Tamil Nadu,7,76185.0,637300.0,23600.0,639000
S07664,2024-06-17,V1138,D011,C00308,West Bengal,8,63584.0,1270600.0,145300.0,1152000
S07665,2023-03-30,V1147,D031,C00451,Delhi,5,92764.0,1924300.0,101500.0,1708000
S07666,2022-04-23,V1365,D025,C02030,Gujarat,10,62979.0,439600.0,26900.0,424000
S07667,2024-08-05,V1054,D010,C01874,Uttar Pradesh,7,119146.0,800400.0,42000.0,741000
S07668,2024-04-23,V1155,D006,C00752,Rajasthan,5,70398.0,1189400.0,122000.0,1171000
S07669,2025-02-04,V1234,D038,C02131,Tamil Nadu,9,60808.0,1047200.0,47800.0,921000
S07670,2022-07-03,V1271,D018,C00929,Gujarat,10,77343.0,354100.0,42500.0,327000
S07671,2024-02-27,V1441,D032,C01416,Tamil Nadu,9,91258.0,506900.0,33000.0,497000
S07672,2025-04-11,V1462,D026,C00381,Maharashtra,6,45442.0,668300.0,41400.0,648000
S07673,2025-07-26,V1149,D030,C01797,Karnataka,8,101703.0,1523900.0,149700.0,1195000
S07674,2025-10-04,V1270,D025,C01149,Maharashtra,8,91156.0,461900.0,55600.0,393000
S07675,2022-11-06,V1012,D021,C00351,West Bengal,8,76644.0,649000.0,34900.0,636000
S07676,2022-09-10,V1309,D040,C00755,Telangana,8,88044.0,476700.0,2500.0,507000
S07677,2024-04-21,V1077,D001,C02076,West Bengal,9,85885.0,1323100.0,0.0,1475000
S07678,2023-11-08,V1037,D037,C01921,Delhi,6,95756.0,621100.0,55100.0,557000
S07679,2022-12-09,V1336,D039,C01105,Tamil Nadu,9,53219.0,1987100.0,168500.0,1725000
S07680,2022-05-30,V1090,D023,C00996,West Bengal,8,115196.0,751800.0,32900.0,658000
S07681,2022-07-29,V1239,D031,C00065,Delhi,5,43571.0,692900.0,51800.0,565000
S07682,2023-05-11,V1051,D025,C00901,Uttar Pradesh,8,85088.0,680300.0,96000.0,620000
S07683,2024-12-16,V1373,D017,C00533,Uttar Pradesh,9,78662.0,304700.0,19200.0,255000
S07684,2022-04-06,V1383,D016,C00096,Rajasthan,3,91795.0,1261800.0,109600.0,1105000
S07685,2022-06-03,V1288,D011,C01723,Delhi,8,69060.0,272400.0,26800.0,227000
S07686,2023-01-22,V1418,D022,C01059,Kerala,10,74992.0,1381800.0,35600.0,1222000
S07687,2025-06-30,V1219,D036,C01346,Tamil Nadu,9,67637.0,1049600.0,88400.0,941000
S07688,2025-12-17,V1094,D013,C01831,Gujarat,8,86212.0,747900.0,90800.0,658000
S07689,2023-10-06,V1076,D029,C00942,Gujarat,5,45546.0,2550500.0,190500.0,2411000
S07690,2022-03-07,V1110,D005,C01538,Rajasthan,4,88121.0,801100.0,146700.0,649000
S07691,2022-01-18,V1101,D010,C02234,Kerala,7,85873.0,740100.0,84200.0,650000
S07692,2025-06-08,V1162,D030,C01408,Karnataka,10,94055.0,768000.0,12000.0,709000
S07693,2023-10-12,V1108,D001,C00178,Kerala,5,61062.0,1023700.0,55700.0,1000000
S07694,2022-04-24,V1296,D029,C01834,Telangana,6,64980.0,288100.0,27700.0,213000
S07695,2025-05-02,V1075,D014,C02234,Tamil Nadu,9,48630.0,1347400.0,53400.0,1298000
S07696,2024-02-12,V1311,D029,C02393,Maharashtra,7,53218.0,2049600.0,78500.0,2041000
S07697,2023-05-26,V1168,D018,C01881,Maharashtra,7,91517.0,1093400.0,114200.0,847000
S07698,2023-10-23,V1344,D039,C00626,West Bengal,9,40531.0,1436800.0,39000.0,1350000
S07699,2022-11-25,V1257,D039,C00597,West Bengal,7,80124.0,687000.0,12700.0,632000
S07700,2025-09-23,V1453,D030,C00807,Delhi,7,78749.0,1719300.0,116600.0,1715000
S07701,2025-02-24,V1220,D032,C02204,West Bengal,6,53957.0,2076300.0,154200.0,1865000
S07702,2022-10-18,V1148,D008,C01629,Uttar Pradesh,9,75133.0,633700.0,75800.0,562000
S07703,2024-12-09,V1295,D029,C01087,West Bengal,7,78367.0,246200.0,24100.0,220000
S07704,2022-09-20,V1330,D015,C01551,Tamil Nadu,9,92187.0,653800.0,25000.0,573000
S07705,2023-10-25,V1220,D021,C00120,Maharashtra,8,59039.0,901800.0,81900.0,832000
S07706,2024-12-29,V1280,D033,C01207,Telangana,6,64560.0,390000.0,19100.0,331000
S07707,2022-02-23,V1236,D013,C01254,Maharashtra,8,41835.0,1538700.0,136300.0,1309000
S07708,2024-11-26,V1153,D007,C02395,Delhi,5,106844.0,1160100.0,90700.0,1010000
S07709,2022-11-27,V1157,D023,C01316,Maharashtra,7,103710.0,826900.0,34300.0,695000
S07710,2024-10-18,V1454,D040,C01730,Uttar Pradesh,10,65520.0,1730400.0,94600.0,1384000
S07711,2023-12-31,V1338,D030,C01544,Karnataka,9,79964.0,1658500.0,90900.0,1396000
S07712,2022-02-08,V1048,D024,C01244,Uttar Pradesh,5,77598.0,1885100.0,338200.0,1502000
S07713,2025-01-18,V1482,D026,C00821,Telangana,9,79894.0,2011300.0,123000.0,1840000
S07714,2023-01-15,V1357,D010,C02399,Tamil Nadu,7,89217.0,1701800.0,127100.0,1582000
S07715,2025-10-23,V1026,D024,C01033,Tamil Nadu,9,86845.0,1237600.0,92500.0,1142000
S07716,2025-05-12,V1364,D030,C00927,Karnataka,7,30585.0,381100.0,24900.0,361000
S07717,2022-10-09,V1295,D016,C02474,Gujarat,8,84738.0,433800.0,73900.0,338000
S07718,2024-05-27,V1458,D015,C02093,Gujarat,5,60240.0,1031000.0,99900.0,949000
S07719,2023-06-13,V1245,D005,C00716,Karnataka,9,72035.0,908800.0,0.0,959000
S07720,2024-05-29,V1260,D037,C00165,Delhi,7,40509.0,1712600.0,75300.0,1677000
S07721,2024-03-24,V1158,D024,C02448,Gujarat,10,79600.0,1284300.0,39700.0,1218000
S07722,2023-03-09,V1161,D033,C00108,Delhi,6,112870.0,769600.0,81200.0,706000
S07723,2024-08-09,V1309,D012,C00375,Uttar Pradesh,9,105025.0,1755600.0,137100.0,1594000
S07724,2023-01-16,V1414,D032,C01552,Rajasthan,8,88035.0,1761700.0,80100.0,1718000
S07725,2025-08-18,V1446,D006,C00727,Kerala,10,71268.0,2013800.0,349500.0,1568000
S07726,2025-10-14,V1386,D011,C00891,Maharashtra,7,108375.0,1452300.0,0.0,1342000
S07727,2022-08-31,V1305,D037,C00955,Telangana,10,74331.0,1818600.0,121700.0,1769000
S07728,2024-11-29,V1251,D018,C00251,Uttar Pradesh,9,38127.0,1976100.0,145100.0,1910000
S07729,2025-09-19,V1170,D005,C01810,Tamil Nadu,10,101925.0,903300.0,39600.0,849000
S07730,2022-07-05,V1384,D004,C00917,Delhi,8,68505.0,2030400.0,342500.0,1720000
S07731,2024-12-16,V1160,D002,C00736,Gujarat,8,61343.0,1311100.0,155100.0,1169000
S07732,2025-10-01,V1134,D005,C01577,Delhi,6,72103.0,743200.0,46600.0,697000
S07733,2022-11-25,V1434,D040,C00649,Tamil Nadu,9,65475.0,1109600.0,103400.0,900000
S07734,2024-04-30,V1295,D039,C02496,West Bengal,7,98731.0,289800.0,29200.0,210000
S07735,2025-03-11,V1178,D024,C02132,Telangana,7,110968.0,874300.0,101600.0,738000
S07736,2023-05-03,V1433,D028,C02029,Uttar Pradesh,9,65063.0,1124200.0,65800.0,986000
S07737,2022-12-14,V1482,D014,C01569,Uttar Pradesh,6,68239.0,875300.0,36300.0,829000
S07738,2023-08-04,V1159,D040,C00985,Delhi,8,55633.0,1543200.0,60100.0,1581000
S07739,2023-05-06,V1261,D001,C02478,Kerala,6,99943.0,280300.0,55200.0,241000
S07740,2024-11-25,V1242,D005,C01889,Uttar Pradesh,10,53983.0,924700.0,19200.0,884000
S07741,2023-06-26,V1351,D039,C01265,Karnataka,8,62302.0,1595700.0,191200.0,1422000
S07742,2023-07-04,V1476,D002,C01825,Karnataka,7,16641.0,1653400.0,222700.0,1448000
S07743,2025-10-11,V1275,D020,C00707,Maharashtra,4,92648.0,528900.0,21600.0,479000
S07744,2024-04-25,V1400,D028,C01498,Karnataka,10,68162.0,2138600.0,200.0,2088000
S07745,2025-09-19,V1298,D035,C01955,Tamil Nadu,8,101539.0,254900.0,32100.0,237000
S07746,2024-11-04,V1444,D011,C01392,Tamil Nadu,7,37753.0,2063700.0,109900.0,2007000
S07747,2025-07-17,V1203,D036,C00718,Kerala,7,84242.0,1731900.0,35900.0,1976000
S07748,2022-10-13,V1193,D006,C00659,Maharashtra,8,81105.0,1404800.0,142200.0,1176000
S07749,2025-10-02,V1212,D040,C02200,Uttar Pradesh,8,56413.0,944800.0,0.0,911000
S07750,2025-10-11,V1499,D028,C00416,Maharashtra,7,48098.0,1646000.0,156300.0,1432000
S07751,2022-03-01,V1306,D028,C01464,Tamil Nadu,5,71870.0,1881800.0,49800.0,1959000
S07752,2023-06-05,V1077,D003,C02320,Gujarat,8,89611.0,1768000.0,241500.0,1504000
S07753,2023-08-27,V1021,D030,C01012,Gujarat,8,93756.0,927200.0,93700.0,760000
S07754,2023-09-05,V1260,D023,C01632,Delhi,6,34165.0,2108000.0,221400.0,2064000
S07755,2025-02-11,V1403,D040,C01267,Maharashtra,6,69824.0,1332200.0,0.0,1417000
S07756,2024-10-17,V1240,D040,C00790,Delhi,7,39461.0,2138800.0,111100.0,2026000
S07757,2022-11-08,V1281,D030,C00303,Delhi,8,112583.0,219800.0,43100.0,192000
S07758,2024-06-08,V1400,D005,C00151,Kerala,7,49473.0,1023400.0,87900.0,1040000
S07759,2025-11-24,V1259,D018,C02063,Rajasthan,8,38497.0,701900.0,49700.0,635000
S07760,2023-10-06,V1455,D021,C02142,Kerala,6,54240.0,1026000.0,25100.0,1078000
S07761,2025-09-18,V1319,D037,C01924,Maharashtra,5,46912.0,1887100.0,112300.0,1743000
S07762,2024-08-07,V1366,D015,C01104,Gujarat,9,62483.0,340600.0,14800.0,318000
S07763,2025-09-13,V1391,D034,C00296,KARNATAKA,7,77562.0,975400.0,45000.0,851000
S07764,2025-08-12,V1314,D008,C00818,Kerala,8,65153.0,856100.0,119400.0,739000
S07765,2022-01-25,V1026,D027,C01905,Karnataka,8,93393.0,648700.0,56200.0,549000
S07766,2025-03-15,V1214,D006,C01857,Telangana,4,76085.0,581500.0,0.0,562000
S07767,2022-10-04,V1071,D035,C00975,West Bengal,9,60604.0,1669200.0,137300.0,1613000
S07768,2025-04-19,V1256,D005,C00972,Delhi,8,30765.0,2041400.0,156000.0,2134000
S07769,2025-03-26,V1072,D027,C00265,Uttar Pradesh,8,32788.0,2670000.0,229200.0,2419000
S07770,2023-01-13,V1255,D030,C01139,Telangana,7,33901.0,1358500.0,111800.0,1226000
S07771,2022-04-07,V1172,D010,C02166,Tamil Nadu,7,90631.0,792000.0,15000.0,740000
S07772,2023-09-05,V1011,D030,C00109,Gujarat,8,102797.0,458600.0,23200.0,429000
S07773,2023-03-19,V1063,D016,C01344,Karnataka,8,54842.0,2386200.0,161900.0,2212000
S07774,2024-03-20,V1252,D021,C02128,Kerala,8,19003.0,1100300.0,59800.0,1062000
S07775,2022-04-30,V1040,D019,C02083,Delhi,10,52149.0,1527200.0,92100.0,1530000
S07776,2022-03-06,V1428,D021,C02216,Tamil Nadu,9,26793.0,926500.0,63300.0,831000
S07777,2023-10-01,V1380,D006,C02014,Tamil Nadu,9,29685.0,674600.0,0.0,676000
S07778,2025-01-29,V1355,D009,C02333,Karnataka,8,53396.0,696200.0,55200.0,633000
S07779,2023-04-06,V1087,D003,C01828,Delhi,7,88118.0,722100.0,123400.0,640000
S07780,2023-04-18,V1398,D028,C00028,Telangana,8,106604.0,1471400.0,131600.0,1461000
S07781,2022-08-28,V1318,D001,C01103,Tamil Nadu,9,65359.0,1301600.0,109700.0,1066000
S07782,2023-02-17,V1196,D017,C00338,Uttar Pradesh,7,24007.0,1986300.0,88300.0,1862000
S07783,2023-03-13,V1001,D016,C01555,Tamil Nadu,6,132993.0,538300.0,115600.0,475000
S07784,2023-01-14,V1265,D030,C00094,Uttar Pradesh,10,87821.0,374700.0,27900.0,363000
S07785,2023-05-18,V1398,D029,C00298,Gujarat,10,98501.0,909900.0,171200.0,787000
S07786,2023-02-19,V1017,D015,C01759,Karnataka,6,140212.0,910400.0,129800.0,804000
S07787,2024-09-21,V1027,D017,C01329,Delhi,10,68989.0,1045600.0,102900.0,1063000
S07788,2023-05-09,V1192,D014,C02490,Telangana,4,32597.0,1404700.0,105300.0,1366000
S07789,2025-01-07,V1256,D027,C01692,Delhi,6,37612.0,2266900.0,191100.0,1999000
S07790,2024-06-02,V1238,D019,C00349,Telangana,8,80489.0,1997600.0,144800.0,1743000
S07791,2024-07-24,V1214,D020,C00694,Uttar Pradesh,7,80030.0,1279600.0,203600.0,1226000
S07792,2024-05-02,V1128,D017,C00364,Telangana,6,31043.0,1739400.0,0.0,1748000
S07793,2025-09-10,V1030,D001,C01781,Gujarat,7,75422.0,504700.0,70400.0,464000
S07794,2023-01-09,V1016,D005,C02006,Telangana,10,61743.0,679100.0,18400.0,663000
S07795,2025-12-06,V1050,D007,C00101,Maharashtra,6,113110.0,695400.0,98000.0,612000
S07796,2022-10-29,V1346,D028,C01893,Maharashtra,6,89752.0,1300200.0,117300.0,1116000
S07797,2022-07-21,V1393,D024,C01738,Tamil Nadu,10,128316.0,1262300.0,160000.0,975000
S07798,2025-04-22,V1218,D010,C01134,Delhi,7,84683.0,663100.0,42100.0,579000
S07799,2025-08-01,V1039,D027,C01260,Tamil Nadu,6,75278.0,565400.0,37300.0,534000
S07800,2022-05-16,V1208,D008,C01624,West Bengal,9,49399.0,1427300.0,119600.0,1272000
S07801,2024-05-26,V1493,D021,C01848,Karnataka,9,78474.0,1072000.0,22400.0,919000
S07802,2024-01-20,V1125,D039,C01589,Delhi,5,92719.0,533100.0,2000.0,548000
S07803,2022-11-18,V1246,D019,C00011,West Bengal,7,68582.0,1935500.0,92900.0,1980000
S07804,2024-01-31,V1269,D008,C00472,West Bengal,8,103556.0,212600.0,46100.0,185000
S07805,2024-09-28,V1165,D015,C00287,Rajasthan,10,108682.0,503500.0,51500.0,455000
S07806,2024-04-18,V1220,D029,C01153,Telangana,8,61102.0,890800.0,77000.0,829000
S07807,2024-01-30,V1236,D005,C01968,Gujarat,8,41258.0,1967100.0,114800.0,1802000
S07808,2025-07-17,V1237,D033,C01215,Uttar Pradesh,9,84625.0,549900.0,43700.0,500000
S07809,2022-11-26,V1359,D026,C00285,Rajasthan,10,67428.0,1886100.0,129100.0,1834000
S07810,2024-06-30,V1291,D030,C00608,Karnataka,5,81770.0,430000.0,43700.0,398000
S07811,2023-04-08,V1027,D040,C01489,West Bengal,7,62258.0,827700.0,91400.0,799000
S07812,2025-11-23,V1004,D003,C01747,Karnataka,7,101394.0,536800.0,16400.0,439000
S07813,2023-01-03,V1206,D037,C02113,Karnataka,8,78606.0,1112000.0,101500.0,1058000
S07814,2025-06-27,V1454,D001,C01667,West Bengal,6,70329.0,1180300.0,62800.0,1163000
S07815,2024-07-12,V1019,D009,C01402,Delhi,9,96938.0,973400.0,10700.0,946000
S07816,2022-11-10,V1036,D028,C02439,Telangana,5,65199.0,596800.0,19800.0,614000
S07817,2025-01-13,V1340,D039,C00491,Tamil Nadu,7,63846.0,2240500.0,130300.0,2135000
S07818,2022-12-19,V1226,D002,C02057,Delhi,5,71519.0,1336900.0,128200.0,1221000
S07819,2023-01-19,V1116,D023,C01513,Uttar Pradesh,8,70541.0,742800.0,43500.0,794000
S07820,2023-05-19,V1104,D006,C01421,Gujarat,10,49330.0,1271500.0,46200.0,1142000
S07821,2024-09-23,V1333,D018,C02370,West Bengal,7,101187.0,1275100.0,29800.0,1380000
S07822,2023-07-27,V1262,D017,C01006,Delhi,8,96892.0,423600.0,8900.0,405000
S07823,2024-04-11,V1320,D035,C02022,Rajasthan,7,42503.0,1859900.0,137300.0,1732000
S07824,2024-03-18,V1141,D028,C01548,Delhi,9,90306.0,1337000.0,105600.0,1249000
S07825,2022-10-15,V1264,D033,C01957,Maharashtra,9,65411.0,520700.0,0.0,523000
S07826,2022-12-06,V1431,D014,C00495,Maharashtra,9,48176.0,897400.0,56800.0,875000
S07827,2023-03-25,V1159,D009,C01705,Gujarat,6,81840.0,822500.0,50300.0,805000
S07828,2022-11-21,V1199,D026,C00645,Uttar Pradesh,7,42092.0,1923900.0,132600.0,1804000
S07829,2025-09-04,V1082,D033,C00009,Rajasthan,8,105162.0,721000.0,69100.0,654000
S07830,2023-07-12,V1320,D037,C01618,Telangana,5,38238.0,1352600.0,82500.0,1351000
S07831,2023-08-15,V1017,D017,C00071,Tamil Nadu,10,131127.0,546100.0,42900.0,601000
S07832,2024-09-08,V1125,D037,C02202,Uttar Pradesh,7,77995.0,535400.0,84200.0,469000
S07833,2025-02-25,V1357,D021,C00467,Karnataka,6,86371.0,916500.0,87300.0,688000
S07834,2024-10-02,V1010,D004,C00688,Uttar Pradesh,7,99850.0,591700.0,24200.0,651000
S07835,2024-03-16,V1495,D037,C01185,Uttar Pradesh,5,58219.0,1282200.0,95000.0,1218000
S07836,2025-11-27,V1203,D035,C00117,Tamil Nadu,8,68561.0,1363900.0,0.0,1405000
S07837,2025-08-07,V1200,D018,C01205,Telangana,6,57460.0,1968500.0,209300.0,1656000
S07838,2022-10-23,V1269,D028,C00610,Maharashtra,10,88756.0,321600.0,54500.0,267000
S07839,2022-08-22,V1320,D027,C02324,Karnataka,6,47779.0,1187900.0,17700.0,1224000
S07840,2023-07-28,V1230,D009,C00880,Telangana,8,63177.0,1390100.0,143500.0,1227000
S07841,2025-05-05,V1443,D007,C00918,Gujarat,5,68708.0,1646000.0,119000.0,1633000
S07842,2025-11-10,V1482,D014,C02027,West Bengal,5,83533.0,895300.0,81800.0,824000
S07843,2024-10-23,V1101,D012,C02253,Karnataka,9,119549.0,895900.0,151700.0,733000
S07844,2024-10-05,V1354,D022,C00612,Rajasthan,10,83735.0,741700.0,138800.0,611000
S07845,2022-12-08,V1151,D029,C00124,,7,74054.0,1694800.0,255700.0,1385000
S07846,2024-05-15,V1498,D039,C00681,Tamil Nadu,7,74835.0,885800.0,136000.0,784000
S07847,2022-09-27,V1127,D018,C00138,Tamil Nadu,7,42315.0,1276400.0,63500.0,1030000
S07848,2024-02-28,V1148,D016,C02191,Rajasthan,5,70550.0,605400.0,28600.0,612000
S07849,2022-10-11,V1358,D033,C00727,Maharashtra,8,73503.0,674700.0,27000.0,699000
S07850,2022-04-21,V1395,D038,C01817,Delhi,7,94867.0,1518900.0,0.0,1761000
S07851,2025-11-14,V1065,D018,C01390,Rajasthan,8,73216.0,1092200.0,99500.0,1040000
S07852,2025-07-29,V1278,D008,C01665,Kerala,6,98238.0,254400.0,21400.0,266000
S07853,2024-09-28,V1173,D018,C01026,Uttar Pradesh,6,114996.0,311600.0,51700.0,245000
S07854,2024-07-02,V1306,D032,C02482,Maharashtra,6,86878.0,538000.0,52100.0,476000
S07855,2022-12-17,V1279,D016,C00777,Delhi,7,81297.0,504300.0,18600.0,495000
S07856,2024-04-15,V1493,D005,C01929,Kerala,6,95414.0,667900.0,98000.0,555000
S07857,2024-12-28,V1467,D023,C01539,Telangana,9,27722.0,633500.0,36900.0,546000
S07858,2024-02-28,V1327,D029,C00900,Tamil Nadu,10,81929.0,1107800.0,75400.0,980000
S07859,2023-02-16,V1340,D019,C01411,Kerala,9,48915.0,737600.0,117500.0,578000
S07860,2023-07-27,V1450,D030,C02370,Gujarat,7,70430.0,1275900.0,283800.0,974000
S07861,2025-05-13,V1092,D018,C01709,Tamil Nadu,6,71946.0,921100.0,52700.0,897000
S07862,2023-01-08,V1363,D017,C00315,Kerala,7,53211.0,561300.0,39800.0,522000
S07863,2025-11-05,V1387,D033,C00663,Uttar Pradesh,7,89505.0,671300.0,0.0,684000
S07864,2025-01-08,V1064,D039,C00933,Telangana,9,36781.0,1367300.0,123200.0,1311000
S07865,2025-07-24,V1441,D011,C01909,West Bengal,7,92746.0,1402400.0,58000.0,1334000
S07866,2024-01-15,V1350,D006,C01748,Rajasthan,6,67528.0,1243200.0,133000.0,1080000
S07867,2022-11-23,V1174,D019,C00859,Tamil Nadu,7,92256.0,941000.0,131900.0,776000
S07868,2022-02-19,V1243,D016,C02205,Kerala,6,55690.0,1556000.0,38000.0,1507000
S07869,2024-02-21,V1245,D002,C01361,Uttar Pradesh,7,54610.0,1723500.0,142700.0,1503000
S07870,2023-08-07,V1460,D012,C01625,Kerala,10,49541.0,964000.0,15300.0,953000
S07871,2022-06-16,V1485,D009,C01259,Kerala,10,88268.0,1684100.0,185600.0,1461000
S07872,2025-09-18,V1404,D014,C01948,Karnataka,10,62819.0,2106300.0,2400.0,2136000
S07873,2025-11-18,V1327,D019,C00059,Telangana,8,59570.0,572400.0,78000.0,443000
S07874,2023-07-01,V1053,D019,C00047,Tamil Nadu,10,99575.0,1451600.0,145600.0,1112000
S07875,2024-09-03,V1458,D024,C00107,Kerala,7,83938.0,638600.0,16900.0,563000
S07876,2023-08-27,V1067,D021,C01296,West Bengal,9,38649.0,1965300.0,252400.0,1630000
S07877,2023-12-27,V1084,D028,C00767,Tamil Nadu,4,68608.0,406500.0,49300.0,373000
S07878,2024-06-30,V1035,D036,C02316,West Bengal,7,76932.0,1391900.0,58600.0,1256000
S07879,2023-09-01,V1474,D031,C02238,Gujarat,9,58748.0,836100.0,48600.0,822000
S07880,2025-03-17,V1247,D035,C02353,Telangana,8,37022.0,837000.0,71000.0,738000
S07881,2022-10-04,V1118,D011,C01969,Tamil Nadu,9,93751.0,1089900.0,137200.0,961000
S07882,2024-09-03,V1041,D028,C00370,Delhi,8,115964.0,568600.0,45900.0,506000
S07883,2025-12-07,V1206,D006,C00072,Delhi,7,92985.0,1672500.0,264800.0,1471000
S07884,2025-05-26,V1362,D028,C01983,West Bengal,4,79770.0,606200.0,25700.0,558000
S07885,2022-03-08,V1498,D020,C01228,Rajasthan,8,68333.0,2089600.0,134700.0,1961000
S07886,2022-06-16,V1277,D026,C01881,Karnataka,7,132987.0,302300.0,31700.0,243000
S07887,2024-07-07,V1304,D030,C00843,Gujarat,9,57949.0,1309600.0,115100.0,1143000
S07888,2025-09-12,V1418,D010,C00974,Rajasthan,6,63747.0,1175100.0,183500.0,959000
S07889,2025-05-18,V1451,D003,C01436,Gujarat,6,58364.0,1272300.0,38600.0,1332000
S07890,2025-08-13,V1140,D002,C02321,Rajasthan,6,53195.0,1993000.0,87500.0,1730000
S07891,2022-08-07,V1496,D021,C00175,Rajasthan,8,51205.0,1974300.0,143100.0,1914000
S07892,2024-01-29,V1260,D020,C00335,West Bengal,5,6908.0,2309300.0,108900.0,2120000
S07893,2024-11-26,V1466,D036,C02151,Telangana,10,49885.0,527000.0,36300.0,475000
S07894,2024-07-01,V1059,D039,C00294,Rajasthan,8,85289.0,1126400.0,59500.0,1072000
S07895,2025-02-09,V1049,D020,C01880,Maharashtra,8,117255.0,1061800.0,117800.0,1057000
S07896,2022-11-07,V1443,D028,C02104,West Bengal,9,68646.0,2180200.0,161700.0,2044000
S07897,2023-10-30,V1337,D034,C02439,West Bengal,8,96240.0,669800.0,68200.0,620000
S07898,2023-10-17,V1088,D024,C02391,Telangana,6,67038.0,450200.0,8200.0,499000
S07899,2025-10-05,V1448,D006,C00886,Tamil Nadu,8,39587.0,1090900.0,71700.0,980000
S07900,2022-10-24,V1052,D032,C00476,West Bengal,5,82374.0,1971300.0,200100.0,1724000
S07901,2023-04-22,V1342,D014,C01406,Kerala,4,68859.0,1641700.0,101700.0,1684000
S07902,2022-02-02,V1103,D022,C01427,Telangana,7,61800.0,1045000.0,127000.0,892000
S07903,2022-08-10,V1036,D019,C02126,Uttar Pradesh,6,60298.0,1194900.0,14200.0,1199000
S07904,2025-12-04,V1404,D017,C01425,Karnataka,6,43001.0,2056900.0,263100.0,1899000
S07905,2025-05-23,V1424,D018,C00517,Karnataka,9,37883.0,943500.0,60200.0,858000
S07906,2023-01-14,V1053,D029,C02051,Tamil Nadu,7,107130.0,728200.0,59400.0,786000
S07907,2024-10-22,V1047,D038,C00489,Rajasthan,9,85340.0,758300.0,44300.0,652000
S07908,2024-05-16,V1308,D010,C01509,Telangana,8,31343.0,1605900.0,91200.0,1413000
S07909,2025-08-17,V1015,D029,C02231,Delhi,8,113548.0,498400.0,49200.0,453000
S07910,2023-03-15,V1374,D038,C01882,Karnataka,7,57988.0,420500.0,14100.0,437000
S07911,2025-12-23,V1458,D020,C01600,Maharashtra,8,84290.0,1891800.0,85200.0,1957000
S07912,2023-06-26,V1376,D016,C02296,Karnataka,8,32512.0,457000.0,26500.0,396000
S07913,2024-11-13,V1116,D023,C00491,Gujarat,7,35054.0,993700.0,90500.0,858000
S07914,2023-08-05,V1096,D040,C01316,Karnataka,8,93704.0,1319300.0,67100.0,1315000
S07915,2024-09-08,V1341,D036,C02179,West Bengal,7,94040.0,643300.0,18200.0,629000
S07916,2023-05-05,V1031,D017,C01941,Kerala,8,69252.0,764800.0,46100.0,649000
S07917,2025-05-17,V1269,D038,C01017,Kerala,8,101649.0,344100.0,45300.0,243000
S07918,2024-07-20,V1225,D031,C00008,Telangana,8,70343.0,935000.0,110300.0,839000
S07919,2023-02-26,V1373,D017,C00990,Tamil Nadu,10,79352.0,467000.0,37100.0,443000
S07920,2025-11-04,V1102,D009,C01692,Delhi,9,90858.0,1163100.0,106300.0,1114000
S07921,2024-11-02,V1382,D026,C01777,Rajasthan,7,110912.0,963300.0,91400.0,752000
S07922,2023-09-19,V1350,D010,C00967,Maharashtra,7,75987.0,1173100.0,123400.0,1089000
S07923,2022-07-18,V1120,D001,C02169,Telangana,7,58238.0,1196200.0,58200.0,1148000
S07924,2025-11-23,V1179,D014,C01276,Karnataka,7,87744.0,818900.0,16500.0,784000
S07925,2025-01-08,V1034,D038,C00655,Delhi,8,83349.0,1287400.0,41100.0,1429000
S07926,2024-09-02,V1225,D036,C01196,Karnataka,8,81707.0,1267400.0,196300.0,1110000
S07927,2025-05-02,V1131,D023,C01081,Rajasthan,7,56075.0,2223200.0,160700.0,1832000
S07928,2024-06-06,V1057,D038,C01319,West Bengal,5,128435.0,722800.0,131400.0,531000
S07929,2022-12-05,V1280,D038,C01981,Maharashtra,7,63346.0,557800.0,46500.0,515000
S07930,2022-12-13,V1284,D016,C01033,Maharashtra,9,85456.0,282300.0,15600.0,268000
S07931,2022-04-26,V1043,D012,C00434,Karnataka,7,81708.0,1118800.0,99700.0,894000
S07932,2022-04-02,V1093,D001,C00235,Uttar Pradesh,7,113593.0,853500.0,140600.0,767000
S07933,2024-11-30,V1042,D015,C00136,Gujarat,6,125513.0,696800.0,90400.0,619000
S07934,2025-05-29,V1340,D035,C02157,Karnataka,6,59502.0,927800.0,14900.0,946000
S07935,2022-08-28,V1170,D011,C01591,Telangana,8,103230.0,881900.0,66800.0,845000
S07936,2024-04-18,V1036,D004,C00396,Delhi,9,47868.0,1619600.0,39000.0,1564000
S07937,2022-07-01,V1096,D005,C00496,Telangana,8,81024.0,914700.0,77000.0,792000
S07938,2023-08-29,V1488,D028,C00707,Gujarat,6,32243.0,1445000.0,88300.0,1366000
S07939,2025-03-01,V1128,D036,C01087,Delhi,7,52819.0,2019400.0,99500.0,1890000
S07940,2025-04-01,V1343,D005,C01776,Maharashtra,7,58644.0,1800000.0,63200.0,1822000
S07941,2025-10-18,V1235,D007,C01437,Gujarat,7,50297.0,1627600.0,0.0,1578000
S07942,2023-03-30,V1091,D020,C01959,Delhi,10,81790.0,1120100.0,34000.0,1122000
S07943,2025-10-18,V1154,D011,C01753,Karnataka,7,91846.0,594800.0,59000.0,565000
S07944,2025-02-18,V1008,D030,C01708,Telangana,9,96320.0,802600.0,61400.0,821000
S07945,2023-05-10,V1374,D022,C00255,Karnataka,5,57318.0,302500.0,33200.0,290000
S07946,2023-04-25,V1168,D031,C00819,Karnataka,6,83165.0,722400.0,64000.0,667000
S07947,2022-06-07,V1250,D010,C00243,West Bengal,9,38841.0,657000.0,62800.0,517000
S07948,2025-09-07,V1077,D031,C00044,West Bengal,7,91229.0,670900.0,28600.0,634000
S07949,2022-10-25,V1413,D004,C02040,Maharashtra,6,81067.0,1215000.0,169000.0,1026000
S07950,2023-01-27,V1110,D004,C01444,Telangana,7,68529.0,709600.0,97600.0,617000
S07951,2023-08-27,V1284,D040,C02285,Uttar Pradesh,10,83233.0,365400.0,57900.0,282000
S07952,2022-07-20,V1437,D032,C02260,Delhi,7,45864.0,1100900.0,161900.0,834000
S07953,2025-03-23,V1357,D029,C01776,Maharashtra,7,85150.0,445400.0,42600.0,422000
S07954,2024-10-16,V1302,D036,C01404,Kerala,6,81850.0,1591400.0,103500.0,1391000
S07955,2022-08-17,V1445,D024,C01171,Tamil Nadu,6,86719.0,1657500.0,244700.0,1399000
S07956,2022-08-26,V1089,D019,C00041,Rajasthan,9,116530.0,924500.0,218800.0,760000
S07957,2022-02-02,V1482,D026,C01917,Karnataka,9,66896.0,642500.0,22600.0,624000
S07958,2025-10-19,V1279,D032,C01224,Karnataka,7,66738.0,307900.0,31900.0,262000
S07959,2023-09-29,V1205,D029,C00017,Tamil Nadu,8,103311.0,819400.0,37700.0,786000
S07960,2024-08-15,V1128,D007,C02095,Uttar Pradesh,8,43755.0,735300.0,68100.0,631000
S07961,2022-08-08,V1373,D017,C02477,Rajasthan,8,74922.0,522300.0,13500.0,527000
S07962,2022-12-04,V1489,D033,C00209,West Bengal,7,84082.0,890800.0,48300.0,886000
S07963,2024-03-02,V1346,D021,C00242,Kerala,9,83534.0,1370700.0,159600.0,1159000
S07964,2022-11-02,V1017,D002,C00200,West Bengal,9,133329.0,710200.0,63300.0,782000
S07965,2024-06-14,V1235,D009,C01678,Gujarat,5,59052.0,593300.0,49100.0,524000
S07966,2025-09-11,V1367,D034,C02436,Karnataka,7,47301.0,390200.0,16900.0,378000
S07967,2023-03-22,V1199,D023,C01960,Uttar Pradesh,8,57069.0,1893300.0,160400.0,1673000
S07968,2024-06-07,V1387,D008,C00561,Telangana,7,79033.0,1467100.0,146400.0,1439000
S07969,2025-08-30,V1354,D039,C02269,Rajasthan,9,56208.0,1521600.0,176400.0,1318000
S07970,2025-07-29,V1034,D009,C01371,Karnataka,8,83476.0,882300.0,145900.0,757000
S07971,2022-01-12,V1279,D029,C00010,Karnataka,7,70252.0,376800.0,43400.0,373000
S07972,2022-06-11,V1086,D014,C02473,Telangana,9,91751.0,624300.0,42700.0,590000
S07973,2025-12-11,V1244,D027,C01328,West Bengal,6,29886.0,1949400.0,201100.0,1869000
S07974,2025-09-13,V1193,D032,C01429,Uttar Pradesh,9,88053.0,1055500.0,96500.0,973000
S07975,2023-04-16,V1404,D023,C01202,Maharashtra,8,47105.0,2577200.0,0.0,2688000
S07976,2024-01-30,V1435,D030,C01016,Karnataka,7,35500.0,1141500.0,40700.0,1073000
S07977,2024-04-16,V1231,D034,C02183,Tamil Nadu,8,49775.0,950100.0,91600.0,888000
S07978,2024-09-03,V1269,D014,C01931,Maharashtra,8,85813.0,293400.0,54900.0,246000
S07979,2025-01-01,V1314,D026,C01581,Gujarat,8,77285.0,1464900.0,100400.0,1254000
S07980,2023-06-29,V1328,D018,C01000,Gujarat,9,58780.0,2344400.0,148400.0,2054000
S07981,2025-07-24,V1318,D025,C00377,Karnataka,6,82265.0,715700.0,86400.0,596000
S07982,2022-03-28,V1392,D024,C01375,Maharashtra,9,62395.0,1406700.0,105300.0,1312000
S07983,2022-02-17,V1491,D009,C01175,Maharashtra ,8,52026.0,2112600.0,160700.0,2076000
S07984,2025-10-31,V1415,D015,C00277,Karnataka,9,65385.0,965600.0,79700.0,941000
S07985,2022-09-16,V1068,D027,C01379,West Bengal,8,58901.0,806600.0,59900.0,743000
S07986,2025-12-24,V1239,D014,C01729,Karnataka,7,53733.0,1710300.0,168200.0,1472000
S07987,2023-02-22,V1231,D038,C00994,Karnataka,7,57475.0,1655600.0,223300.0,1517000
S07988,2023-06-17,V1255,D022,C00264,Maharashtra,6,58041.0,1415600.0,50700.0,1482000
S07989,2022-02-10,V1265,D003,C01257,Kerala,8,112389.0,264000.0,13700.0,261000
S07990,2025-10-10,V1360,D018,C00014,Delhi,7,48227.0,896400.0,12800.0,943000
S07991,2023-06-09,V1211,D024,C00531,Maharashtra,8,66249.0,2016800.0,157900.0,1869000
S07992,2022-09-03,V1132,D009,C02409,West Bengal,8,49989.0,1549100.0,9800.0,1453000
S07993,2023-12-08,V1229,D038,C02344,Maharashtra,7,86685.0,1170300.0,64900.0,966000
S07994,2022-08-14,V1428,D008,C00561,Gujarat,6,15572.0,1213400.0,47300.0,1225000
S07995,2025-02-27,V1156,D026,C00020,Kerala,10,51813.0,1075400.0,190300.0,934000
S07996,2022-04-17,V1011,D032,C02432,Uttar Pradesh,6,97605.0,808000.0,154200.0,630000
S07997,2023-12-31,V1489,D001,C01910,Telangana,5,96133.0,817700.0,70200.0,807000
S07998,2023-07-26,V1098,D017,C01357,Maharashtra,9,94262.0,550300.0,65200.0,487000
S07999,2022-02-24,V1302,D009,C00351,West Bengal,8,69705.0,1614600.0,248600.0,1388000
S08000,2022-03-18,V1401,D018,C01434,West Bengal,7,79592.0,1189400.0,136500.0,1176000
